student_id,age,study_hours_per_week,attendance_pct,average_grade,assignments_count,sleep_hours_per_night,final_score,passed
STU-0000001,23,6.2,63.7,59.8,14,6.7,47.3,no
STU-0000002,18,4.4,73.7,75.5,5,6.5,62.7,yes
STU-0000003,17,1.0,70.9,80.0,11,5.6,69.1,yes
STU-0000004,24,9.0,70.3,64.2,8,7.2,57.1,no
STU-0000005,19,21.5,100,100,8,7.4,92.6,yes
STU-0000006,19,11.3,67.6,91.5,10,6.8,71.3,yes
STU-0000007,19,12.2,64.4,93.6,5,7.4,73.1,yes
STU-0000008,18,14.3,73.6,80.5,4,7.1,63.6,yes
STU-0000009,24,13.7,68.3,86.1,11,8.5,92.3,yes
STU-0000010,18,16.5,90.2,100,12,8.5,95.5,yes
STU-0000011,23,19.7,65.9,50.9,9,6.4,51.2,no
STU-0000012,24,4.9,82.8,78.5,11,6.9,67.6,yes
STU-0000013,21,9.8,68.1,87.7,10,6.5,79.2,yes
STU-0000014,18,9.4,72.4,81.3,11,6.5,82.4,yes
STU-0000015,22,18.0,80.7,100,4,6.8,82.8,yes
STU-0000016,20,17.1,85.8,100,14,6.1,87.4,yes
STU-0000017,17,12.0,63.5,69.7,11,6.9,66.1,yes
STU-0000018,17,15.7,83.2,100,4,6.8,82.5,yes
STU-0000019,18,4.5,76.3,46.0,4,6.8,56.5,no
STU-0000020,19,1.3,51.8,37.6,11,6.8,42.7,no
STU-0000021,19,9.5,78.6,69.0,7,8.4,71.5,yes
STU-0000022,21,7.5,70.5,69.8,11,5.7,58.1,no
STU-0000023,22,9.3,70.6,100,6,6.4,86.4,yes
STU-0000024,17,23.9,100,100,5,6.4,79.6,yes
STU-0000025,21,8.6,72.3,67.3,6,6.5,61.9,yes
STU-0000026,19,1.0,58.7,30.1,3,6.3,41.6,no
STU-0000027,24,2.6,71.5,48.7,14,7.0,51.9,no
STU-0000028,23,13.9,81.4,81.7,7,7.3,68.8,yes
STU-0000029,24,22.1,74.9,84.9,9,7.3,76.2,yes
STU-0000030,21,2.2,56.1,83.8,4,5.9,68.6,yes
STU-0000031,20,20.8,78.5,100,12,7.2,84.3,yes
STU-0000032,19,9.6,72.5,51.1,9,5.7,55.2,no
STU-0000033,21,2.5,78.9,83.0,14,8.0,76.7,yes
STU-0000034,22,10.1,77.6,76.4,10,6.5,77.5,yes
STU-0000035,19,15.3,97.3,83.9,9,5.5,70.1,yes
STU-0000036,25,4.2,66.9,77.5,14,6.1,51.5,no
STU-0000037,26,17.7,78.3,85.0,12,6.7,66.0,yes
STU-0000038,17,20.5,80.0,100,7,7.5,88.2,yes
STU-0000039,25,18.1,98.7,100,3,8.0,88.9,yes
STU-0000040,25,6.7,90.7,65.3,4,7.8,62.2,yes
STU-0000041,18,16.3,73.7,38.5,13,6.0,43.2,no
STU-0000042,24,17.1,81.9,89.4,8,8.3,88.1,yes
STU-0000043,20,4.0,73.4,79.1,14,7.3,58.4,no
STU-0000044,20,17.0,95.9,100,8,6.2,52.4,no
STU-0000045,19,7.3,77.7,100,13,7.1,79.7,yes
STU-0000046,18,10.0,85.5,100,10,6.7,84.2,yes
STU-0000047,19,19.9,75.8,100,11,7.2,82.5,yes
STU-0000048,25,8.1,87.3,82.6,10,5.9,82.6,yes
STU-0000049,20,15.2,74.6,78.0,12,7.6,67.3,yes
STU-0000050,18,11.8,79.4,93.1,12,6.6,76.0,yes
STU-0000051,18,13.6,82.1,100,10,7.4,86.0,yes
STU-0000052,20,8.1,62.6,74.3,4,6.2,59.8,no
STU-0000053,18,4.1,59.7,71.9,14,7.0,50.2,no
STU-0000054,20,7.7,89.9,83.1,12,8.8,81.7,yes
STU-0000055,26,11.5,57.4,67.5,13,6.2,61.9,yes
STU-0000056,20,7.2,92.1,81.6,4,6.1,75.7,yes
STU-0000057,22,12.4,57.5,63.2,10,6.4,49.7,no
STU-0000058,19,13.9,86.0,100,11,7.1,94.4,yes
STU-0000059,25,10.7,68.1,100,10,8.2,69.8,yes
STU-0000060,17,9.1,82.9,85.8,3,6.8,74.3,yes
STU-0000061,24,17.6,73.3,96.9,8,7.5,78.9,yes
STU-0000062,21,2.0,72.2,76.4,5,7.3,58.8,no
STU-0000063,21,18.4,82.1,100,13,7.9,86.5,yes
STU-0000064,18,1.0,69.1,76.8,10,6.9,53.0,no
STU-0000065,20,9.7,71.2,72.9,10,7.6,60.4,yes
STU-0000066,18,1.0,67.1,78.9,12,8.2,62.1,yes
STU-0000067,21,9.8,91.6,83.7,7,10,81.3,yes
STU-0000068,19,20.9,91.6,100,13,9.6,85.7,yes
STU-0000069,26,18.7,95.7,90.0,7,6.6,90.6,yes
STU-0000070,23,7.1,77.1,73.5,14,7.0,62.9,yes
STU-0000071,22,24.5,100,100,7,8.1,100,yes
STU-0000072,26,24.7,100,100,3,8.3,92.6,yes
STU-0000073,20,8.7,75.5,59.5,11,6.8,57.8,no
STU-0000074,22,21.0,85.8,61.3,11,8.6,71.8,yes
STU-0000075,19,12.2,82.1,53.9,8,6.9,66.0,yes
STU-0000076,24,8.9,76.2,53.8,3,7.1,56.4,no
STU-0000077,18,1.0,80.1,96.4,5,6.3,76.6,yes
STU-0000078,17,19.2,84.2,98.7,4,6.0,82.8,yes
STU-0000079,23,32.2,95.6,100,10,7.5,100,yes
STU-0000080,19,17.1,98.2,98.3,12,5.8,83.5,yes
STU-0000081,25,1.0,57.4,83.7,14,7.5,57.1,no
STU-0000082,19,13.1,92.6,100,4,7.5,76.4,yes
STU-0000083,18,3.8,83.1,74.8,13,7.8,68.7,yes
STU-0000084,26,9.9,64.5,100,4,5.3,58.7,no
STU-0000085,19,4.6,80.6,85.4,7,7.2,81.5,yes
STU-0000086,26,9.0,65.2,99.9,7,7.1,78.2,yes
STU-0000087,18,9.5,75.6,92.7,10,8.0,75.9,yes
STU-0000088,20,22.0,84.2,100,6,7.2,93.6,yes
STU-0000089,19,13.2,61.5,48.1,8,6.3,50.9,no
STU-0000090,21,1.0,75.6,55.0,8,6.1,57.4,no
STU-0000091,23,13.7,74.9,81.3,8,6.9,72.7,yes
STU-0000092,26,20.2,100,100,12,6.4,85.8,yes
STU-0000093,20,9.6,86.4,91.7,7,6.6,83.0,yes
STU-0000094,18,11.6,70.5,82.6,12,7.9,77.7,yes
STU-0000095,20,19.4,93.5,100.0,8,7.8,98.7,yes
STU-0000096,20,8.1,80.8,94.7,3,7.3,83.8,yes
STU-0000097,19,10.0,66.2,69.1,12,6.3,68.1,yes
STU-0000098,23,13.8,66.3,87.0,14,7.1,51.6,no
STU-0000099,19,20.5,71.2,32.7,5,5.4,49.3,no
STU-0000100,24,1.0,55.3,37.7,10,6.0,35.0,no
STU-0000101,23,1.7,52.8,78.9,12,6.4,69.5,yes
STU-0000102,23,11.7,80.3,91.0,4,6.7,78.6,yes
STU-0000103,18,10.6,82.3,100,8,7.6,87.5,yes
STU-0000104,22,10.7,84.2,89.8,10,7.9,80.7,yes
STU-0000105,23,7.9,78.7,100,4,7.4,79.3,yes
STU-0000106,18,3.0,72.4,76.5,7,6.5,67.9,yes
STU-0000107,21,1.0,63.8,53.4,11,8.2,55.5,no
STU-0000108,24,7.3,57.8,87.8,13,6.0,69.5,yes
STU-0000109,19,20.3,97.6,100,11,6.3,85.8,yes
STU-0000110,18,17.2,100,100,10,5.6,85.6,yes
STU-0000111,21,8.3,66.7,84.7,5,6.9,64.5,yes
STU-0000112,20,34.3,100,100,7,7.6,92.3,yes
STU-0000113,19,3.4,68.4,72.1,10,7.7,69.9,yes
STU-0000114,23,1.0,70.1,55.1,4,7.6,51.6,no
STU-0000115,24,11.2,73.0,80.5,5,7.3,69.5,yes
STU-0000116,21,1.0,71.0,55.4,13,7.7,56.5,no
STU-0000117,19,11.8,83.6,85.6,9,6.3,88.5,yes
STU-0000118,23,3.6,63.8,62.1,13,6.9,56.2,no
STU-0000119,20,18.2,81.0,92.7,11,6.9,85.5,yes
STU-0000120,26,27.3,100,100,14,6.2,95.2,yes
STU-0000121,25,3.8,64.4,94.3,12,6.8,59.9,no
STU-0000122,25,16.0,100,100,6,8.5,100,yes
STU-0000123,17,9.0,69.4,94.9,4,7.1,72.4,yes
STU-0000124,19,19.7,86.5,100,10,5.5,83.0,yes
STU-0000125,26,16.7,75.7,94.1,12,6.9,69.0,yes
STU-0000126,17,10.2,86.7,94.5,11,6.4,75.1,yes
STU-0000127,25,9.3,55.0,60.1,11,6.5,57.9,no
STU-0000128,20,7.7,83.4,100,12,6.0,71.0,yes
STU-0000129,20,18.3,83.5,68.9,8,7.1,71.8,yes
STU-0000130,19,6.7,81.5,89.6,12,6.3,67.1,yes
STU-0000131,18,11.3,58.9,32.7,9,5.7,44.9,no
STU-0000132,19,17.6,54.0,81.6,8,6.0,57.3,no
STU-0000133,22,8.1,55.4,70.6,7,5.6,43.5,no
STU-0000134,24,4.0,59.9,56.4,8,6.9,62.3,yes
STU-0000135,20,21.9,78.3,89.6,11,8.2,81.8,yes
STU-0000136,19,13.5,65.9,59.0,3,7.0,50.6,no
STU-0000137,23,9.9,73.6,83.5,4,8.2,80.9,yes
STU-0000138,21,18.1,86.4,100,14,9.3,94.0,yes
STU-0000139,20,18.8,100,97.0,5,8.4,88.7,yes
STU-0000140,23,8.2,69.1,93.4,13,7.8,81.3,yes
STU-0000141,21,12.8,92.5,86.7,7,8.5,83.4,yes
STU-0000142,18,5.8,54.8,64.3,7,5.4,55.0,no
STU-0000143,19,16.1,77.3,33.5,10,5.9,41.5,no
STU-0000144,18,9.4,62.1,41.6,11,5.1,37.5,no
STU-0000145,19,13.3,62.3,94.7,11,6.0,72.5,yes
STU-0000146,24,17.6,87.0,38.7,10,8.9,73.6,yes
STU-0000147,21,1.0,84.3,66.6,11,7.3,64.0,yes
STU-0000148,21,15.0,69.9,72.6,5,8.1,78.9,yes
STU-0000149,19,8.0,77.5,88.7,3,5.7,63.3,yes
STU-0000150,24,36.1,94.9,100,12,6.1,96.6,yes
STU-0000151,22,17.6,68.0,100.0,14,6.8,89.4,yes
STU-0000152,20,9.3,71.9,67.5,10,6.5,65.6,yes
STU-0000153,22,10.5,82.5,62.6,8,6.2,63.4,yes
STU-0000154,20,13.3,100,68.1,6,9.7,82.0,yes
STU-0000155,20,8.7,87.5,100,11,7.8,87.9,yes
STU-0000156,19,9.0,62.4,31.0,14,6.1,47.5,no
STU-0000157,18,4.6,63.0,49.5,14,6.5,48.6,no
STU-0000158,21,7.0,60.2,37.7,13,7.0,53.1,no
STU-0000159,21,14.2,70.8,100,11,7.0,91.7,yes
STU-0000160,18,15.0,87.0,95.2,6,7.3,81.5,yes
STU-0000161,25,22.2,86.3,92.5,4,6.3,67.9,yes
STU-0000162,17,4.1,77.6,100,4,7.4,73.3,yes
STU-0000163,26,1.0,53.6,39.1,13,5.8,42.0,no
STU-0000164,18,15.6,74.6,100,5,6.6,75.8,yes
STU-0000165,18,1.0,59.2,79.2,8,8.5,65.2,yes
STU-0000166,23,12.1,61.9,56.3,13,7.5,56.7,no
STU-0000167,18,4.6,82.0,57.7,11,7.5,75.0,yes
STU-0000168,25,9.7,83.4,53.5,4,5.6,49.7,no
STU-0000169,23,7.5,75.6,54.8,9,7.7,63.6,yes
STU-0000170,20,12.8,56.4,70.6,7,5.5,53.6,no
STU-0000171,22,11.3,67.5,51.8,5,6.7,51.3,no
STU-0000172,18,11.5,92.5,98.2,6,8.0,91.6,yes
STU-0000173,20,6.1,71.9,63.8,3,8.5,73.9,yes
STU-0000174,20,10.5,82.8,91.9,9,6.2,77.6,yes
STU-0000175,22,6.2,71.1,61.7,10,6.4,62.7,yes
STU-0000176,21,18.7,87.9,100,6,7.2,81.5,yes
STU-0000177,21,10.7,68.8,80.3,5,6.1,61.1,yes
STU-0000178,19,22.3,95.6,100,6,7.4,97.0,yes
STU-0000179,21,6.4,60.6,57.9,6,8.5,53.2,no
STU-0000180,26,6.6,71.9,62.5,7,6.4,62.6,yes
STU-0000181,17,10.8,67.1,71.1,9,7.2,63.0,yes
STU-0000182,23,4.1,83.8,86.6,11,6.5,65.1,yes
STU-0000183,24,1.0,72.8,70.1,7,6.4,62.0,yes
STU-0000184,18,8.6,100,66.2,13,6.1,69.2,yes
STU-0000185,23,16.5,61.0,100,12,6.1,79.1,yes
STU-0000186,21,17.5,78.7,77.1,7,6.4,71.4,yes
STU-0000187,25,10.0,69.8,100,5,6.8,81.1,yes
STU-0000188,19,11.9,52.5,66.4,4,6.7,54.5,no
STU-0000189,25,10.8,65.2,99.8,13,6.7,73.0,yes
STU-0000190,23,10.2,82.0,95.7,8,7.1,43.3,no
STU-0000191,20,6.2,70.5,20.3,5,8.8,44.7,no
STU-0000192,18,11.4,91.8,97.4,9,7.7,86.0,yes
STU-0000193,19,12.4,100,100,9,7.7,93.9,yes
STU-0000194,20,6.2,84.1,79.9,4,8.8,79.9,yes
STU-0000195,18,1.8,76.0,65.9,4,7.7,62.8,yes
STU-0000196,21,5.6,74.6,90.0,6,5.8,71.2,yes
STU-0000197,17,13.8,72.0,88.0,11,7.3,79.6,yes
STU-0000198,24,4.7,56.3,63.6,3,6.3,47.0,no
STU-0000199,24,14.1,70.6,66.9,12,7.1,66.8,yes
STU-0000200,19,3.2,53.6,42.8,9,5.9,22.4,no
STU-0000201,21,10.5,73.8,56.6,14,8.6,66.8,yes
STU-0000202,25,11.8,85.4,93.5,10,7.4,69.1,yes
STU-0000203,18,10.5,94.8,88.2,3,7.5,68.6,yes
STU-0000204,21,9.3,89.1,94.3,4,7.9,84.6,yes
STU-0000205,18,19.3,100,100,7,7.8,90.2,yes
STU-0000206,26,9.8,46.9,70.9,6,5.5,55.3,no
STU-0000207,23,25.1,62.3,77.7,9,7.2,86.1,yes
STU-0000208,19,10.4,78.5,95.8,5,5.6,78.2,yes
STU-0000209,26,1.6,60.0,91.7,8,6.7,64.1,yes
STU-0000210,23,9.2,69.1,83.5,7,6.9,65.5,yes
STU-0000211,21,25.9,92.6,100,8,7.6,100,yes
STU-0000212,22,12.4,82.5,90.0,3,7.7,75.3,yes
STU-0000213,19,9.1,80.7,76.0,4,5.4,78.2,yes
STU-0000214,18,10.5,78.9,96.2,5,6.6,72.4,yes
STU-0000215,20,6.5,76.5,65.4,9,5.1,52.5,no
STU-0000216,25,5.1,60.8,54.2,6,5.8,47.3,no
STU-0000217,18,22.8,100,100,6,7.6,96.4,yes
STU-0000218,21,7.4,77.2,100,12,6.5,76.5,yes
STU-0000219,25,9.7,79.5,71.4,11,8.1,75.8,yes
STU-0000220,21,20.8,87.6,100,11,8.2,89.7,yes
STU-0000221,17,23.5,85.6,100,10,9.1,96.5,yes
STU-0000222,22,18.8,92.0,93.2,14,4.8,78.5,yes
STU-0000223,20,10.8,71.1,100,5,7.6,91.9,yes
STU-0000224,21,19.2,78.3,80.1,8,7.1,83.0,yes
STU-0000225,17,5.0,80.7,82.3,10,6.6,54.7,no
STU-0000226,18,13.4,75.7,92.9,4,8.5,76.7,yes
STU-0000227,20,8.8,63.7,63.5,9,5.6,55.9,no
STU-0000228,26,18.1,90.8,100,13,7.1,96.4,yes
STU-0000229,25,2.3,66.6,66.5,7,7.9,62.2,yes
STU-0000230,19,9.0,67.1,93.5,12,8.1,74.7,yes
STU-0000231,19,17.4,100,97.7,11,6.6,95.5,yes
STU-0000232,17,9.9,67.8,76.2,13,7.1,64.9,yes
STU-0000233,19,5.9,82.8,88.1,9,6.9,76.7,yes
STU-0000234,22,13.0,98.0,87.8,5,8.0,82.9,yes
STU-0000235,18,24.4,100,100,3,7.0,86.9,yes
STU-0000236,18,14.9,81.9,70.3,12,7.5,63.2,yes
STU-0000237,24,10.3,66.0,86.9,11,5.8,70.8,yes
STU-0000238,21,20.9,82.7,100,10,7.2,88.7,yes
STU-0000239,26,6.5,65.9,92.0,7,6.2,55.7,no
STU-0000240,18,2.2,63.0,36.0,13,7.3,40.2,no
STU-0000241,25,7.1,77.6,68.6,10,7.1,80.8,yes
STU-0000242,21,4.0,63.6,80.5,8,6.0,71.6,yes
STU-0000243,25,20.3,100,100,12,8.2,91.1,yes
STU-0000244,18,1.0,35,68.7,14,5.3,36.4,no
STU-0000245,18,18.8,73.7,93.7,5,6.3,83.3,yes
STU-0000246,23,8.4,68.9,80.2,13,7.1,64.3,yes
STU-0000247,21,24.0,90.0,100,6,7.0,93.1,yes
STU-0000248,21,17.6,92.5,71.1,6,8.0,78.6,yes
STU-0000249,18,10.3,89.7,81.1,3,5.0,43.3,no
STU-0000250,19,11.4,57.7,39.4,7,6.8,59.1,no
STU-0000251,21,9.8,63.7,74.2,9,6.3,64.6,yes
STU-0000252,26,1.8,70.8,49.6,3,6.4,40.6,no
STU-0000253,22,8.4,84.6,69.1,4,6.8,58.9,no
STU-0000254,20,16.5,75.7,84.4,6,6.3,74.2,yes
STU-0000255,19,4.2,74.6,38.0,14,7.9,56.4,no
STU-0000256,21,10.0,84.7,79.9,5,7.5,77.9,yes
STU-0000257,25,3.6,46.3,65.7,7,5.9,52.3,no
STU-0000258,24,9.9,82.7,85.2,12,7.5,77.5,yes
STU-0000259,24,19.2,98.2,100,9,7.7,82.3,yes
STU-0000260,19,12.9,83.2,82.4,12,7.5,70.3,yes
STU-0000261,24,8.9,71.6,67.6,5,7.2,65.0,yes
STU-0000262,19,11.7,56.2,79.2,13,7.8,66.9,yes
STU-0000263,20,2.8,51.8,42.8,6,7.8,42.8,no
STU-0000264,23,10.3,90.3,100,11,7.6,88.4,yes
STU-0000265,23,12.9,61.9,52.0,9,6.7,64.4,yes
STU-0000266,20,2.2,45.8,57.8,11,6.5,47.5,no
STU-0000267,21,1.0,80.0,60.9,8,8.4,60.7,yes
STU-0000268,21,9.9,88.1,100,7,6.9,74.9,yes
STU-0000269,21,12.8,70.1,82.9,14,6.5,74.8,yes
STU-0000270,18,1.0,73.9,89.9,7,6.9,73.8,yes
STU-0000271,19,21.5,98.5,100,5,7.1,92.9,yes
STU-0000272,19,12.8,70.9,68.2,14,6.7,74.8,yes
STU-0000273,18,18.2,64.6,69.3,10,6.3,57.6,no
STU-0000274,20,10.5,83.9,90.3,5,7.3,83.5,yes
STU-0000275,17,14.2,85.5,100,8,6.1,83.7,yes
STU-0000276,22,1.0,69.1,76.9,5,6.3,65.2,yes
STU-0000277,21,1.0,81.2,44.4,13,6.8,45.4,no
STU-0000278,19,4.5,65.3,87.6,8,5.8,73.6,yes
STU-0000279,22,7.9,69.8,91.7,13,7.6,85.8,yes
STU-0000280,19,7.7,58.7,60.3,4,7.8,62.7,yes
STU-0000281,17,11.4,100,100,4,6.7,94.0,yes
STU-0000282,18,5.7,62.4,73.4,10,7.4,59.8,no
STU-0000283,24,1.0,64.9,88.9,11,6.4,65.2,yes
STU-0000284,23,3.5,60.9,37.1,4,9.3,53.4,no
STU-0000285,17,14.6,87.7,100,5,8.2,83.4,yes
STU-0000286,19,1.0,79.6,68.7,5,5.7,65.6,yes
STU-0000287,18,6.8,58.6,41.6,12,8.2,60.5,yes
STU-0000288,17,5.8,66.1,64.9,7,7.6,55.7,no
STU-0000289,26,9.9,90.8,78.5,9,6.9,69.6,yes
STU-0000290,20,4.8,72.3,55.6,14,6.4,54.8,no
STU-0000291,18,25.6,100,100,10,7.8,93.0,yes
STU-0000292,21,12.2,89.4,84.9,4,5.8,73.4,yes
STU-0000293,19,10.4,75.7,38.1,5,7.9,50.3,no
STU-0000294,19,1.0,67.1,71.1,6,7.6,63.7,yes
STU-0000295,23,16.0,72.4,80.9,13,6.7,68.5,yes
STU-0000296,21,1.0,78.2,79.1,5,6.3,62.3,yes
STU-0000297,19,22.0,76.4,92.8,5,9.3,80.0,yes
STU-0000298,21,15.0,71.7,77.6,13,6.4,71.6,yes
STU-0000299,18,2.5,74.4,65.0,14,7.3,68.0,yes
STU-0000300,24,12.4,77.2,62.9,11,6.9,60.7,yes
STU-0000301,22,10.7,80.7,89.7,9,7.5,86.1,yes
STU-0000302,22,23.3,97.5,100,14,8.2,85.1,yes
STU-0000303,21,9.5,84.1,100,5,7.3,75.3,yes
STU-0000304,19,8.8,74.7,60.5,5,6.5,50.7,no
STU-0000305,25,2.9,77.8,69.9,3,5.1,50.3,no
STU-0000306,21,16.3,82.1,100,14,8.2,87.2,yes
STU-0000307,25,6.0,77.9,98.4,4,6.8,76.9,yes
STU-0000308,20,10.0,80.8,100,8,6.1,77.9,yes
STU-0000309,19,1.0,63.5,48.2,8,7.3,48.4,no
STU-0000310,18,12.6,72.5,100,12,8.2,80.2,yes
STU-0000311,18,11.5,91.4,100,12,6.5,82.4,yes
STU-0000312,23,21.8,86.7,100,12,5.1,80.5,yes
STU-0000313,20,17.1,75.0,100,11,6.3,52.6,no
STU-0000314,20,7.7,73.6,60.2,7,6.5,53.2,no
STU-0000315,20,14.9,86.0,94.2,4,6.5,93.0,yes
STU-0000316,20,17.6,100,89.5,8,7.5,84.1,yes
STU-0000317,21,3.0,76.7,82.8,8,7.7,66.4,yes
STU-0000318,26,2.9,73.9,100,7,6.7,62.5,yes
STU-0000319,24,9.4,75.2,73.0,8,6.3,62.3,yes
STU-0000320,17,2.9,64.5,83.0,8,5.9,72.7,yes
STU-0000321,23,15.0,80.8,80.2,9,7.5,76.1,yes
STU-0000322,23,19.2,84.0,100,5,7.3,97.8,yes
STU-0000323,23,1.0,67.0,77.6,14,6.2,52.8,no
STU-0000324,18,11.9,71.8,98.2,9,6.8,67.9,yes
STU-0000325,17,17.2,89.5,100,3,6.3,89.4,yes
STU-0000326,20,5.3,84.6,100,4,7.1,74.3,yes
STU-0000327,24,1.0,43.1,43.2,5,5.2,37.5,no
STU-0000328,20,17.3,91.7,100,3,7.0,67.6,yes
STU-0000329,25,16.7,92.1,77.1,9,6.2,74.7,yes
STU-0000330,26,12.0,81.4,100,6,7.3,90.7,yes
STU-0000331,18,11.6,75.5,77.6,3,7.6,74.9,yes
STU-0000332,19,2.8,64.4,74.0,12,6.7,59.0,no
STU-0000333,19,20.4,89.7,100,8,6.1,89.2,yes
STU-0000334,19,16.1,83.8,100,14,6.7,90.2,yes
STU-0000335,21,1.0,61.0,77.1,7,7.5,69.0,yes
STU-0000336,21,10.9,71.2,58.5,6,5.9,53.7,no
STU-0000337,18,10.8,61.4,61.5,3,6.0,56.3,no
STU-0000338,20,14.8,88.0,100,4,7.2,73.5,yes
STU-0000339,18,5.8,73.6,91.3,7,7.8,62.7,yes
STU-0000340,19,5.4,77.0,79.0,14,7.7,76.2,yes
STU-0000341,21,5.9,77.8,83.3,8,7.7,73.4,yes
STU-0000342,19,13.6,87.3,97.3,3,8.6,86.2,yes
STU-0000343,26,29.1,89.5,100,14,6.9,98.2,yes
STU-0000344,18,17.5,76.1,99.4,12,8.5,77.7,yes
STU-0000345,21,6.4,73.2,54.5,7,6.2,57.5,no
STU-0000346,25,8.9,90.0,94.3,3,8.8,91.4,yes
STU-0000347,26,1.0,54.2,33.2,11,7.1,39.9,no
STU-0000348,26,7.6,69.0,57.5,12,8.0,73.1,yes
STU-0000349,21,14.9,81.1,58.5,3,7.8,62.9,yes
STU-0000350,18,1.0,59.0,31.8,14,6.7,36.9,no
STU-0000351,17,8.0,79.8,71.5,7,5.7,53.9,no
STU-0000352,23,12.2,87.0,100,10,8.2,99.2,yes
STU-0000353,21,10.1,72.3,100,9,5.7,78.6,yes
STU-0000354,26,9.8,80.9,79.4,10,7.5,80.0,yes
STU-0000355,17,12.2,77.6,82.4,3,7.2,80.6,yes
STU-0000356,18,17.2,85.3,100,9,8.3,88.9,yes
STU-0000357,25,1.0,58.9,55.9,11,7.1,48.3,no
STU-0000358,26,8.5,69.7,69.6,3,7.7,69.6,yes
STU-0000359,19,1.0,67.6,62.6,5,6.1,62.9,yes
STU-0000360,18,5.7,60.0,56.2,10,7.1,59.5,no
STU-0000361,20,27.0,82.1,100,10,6.0,78.2,yes
STU-0000362,21,14.8,92.6,94.1,14,7.0,82.2,yes
STU-0000363,21,15.7,95.3,72.1,13,8.4,78.6,yes
STU-0000364,19,6.3,83.3,100,4,8.2,80.0,yes
STU-0000365,26,13.6,73.3,74.2,6,7.8,76.8,yes
STU-0000366,20,3.7,87.6,100,11,7.7,82.9,yes
STU-0000367,17,10.2,63.3,88.8,3,8.1,77.6,yes
STU-0000368,18,10.5,80.2,88.3,3,6.5,69.0,yes
STU-0000369,20,10.4,66.1,78.5,6,5.7,65.7,yes
STU-0000370,17,1.0,62.9,42.6,11,7.2,51.4,no
STU-0000371,20,11.1,76.8,79.2,7,7.2,57.0,no
STU-0000372,19,1.7,80.7,66.8,9,6.7,60.9,yes
STU-0000373,25,1.0,68.5,35.0,12,7.2,40.4,no
STU-0000374,25,6.7,93.1,86.1,7,7.1,77.2,yes
STU-0000375,21,13.0,69.9,90.0,8,6.3,75.6,yes
STU-0000376,19,5.0,91.5,78.4,3,7.0,78.4,yes
STU-0000377,20,1.0,45.1,54.8,7,6.8,43.9,no
STU-0000378,24,10.4,91.4,100,4,7.1,82.9,yes
STU-0000379,24,10.0,69.4,100,3,6.4,80.2,yes
STU-0000380,25,24.0,100,100,6,7.1,93.1,yes
STU-0000381,21,10.8,77.5,71.3,11,6.9,68.7,yes
STU-0000382,23,6.7,72.1,72.9,4,6.5,71.0,yes
STU-0000383,24,12.7,64.9,48.2,5,7.5,50.4,no
STU-0000384,21,4.3,70.3,81.5,4,7.1,75.8,yes
STU-0000385,18,19.5,87.0,99.7,6,8.8,98.3,yes
STU-0000386,19,13.6,89.8,100,10,7.6,85.2,yes
STU-0000387,19,3.9,77.6,98.5,11,6.8,73.9,yes
STU-0000388,19,1.0,55.6,51.3,14,5.4,40.0,no
STU-0000389,17,18.6,94.3,100,12,8.6,98.8,yes
STU-0000390,22,19.2,82.1,76.5,9,6.8,71.3,yes
STU-0000391,24,2.8,90.2,100,4,6.5,100,yes
STU-0000392,21,15.4,87.7,100,9,6.8,89.0,yes
STU-0000393,17,3.4,54.5,20,9,6.7,17.5,no
STU-0000394,24,4.0,76.1,100,9,6.0,68.7,yes
STU-0000395,20,8.2,97.8,100,7,7.2,84.4,yes
STU-0000396,17,18.1,85.3,85.3,7,8.6,88.1,yes
STU-0000397,17,15.1,73.1,100,3,7.5,78.6,yes
STU-0000398,22,7.4,82.1,84.0,7,6.9,73.5,yes
STU-0000399,21,1.0,57.5,38.2,11,7.0,51.4,no
STU-0000400,21,22.0,93.7,100,11,7.2,100,yes
STU-0000401,26,4.9,71.2,77.5,13,8.0,62.4,yes
STU-0000402,21,18.8,90.9,100,11,9.2,97.5,yes
STU-0000403,18,9.0,85.8,100,9,7.2,82.2,yes
STU-0000404,17,10.8,94.2,100,13,7.6,64.9,yes
STU-0000405,21,18.8,82.3,81.8,3,7.6,77.0,yes
STU-0000406,18,1.6,66.1,50.2,5,6.7,53.0,no
STU-0000407,26,20.5,100,100,8,7.1,96.1,yes
STU-0000408,18,29.5,100,100,13,8.4,100,yes
STU-0000409,18,10.4,74.9,79.7,10,7.1,70.7,yes
STU-0000410,22,1.0,75.1,87.4,4,8.9,69.0,yes
STU-0000411,18,1.0,64.3,29.0,13,7.3,47.3,no
STU-0000412,23,16.5,88.1,100,13,7.7,91.6,yes
STU-0000413,26,5.2,54.3,83.9,10,6.8,60.9,yes
STU-0000414,19,16.7,99.5,100,6,8.5,88.2,yes
STU-0000415,20,15.9,77.1,88.8,7,7.6,81.2,yes
STU-0000416,18,22.9,100,100,14,6.4,89.3,yes
STU-0000417,22,8.7,70.6,88.9,5,7.3,71.2,yes
STU-0000418,19,1.7,69.7,58.3,3,5.4,41.5,no
STU-0000419,22,13.5,98.9,100,3,6.1,82.9,yes
STU-0000420,22,16.8,100,100,11,7.3,92.2,yes
STU-0000421,17,1.0,53.1,68.5,3,5.2,57.2,no
STU-0000422,22,15.8,88.1,94.5,12,7.4,94.0,yes
STU-0000423,18,7.9,63.9,87.8,10,6.7,72.1,yes
STU-0000424,20,4.7,72.0,89.2,12,6.9,65.9,yes
STU-0000425,23,6.4,87.9,100,4,6.9,79.9,yes
STU-0000426,22,25.1,77.0,100,5,7.6,94.5,yes
STU-0000427,22,15.9,100,100,4,8.6,96.8,yes
STU-0000428,21,24.3,92.9,100,12,8.3,83.1,yes
STU-0000429,20,10.7,84.4,100,4,6.8,79.2,yes
STU-0000430,19,16.4,62.6,86.7,11,6.4,75.8,yes
STU-0000431,19,12.2,85.9,70.6,6,5.8,67.0,yes
STU-0000432,23,9.7,67.3,55.5,10,6.3,46.8,no
STU-0000433,24,11.4,76.7,62.8,4,8.5,71.1,yes
STU-0000434,20,16.6,94.1,100,5,6.3,60.3,yes
STU-0000435,19,6.4,69.6,69.8,8,6.4,49.5,no
STU-0000436,19,23.7,88.0,100,5,6.7,84.5,yes
STU-0000437,20,1.0,57.4,45.7,6,6.8,49.3,no
STU-0000438,18,11.9,62.7,79.0,5,7.1,67.1,yes
STU-0000439,23,26.6,100,100,12,6.4,97.7,yes
STU-0000440,23,3.7,89.7,82.8,8,7.3,74.6,yes
STU-0000441,19,8.0,71.2,73.0,8,7.1,72.9,yes
STU-0000442,21,12.1,88.5,99.0,10,6.4,90.3,yes
STU-0000443,20,24.3,100,99.5,7,5.6,88.9,yes
STU-0000444,25,1.0,60.6,40.9,5,6.9,41.2,no
STU-0000445,18,3.9,59.6,72.9,13,5.4,54.1,no
STU-0000446,17,8.0,94.9,100,12,7.3,82.8,yes
STU-0000447,21,13.5,79.0,100,10,7.6,89.2,yes
STU-0000448,22,13.0,91.9,80.4,4,7.9,90.1,yes
STU-0000449,22,1.0,64.5,51.4,5,8.1,54.7,no
STU-0000450,18,11.4,84.5,100,4,7.9,86.5,yes
STU-0000451,18,16.7,76.7,86.0,8,8.0,84.3,yes
STU-0000452,21,8.4,81.5,100,6,7.5,85.7,yes
STU-0000453,19,1.6,77.8,65.1,8,6.3,53.2,no
STU-0000454,21,1.0,74.1,74.2,5,5.2,60.5,yes
STU-0000455,19,15.9,65.7,62.9,5,7.3,65.0,yes
STU-0000456,18,15.8,79.7,82.2,4,7.4,74.0,yes
STU-0000457,20,15.7,81.2,93.6,4,5.4,72.3,yes
STU-0000458,18,14.8,79.8,82.7,4,7.7,80.6,yes
STU-0000459,19,5.5,82.5,49.5,14,6.5,49.7,no
STU-0000460,20,10.8,75.3,100,10,6.8,80.7,yes
STU-0000461,19,11.7,71.3,100,12,6.0,71.9,yes
STU-0000462,18,4.2,64.1,64.9,3,6.9,61.7,yes
STU-0000463,21,23.4,97.0,100,5,8.7,93.2,yes
STU-0000464,26,5.2,80.8,79.8,10,5.8,61.2,yes
STU-0000465,21,19.7,88.1,100,13,8.0,88.6,yes
STU-0000466,24,17.1,85.7,82.9,3,8.5,86.2,yes
STU-0000467,19,12.2,69.2,67.9,8,6.7,53.8,no
STU-0000468,22,11.7,86.2,100,4,6.6,88.1,yes
STU-0000469,25,6.2,73.0,92.0,8,6.7,82.8,yes
STU-0000470,23,10.8,72.4,100,11,7.2,81.1,yes
STU-0000471,21,16.5,93.4,100,13,7.3,83.5,yes
STU-0000472,17,23.4,86.3,100,8,8.4,89.4,yes
STU-0000473,23,1.0,65.5,43.2,3,7.0,50.3,no
STU-0000474,26,13.3,85.3,84.3,3,8.9,77.2,yes
STU-0000475,21,1.0,80.2,77.0,11,6.2,63.8,yes
STU-0000476,19,9.6,81.2,100,14,8.0,86.6,yes
STU-0000477,23,2.0,90.4,78.8,4,7.7,77.5,yes
STU-0000478,18,18.3,100,100,13,10,95.1,yes
STU-0000479,18,1.0,52.2,88.5,6,7.8,66.6,yes
STU-0000480,19,15.9,88.3,100,13,8.8,78.6,yes
STU-0000481,18,5.9,70.1,100,5,6.9,64.7,yes
STU-0000482,18,8.2,61.8,59.4,13,6.3,64.8,yes
STU-0000483,24,11.6,67.6,64.8,10,6.7,63.3,yes
STU-0000484,21,13.4,74.3,92.8,3,7.0,69.2,yes
STU-0000485,18,17.3,91.7,100,4,8.4,93.7,yes
STU-0000486,19,11.7,74.7,59.8,7,6.6,54.7,no
STU-0000487,19,8.2,70.4,87.6,7,7.7,72.6,yes
STU-0000488,22,20.4,88.8,100,9,7.5,91.8,yes
STU-0000489,19,20.6,69.6,100,14,7.2,82.9,yes
STU-0000490,24,9.1,80.0,88.3,10,7.2,84.8,yes
STU-0000491,20,10.8,85.0,100,7,7.4,91.1,yes
STU-0000492,19,11.6,65.4,100,10,6.7,76.7,yes
STU-0000493,23,1.0,49.9,64.7,5,7.1,46.7,no
STU-0000494,23,3.7,57.0,36.4,13,6.9,42.1,no
STU-0000495,26,22.8,65.9,55.0,7,7.2,59.9,no
STU-0000496,19,11.3,57.7,87.6,8,6.7,68.1,yes
STU-0000497,21,8.4,72.7,86.7,9,8.1,69.4,yes
STU-0000498,21,1.0,69.9,56.8,11,6.7,56.2,no
STU-0000499,19,21.4,84.5,100,13,8.2,89.7,yes
STU-0000500,26,9.7,71.6,98.8,11,6.2,72.1,yes
STU-0000501,17,10.1,75.7,57.6,12,7.7,66.6,yes
STU-0000502,18,10.7,50.8,66.9,5,6.1,34.0,no
STU-0000503,23,19.9,87.9,87.7,7,7.6,86.3,yes
STU-0000504,20,11.9,80.6,75.5,13,7.3,68.4,yes
STU-0000505,26,3.7,53.8,78.0,3,6.5,60.7,yes
STU-0000506,19,13.6,95.0,83.2,11,8.7,83.2,yes
STU-0000507,17,19.5,68.7,100,12,7.7,70.7,yes
STU-0000508,17,19.9,78.1,100,6,6.4,78.1,yes
STU-0000509,20,3.2,71.0,85.3,13,7.4,72.4,yes
STU-0000510,25,15.1,95.0,100,10,7.6,90.6,yes
STU-0000511,18,6.6,57.5,60.1,9,6.1,41.1,no
STU-0000512,23,13.8,43.2,58.4,10,6.8,46.3,no
STU-0000513,19,13.3,66.7,78.3,6,7.5,70.8,yes
STU-0000514,18,16.4,92.4,81.6,3,8.2,76.8,yes
STU-0000515,24,17.8,52.6,76.6,9,5.4,68.8,yes
STU-0000516,21,14.8,81.2,99.2,5,7.0,81.7,yes
STU-0000517,21,13.5,90.3,100,9,6.5,84.4,yes
STU-0000518,24,17.3,84.2,90.0,11,7.1,90.7,yes
STU-0000519,20,19.0,74.9,100,14,8.9,83.0,yes
STU-0000520,21,18.4,96.2,100,7,8.3,95.3,yes
STU-0000521,17,2.7,82.1,70.9,14,6.4,65.4,yes
STU-0000522,18,7.0,65.1,39.5,14,6.7,36.6,no
STU-0000523,18,1.0,77.4,75.6,11,6.4,49.8,no
STU-0000524,24,14.3,81.4,57.5,10,7.9,64.8,yes
STU-0000525,18,2.4,45.7,61.9,12,6.6,54.0,no
STU-0000526,21,10.3,97.5,95.7,7,7.7,85.8,yes
STU-0000527,17,9.5,82.5,63.9,9,6.5,57.2,no
STU-0000528,26,8.9,84.7,100.0,6,6.9,75.5,yes
STU-0000529,20,14.7,87.3,100,7,8.2,87.0,yes
STU-0000530,22,12.0,63.2,82.1,5,6.1,57.1,no
STU-0000531,21,10.0,70.5,76.2,3,7.4,83.2,yes
STU-0000532,18,23.3,78.5,91.9,13,7.5,90.8,yes
STU-0000533,20,3.0,53.9,42.1,12,7.1,64.2,yes
STU-0000534,18,3.9,77.6,80.3,5,6.8,64.7,yes
STU-0000535,17,14.6,79.6,100,11,7.2,83.9,yes
STU-0000536,19,1.7,59.5,63.5,13,6.2,57.9,no
STU-0000537,20,19.1,87.6,100,8,6.6,85.1,yes
STU-0000538,25,14.2,83.0,100,3,7.5,92.2,yes
STU-0000539,26,2.8,80.4,55.9,11,8.2,75.4,yes
STU-0000540,17,16.4,80.2,100,7,7.4,77.8,yes
STU-0000541,20,14.5,83.9,100,14,7.6,91.2,yes
STU-0000542,19,2.0,69.7,83.6,4,7.0,62.3,yes
STU-0000543,23,26.0,82.9,100,13,8.5,85.2,yes
STU-0000544,19,10.3,64.9,71.7,10,6.0,59.7,no
STU-0000545,23,14.8,91.0,68.6,3,8.5,78.2,yes
STU-0000546,18,18.3,88.2,100,8,7.3,85.3,yes
STU-0000547,20,10.4,84.7,94.0,4,7.3,76.0,yes
STU-0000548,25,14.9,83.1,84.6,4,6.5,82.1,yes
STU-0000549,21,18.2,67.9,74.2,4,6.7,70.5,yes
STU-0000550,26,8.9,86.5,100,7,6.3,83.1,yes
STU-0000551,20,9.2,75.0,87.0,12,6.7,72.0,yes
STU-0000552,22,10.2,82.6,86.8,9,8.6,82.7,yes
STU-0000553,24,3.3,83.9,99.4,12,6.6,84.6,yes
STU-0000554,18,23.6,91.3,100,8,6.5,71.3,yes
STU-0000555,19,13.3,75.4,100,8,6.7,81.0,yes
STU-0000556,26,24.4,100,100,4,7.9,100,yes
STU-0000557,18,1.0,35,22.1,4,6.7,29.4,no
STU-0000558,25,6.0,50.4,86.5,7,7.9,65.5,yes
STU-0000559,25,3.7,77.7,86.9,13,7.8,66.9,yes
STU-0000560,18,1.0,69.1,33.4,6,5.7,33.7,no
STU-0000561,20,1.8,60.9,51.6,12,7.3,57.6,no
STU-0000562,17,14.1,87.7,100,4,8.0,88.5,yes
STU-0000563,18,9.1,82.5,87.7,7,6.5,72.9,yes
STU-0000564,24,12.5,85.1,87.8,5,7.4,83.6,yes
STU-0000565,20,17.8,65.4,75.3,6,7.0,73.3,yes
STU-0000566,25,6.0,70.2,85.5,6,6.9,62.5,yes
STU-0000567,20,9.9,52.4,75.0,8,4.4,44.3,no
STU-0000568,25,2.2,49.3,71.4,7,6.0,55.6,no
STU-0000569,23,13.2,65.2,79.6,11,7.2,60.3,yes
STU-0000570,26,11.4,78.0,100,12,6.2,61.5,yes
STU-0000571,24,5.4,77.6,78.4,10,7.0,59.5,no
STU-0000572,25,7.3,68.9,86.3,12,5.0,71.7,yes
STU-0000573,19,26.7,100,89.9,7,7.9,83.8,yes
STU-0000574,19,5.5,74.7,100,5,6.3,79.4,yes
STU-0000575,18,8.8,56.7,83.3,4,7.4,75.9,yes
STU-0000576,25,10.3,65.0,66.7,12,7.6,61.1,yes
STU-0000577,24,10.0,82.2,92.1,13,6.1,49.2,no
STU-0000578,18,8.3,77.5,86.5,9,8.9,85.6,yes
STU-0000579,20,8.4,70.4,91.1,13,7.5,70.9,yes
STU-0000580,26,17.4,100,88.8,4,6.7,83.9,yes
STU-0000581,17,7.8,85.6,97.0,8,5.8,72.1,yes
STU-0000582,26,18.5,84.0,100,12,6.2,73.3,yes
STU-0000583,21,8.5,80.8,65.2,4,7.3,74.9,yes
STU-0000584,19,3.7,75.8,91.1,13,7.2,68.1,yes
STU-0000585,19,4.8,77.9,100,6,7.4,80.6,yes
STU-0000586,26,11.5,61.2,64.6,6,6.6,64.1,yes
STU-0000587,21,12.7,65.1,85.7,8,7.8,84.1,yes
STU-0000588,20,10.7,83.4,51.4,5,7.7,67.1,yes
STU-0000589,19,21.5,76.3,53.5,3,6.0,53.3,no
STU-0000590,26,26.3,98.5,100,6,9.1,94.6,yes
STU-0000591,25,1.0,57.2,41.2,6,5.6,31.5,no
STU-0000592,26,19.1,90.5,94.1,13,6.6,84.1,yes
STU-0000593,19,12.3,76.5,100,11,8.1,84.4,yes
STU-0000594,19,1.9,79.8,74.9,9,7.6,67.5,yes
STU-0000595,17,13.8,87.8,79.4,5,7.8,79.5,yes
STU-0000596,23,8.3,80.5,74.5,13,8.0,72.9,yes
STU-0000597,19,6.1,64.6,55.2,3,7.0,41.0,no
STU-0000598,20,11.1,61.3,68.3,8,7.8,60.0,no
STU-0000599,20,11.7,82.4,87.3,14,7.2,86.9,yes
STU-0000600,19,4.5,71.2,88.1,3,8.6,76.0,yes
STU-0000601,26,8.4,95.5,84.1,12,9.2,78.4,yes
STU-0000602,18,1.0,71.1,43.3,14,7.6,58.9,no
STU-0000603,25,20.7,88.0,90.9,6,8.4,85.8,yes
STU-0000604,19,1.0,67.9,81.4,11,5.4,64.1,yes
STU-0000605,20,13.5,100,100,14,6.7,87.2,yes
STU-0000606,23,1.0,68.6,55.5,8,6.4,57.5,no
STU-0000607,21,5.6,56.1,54.3,12,7.4,45.7,no
STU-0000608,20,1.3,60.5,47.7,14,7.5,44.1,no
STU-0000609,23,16.5,92.1,100,14,6.6,82.8,yes
STU-0000610,26,19.1,98.6,100,8,6.9,99.1,yes
STU-0000611,21,12.6,91.2,100,3,6.7,82.4,yes
STU-0000612,20,1.3,51.2,20.1,12,7.7,37.3,no
STU-0000613,17,6.6,81.8,90.7,9,6.6,65.2,yes
STU-0000614,18,4.3,69.0,79.5,10,6.4,59.6,no
STU-0000615,19,5.6,88.9,75.9,12,7.4,51.3,no
STU-0000616,18,2.6,77.0,85.7,11,5.9,67.3,yes
STU-0000617,22,5.6,83.8,89.1,4,6.8,78.3,yes
STU-0000618,19,21.1,86.7,100,9,7.3,93.4,yes
STU-0000619,17,3.2,74.5,68.8,8,7.1,65.7,yes
STU-0000620,18,16.0,95.5,96.7,14,8.1,98.6,yes
STU-0000621,22,15.0,83.9,91.8,4,8.9,78.4,yes
STU-0000622,20,1.0,69.9,62.6,12,6.3,62.1,yes
STU-0000623,20,22.7,80.6,100,6,7.7,85.6,yes
STU-0000624,24,1.0,44.3,54.9,3,6.8,45.0,no
STU-0000625,25,1.5,68.8,38.1,5,6.4,38.4,no
STU-0000626,20,8.0,62.9,95.4,14,7.0,62.4,yes
STU-0000627,20,15.9,100,100,5,8.0,100,yes
STU-0000628,22,11.4,97.7,100,11,6.6,79.8,yes
STU-0000629,21,13.9,95.4,100,11,7.5,89.5,yes
STU-0000630,18,18.2,92.9,69.8,5,8.6,87.0,yes
STU-0000631,20,25.7,88.3,90.9,12,6.1,95.1,yes
STU-0000632,22,8.8,81.8,60.6,4,7.9,69.4,yes
STU-0000633,19,5.5,75.7,78.9,9,8.6,81.7,yes
STU-0000634,19,1.0,58.9,50.4,4,7.1,55.7,no
STU-0000635,17,16.9,91.5,86.0,8,6.8,82.0,yes
STU-0000636,24,17.1,97.6,86.0,3,6.0,73.3,yes
STU-0000637,20,13.7,68.7,74.0,6,7.2,62.8,yes
STU-0000638,17,17.0,74.4,100,13,7.1,87.7,yes
STU-0000639,21,16.7,77.3,95.3,7,7.0,79.7,yes
STU-0000640,25,19.8,79.4,89.0,5,5.6,78.7,yes
STU-0000641,21,16.8,88.7,91.1,5,6.6,75.3,yes
STU-0000642,23,11.1,71.9,100,12,8.4,89.9,yes
STU-0000643,24,9.3,62.8,65.7,11,7.1,69.6,yes
STU-0000644,24,4.8,82.9,71.0,4,5.6,58.4,no
STU-0000645,24,22.3,100,85.6,6,8.5,95.3,yes
STU-0000646,23,13.4,77.0,99.5,6,8.8,86.4,yes
STU-0000647,19,13.5,64.2,90.6,6,5.5,67.2,yes
STU-0000648,20,13.6,86.1,100,4,8.1,97.2,yes
STU-0000649,20,2.6,65.3,39.9,7,5.2,34.9,no
STU-0000650,18,7.7,58.7,76.7,12,7.1,67.5,yes
STU-0000651,23,3.5,61.9,38.1,5,6.8,43.0,no
STU-0000652,20,21.4,85.8,82.4,14,8.1,59.0,no
STU-0000653,22,9.2,62.0,46.1,12,6.1,41.3,no
STU-0000654,20,14.9,72.9,81.7,13,7.1,73.0,yes
STU-0000655,23,14.2,63.2,100,8,8.7,85.3,yes
STU-0000656,26,28.7,100,100,4,7.9,99.0,yes
STU-0000657,18,17.8,100,100,12,8.0,100,yes
STU-0000658,24,17.5,72.3,42.0,8,7.6,62.7,yes
STU-0000659,19,9.0,74.2,100,10,8.2,80.1,yes
STU-0000660,21,3.1,66.2,70.0,12,5.3,51.7,no
STU-0000661,19,22.2,95.4,87.9,5,7.9,90.3,yes
STU-0000662,23,28.8,100,100,3,8.4,100,yes
STU-0000663,20,15.1,83.1,100,12,7.5,75.8,yes
STU-0000664,20,4.9,78.9,74.4,9,6.1,64.3,yes
STU-0000665,20,16.3,83.6,69.2,9,6.2,59.4,no
STU-0000666,24,16.5,87.8,100,6,8.3,75.4,yes
STU-0000667,19,1.9,51.2,38.4,9,6.8,46.1,no
STU-0000668,21,10.1,72.6,86.9,13,6.8,71.9,yes
STU-0000669,18,6.8,58.4,66.4,7,6.9,64.6,yes
STU-0000670,19,6.7,69.8,100,9,6.9,84.3,yes
STU-0000671,20,18.5,59.4,89.9,5,8.7,72.5,yes
STU-0000672,23,8.5,79.6,61.5,14,6.5,59.9,no
STU-0000673,20,18.3,68.0,66.7,11,5.3,64.6,yes
STU-0000674,23,7.4,72.2,100,10,7.2,71.9,yes
STU-0000675,24,1.0,53.8,32.9,13,7.7,48.3,no
STU-0000676,18,10.1,83.5,82.4,4,7.6,78.5,yes
STU-0000677,22,3.2,81.1,63.0,4,7.2,58.6,no
STU-0000678,22,7.7,72.3,62.6,6,7.8,73.0,yes
STU-0000679,19,16.4,99.5,100,13,8.0,100,yes
STU-0000680,20,20.4,85.3,100,9,7.3,93.6,yes
STU-0000681,21,6.8,83.8,97.3,9,6.8,75.7,yes
STU-0000682,26,6.8,72.1,77.0,10,6.4,56.7,no
STU-0000683,17,16.4,95.8,100,13,7.6,86.5,yes
STU-0000684,19,12.5,71.3,46.4,8,7.4,58.8,no
STU-0000685,19,10.0,71.9,69.6,9,6.9,60.1,yes
STU-0000686,19,12.5,65.6,41.9,4,7.3,51.2,no
STU-0000687,20,8.3,76.0,80.8,11,7.2,76.4,yes
STU-0000688,25,14.5,76.3,100,7,6.9,88.5,yes
STU-0000689,22,10.5,100,100,11,7.1,87.3,yes
STU-0000690,22,11.2,74.5,100,13,7.5,84.8,yes
STU-0000691,23,13.3,80.1,100,13,7.0,83.6,yes
STU-0000692,20,5.9,70.5,64.0,3,7.3,57.1,no
STU-0000693,21,15.4,90.1,74.9,9,6.8,69.3,yes
STU-0000694,21,12.1,73.9,46.2,4,7.8,62.2,yes
STU-0000695,21,8.2,100,54.1,5,7.3,57.2,no
STU-0000696,23,7.9,64.9,62.1,3,7.2,56.6,no
STU-0000697,19,6.8,72.7,66.5,4,6.7,55.6,no
STU-0000698,21,9.4,65.9,81.7,12,6.5,76.7,yes
STU-0000699,21,6.3,72.0,69.6,9,6.7,63.2,yes
STU-0000700,25,5.3,100,100,8,8.4,89.4,yes
STU-0000701,25,10.9,60.9,66.3,14,6.4,56.9,no
STU-0000702,24,19.7,81.9,79.1,9,6.1,76.0,yes
STU-0000703,18,8.3,67.1,61.2,12,7.0,72.7,yes
STU-0000704,23,1.0,64.1,54.9,13,5.9,50.9,no
STU-0000705,18,19.2,85.0,100,13,7.8,90.2,yes
STU-0000706,19,11.2,71.8,81.6,8,6.9,69.3,yes
STU-0000707,21,14.4,69.7,90.0,9,7.4,83.9,yes
STU-0000708,23,13.9,71.5,73.4,12,6.1,59.3,no
STU-0000709,23,10.2,81.0,94.1,13,7.3,83.7,yes
STU-0000710,22,12.6,98.6,100,8,7.2,93.5,yes
STU-0000711,20,22.1,100,93.1,9,6.9,88.4,yes
STU-0000712,18,14.4,85.5,72.0,11,7.3,75.7,yes
STU-0000713,26,9.4,80.7,71.7,11,7.2,71.0,yes
STU-0000714,25,24.8,89.0,100,14,6.8,77.6,yes
STU-0000715,19,1.0,49.1,39.9,14,4.6,33.1,no
STU-0000716,23,17.9,100,100,7,8.4,100,yes
STU-0000717,19,13.4,87.1,100,7,7.1,81.5,yes
STU-0000718,19,15.8,96.8,100,3,7.4,88.3,yes
STU-0000719,25,13.7,82.2,88.0,5,6.3,76.3,yes
STU-0000720,19,9.1,55.2,67.2,7,6.2,62.1,yes
STU-0000721,18,8.4,54.5,72.7,7,6.7,54.5,no
STU-0000722,17,15.8,91.5,100,10,6.6,84.1,yes
STU-0000723,17,13.9,63.8,58.4,4,7.0,65.7,yes
STU-0000724,19,16.1,84.9,86.3,12,7.3,78.1,yes
STU-0000725,21,15.3,97.7,100,12,7.4,87.6,yes
STU-0000726,22,3.4,73.1,48.8,11,5.7,48.7,no
STU-0000727,26,3.2,68.3,31.3,3,7.9,46.9,no
STU-0000728,25,4.2,76.4,78.8,9,5.6,62.2,yes
STU-0000729,18,8.1,78.6,81.3,12,7.6,72.9,yes
STU-0000730,21,16.3,96.4,99.5,5,6.2,86.0,yes
STU-0000731,20,10.1,63.5,86.9,6,6.5,70.6,yes
STU-0000732,23,3.6,49.4,66.0,3,6.2,53.2,no
STU-0000733,22,11.1,70.4,62.1,4,6.7,55.0,no
STU-0000734,19,5.8,62.3,89.5,5,6.8,68.4,yes
STU-0000735,24,11.5,77.5,39.5,13,6.9,55.6,no
STU-0000736,24,23.5,84.1,85.6,11,7.0,95.6,yes
STU-0000737,20,7.2,82.2,96.0,4,7.3,81.2,yes
STU-0000738,21,17.0,87.5,61.4,4,7.0,67.9,yes
STU-0000739,20,7.9,84.5,92.0,6,7.7,83.7,yes
STU-0000740,19,13.8,71.8,67.8,3,5.9,64.8,yes
STU-0000741,18,4.3,90.3,77.1,10,8.4,66.8,yes
STU-0000742,23,20.9,89.2,100,3,7.0,83.9,yes
STU-0000743,24,5.9,84.5,82.4,12,6.4,86.5,yes
STU-0000744,17,9.8,57.6,60.5,6,6.8,46.3,no
STU-0000745,25,12.8,80.3,100,3,7.6,89.4,yes
STU-0000746,26,22.0,71.1,95.9,10,8.7,88.1,yes
STU-0000747,25,6.0,90.8,84.2,11,7.8,74.1,yes
STU-0000748,18,16.2,69.5,48.7,6,8.5,30.8,no
STU-0000749,25,26.0,86.3,100,8,5.1,80.2,yes
STU-0000750,20,8.7,91.5,59.9,6,7.0,61.3,yes
STU-0000751,19,16.1,89.0,95.5,9,7.1,88.7,yes
STU-0000752,18,20.0,47.4,99.6,14,6.7,78.2,yes
STU-0000753,25,29.3,100,100,9,6.9,97.9,yes
STU-0000754,24,9.4,58.1,71.0,8,7.9,59.4,no
STU-0000755,21,3.2,96.3,84.6,3,6.9,82.0,yes
STU-0000756,21,1.0,59.5,36.5,6,7.1,41.8,no
STU-0000757,17,12.0,84.7,75.9,12,6.7,77.1,yes
STU-0000758,21,14.3,67.5,82.7,11,7.0,67.4,yes
STU-0000759,19,12.5,70.8,89.1,4,8.0,73.8,yes
STU-0000760,26,5.9,71.3,80.6,11,6.5,69.6,yes
STU-0000761,18,16.7,86.4,97.2,13,7.8,99.8,yes
STU-0000762,21,15.5,84.9,100,5,8.3,82.3,yes
STU-0000763,18,16.1,57.3,49.9,3,7.9,76.5,yes
STU-0000764,25,4.8,63.1,61.8,11,6.0,53.2,no
STU-0000765,21,12.5,93.5,100,6,7.0,89.9,yes
STU-0000766,23,2.6,90.7,44.9,9,7.3,48.2,no
STU-0000767,21,6.7,89.4,65.3,5,6.2,66.8,yes
STU-0000768,21,12.5,76.9,65.7,9,6.7,66.6,yes
STU-0000769,22,18.3,91.1,98.0,12,7.6,83.0,yes
STU-0000770,20,16.0,78.6,100,12,7.3,79.8,yes
STU-0000771,25,2.0,78.1,41.0,4,7.1,42.9,no
STU-0000772,21,14.0,89.3,100,7,7.6,90.1,yes
STU-0000773,22,14.9,97.1,100,4,6.9,87.3,yes
STU-0000774,26,4.9,75.9,55.2,3,5.9,56.9,no
STU-0000775,24,12.5,75.2,100,9,7.2,92.2,yes
STU-0000776,21,19.4,75.1,91.5,14,7.7,95.2,yes
STU-0000777,20,1.0,74.0,67.5,13,8.3,70.5,yes
STU-0000778,26,9.6,67.8,71.1,14,6.7,56.3,no
STU-0000779,21,18.4,89.6,96.8,6,6.8,80.8,yes
STU-0000780,21,18.0,96.5,100,6,8.5,96.2,yes
STU-0000781,18,12.3,82.3,100,9,7.1,76.5,yes
STU-0000782,24,10.1,68.9,100,3,6.7,72.6,yes
STU-0000783,26,14.9,88.1,100,12,8.4,82.0,yes
STU-0000784,21,4.6,76.2,78.1,11,6.9,64.4,yes
STU-0000785,21,17.7,85.9,100,4,6.9,79.8,yes
STU-0000786,19,16.8,91.3,89.9,7,8.4,52.7,no
STU-0000787,25,10.7,77.8,87.6,12,6.4,70.7,yes
STU-0000788,19,15.7,71.1,96.8,7,7.7,83.5,yes
STU-0000789,26,17.8,75.5,80.1,3,8.2,73.1,yes
STU-0000790,23,20.5,88.6,100,5,8.1,83.3,yes
STU-0000791,19,15.9,82.8,68.3,14,7.6,74.2,yes
STU-0000792,25,4.9,73.0,74.6,14,6.9,61.2,yes
STU-0000793,25,21.5,65.4,58.3,10,8.4,68.0,yes
STU-0000794,21,8.3,83.6,100,14,6.7,85.5,yes
STU-0000795,21,11.9,89.7,100,8,7.5,89.4,yes
STU-0000796,23,21.1,87.4,100,11,7.4,94.1,yes
STU-0000797,19,8.3,93.3,100,11,6.9,82.4,yes
STU-0000798,19,11.5,68.0,85.6,12,8.1,74.1,yes
STU-0000799,21,16.3,100,100,10,9.6,88.6,yes
STU-0000800,18,21.3,87.4,100,10,7.9,95.2,yes
STU-0000801,24,13.3,66.0,76.2,10,5.7,63.7,yes
STU-0000802,19,11.8,80.0,95.1,6,7.5,89.6,yes
STU-0000803,19,10.6,51.1,92.4,12,6.1,66.7,yes
STU-0000804,19,20.6,100,100,10,6.3,78.3,yes
STU-0000805,20,4.6,82.4,73.3,5,6.5,70.6,yes
STU-0000806,20,2.6,64.7,47.5,12,6.7,43.6,no
STU-0000807,21,19.4,84.7,100,5,8.2,74.7,yes
STU-0000808,18,2.4,84.1,48.4,10,6.3,30.7,no
STU-0000809,18,4.3,54.5,89.9,6,5.7,62.0,yes
STU-0000810,18,13.2,78.5,97.3,10,6.0,85.0,yes
STU-0000811,19,17.5,77.0,96.6,11,7.2,81.8,yes
STU-0000812,20,10.3,81.1,100,6,7.7,80.2,yes
STU-0000813,24,3.4,76.4,52.9,14,7.1,53.6,no
STU-0000814,18,4.7,74.0,95.6,14,7.3,79.5,yes
STU-0000815,24,3.0,81.7,100,11,6.9,69.9,yes
STU-0000816,19,3.2,92.9,85.3,3,6.7,73.4,yes
STU-0000817,18,11.3,63.6,89.4,6,6.5,74.8,yes
STU-0000818,20,12.0,78.9,100,10,7.2,89.7,yes
STU-0000819,20,4.0,78.8,100,9,7.9,83.4,yes
STU-0000820,20,9.6,87.6,95.5,4,7.6,88.8,yes
STU-0000821,21,13.5,63.7,71.1,3,7.0,74.3,yes
STU-0000822,21,5.8,77.8,70.6,5,6.3,64.4,yes
STU-0000823,20,14.8,98.9,80.5,10,6.4,80.3,yes
STU-0000824,17,13.4,82.6,76.8,14,7.4,67.6,yes
STU-0000825,19,6.5,73.0,74.1,13,7.8,67.7,yes
STU-0000826,26,17.5,77.5,100,11,7.0,89.5,yes
STU-0000827,20,21.3,99.9,100,14,8.1,87.4,yes
STU-0000828,20,11.3,74.8,82.6,7,8.7,86.3,yes
STU-0000829,25,6.2,77.9,73.0,7,6.8,62.1,yes
STU-0000830,22,10.2,72.0,82.8,9,6.9,71.6,yes
STU-0000831,24,12.9,74.9,70.8,6,6.4,59.9,no
STU-0000832,17,9.9,77.0,74.9,14,6.5,71.3,yes
STU-0000833,26,13.1,80.7,100,14,7.9,93.6,yes
STU-0000834,25,5.3,50.1,57.3,11,6.5,49.2,no
STU-0000835,22,28.0,75.5,96.4,5,6.6,88.8,yes
STU-0000836,20,1.0,70.0,100,13,6.2,66.0,yes
STU-0000837,21,16.7,81.1,63.0,11,6.2,60.0,yes
STU-0000838,17,12.2,70.8,88.7,4,7.4,79.8,yes
STU-0000839,20,11.4,100,100,13,7.7,87.9,yes
STU-0000840,19,14.7,92.7,100,12,7.3,86.6,yes
STU-0000841,25,5.7,53.5,42.3,5,6.3,36.2,no
STU-0000842,20,1.0,76.4,91.2,14,5.4,61.1,yes
STU-0000843,26,3.0,72.1,63.7,7,6.2,54.8,no
STU-0000844,26,9.5,90.8,91.0,14,7.2,86.4,yes
STU-0000845,20,1.0,59.7,33.4,7,7.9,42.1,no
STU-0000846,21,9.5,89.8,55.2,6,7.1,43.3,no
STU-0000847,24,10.8,71.8,71.3,8,8.5,64.1,yes
STU-0000848,24,18.2,73.6,92.0,12,7.7,87.2,yes
STU-0000849,21,5.8,61.6,88.5,6,7.0,64.2,yes
STU-0000850,25,1.0,56.1,47.6,11,6.2,38.5,no
STU-0000851,22,16.1,74.3,85.3,4,7.4,77.7,yes
STU-0000852,19,16.6,79.0,45.2,10,6.2,51.2,no
STU-0000853,21,10.9,82.2,100,10,8.0,81.7,yes
STU-0000854,19,20.5,95.8,100,11,5.2,82.5,yes
STU-0000855,19,9.6,75.2,57.5,7,6.4,56.9,no
STU-0000856,20,1.5,45.8,65.9,8,6.0,45.3,no
STU-0000857,21,9.2,83.9,93.4,7,8.2,93.9,yes
STU-0000858,17,15.2,91.2,100,10,8.8,100,yes
STU-0000859,20,14.0,82.9,77.2,6,7.0,78.6,yes
STU-0000860,20,15.7,100,100,14,7.8,93.2,yes
STU-0000861,23,15.4,67.3,36.1,14,6.5,45.4,no
STU-0000862,23,1.8,54.2,86.4,4,6.2,60.5,yes
STU-0000863,25,15.3,81.8,89.1,6,6.8,83.0,yes
STU-0000864,20,15.2,83.8,100,3,9.5,88.2,yes
STU-0000865,24,6.8,84.6,82.7,11,7.0,80.0,yes
STU-0000866,18,9.6,72.1,54.6,14,5.7,39.9,no
STU-0000867,26,17.5,85.4,86.0,8,8.2,74.9,yes
STU-0000868,21,3.9,54.8,46.2,5,7.3,44.6,no
STU-0000869,18,15.8,81.4,77.4,7,5.5,81.5,yes
STU-0000870,22,24.7,88.4,100,12,7.7,87.4,yes
STU-0000871,21,13.2,76.8,100,8,8.0,52.7,no
STU-0000872,17,17.0,80.0,100,4,7.8,87.0,yes
STU-0000873,20,7.3,66.1,20,8,6.9,36.4,no
STU-0000874,22,5.5,54.0,80.7,11,6.7,74.0,yes
STU-0000875,22,10.1,91.2,89.9,7,7.5,80.4,yes
STU-0000876,23,11.2,87.1,85.1,8,9.2,87.7,yes
STU-0000877,17,12.3,75.0,96.6,7,6.9,87.7,yes
STU-0000878,18,11.4,65.4,56.0,5,7.4,63.2,yes
STU-0000879,23,11.8,68.9,92.0,7,7.8,79.2,yes
STU-0000880,20,17.8,92.0,100,3,7.4,89.7,yes
STU-0000881,18,1.0,45.8,83.6,10,6.1,62.8,yes
STU-0000882,26,9.7,79.7,92.9,13,7.6,52.3,no
STU-0000883,21,12.2,80.0,100,5,7.7,89.1,yes
STU-0000884,18,4.5,65.7,50.1,3,6.1,51.7,no
STU-0000885,17,7.9,76.6,82.7,13,6.0,75.9,yes
STU-0000886,19,29.8,98.2,100,9,7.2,96.0,yes
STU-0000887,20,19.9,100,100,3,8.9,100,yes
STU-0000888,20,13.5,90.8,100,6,6.5,90.9,yes
STU-0000889,19,7.0,79.7,67.5,4,7.2,55.0,no
STU-0000890,21,13.8,98.0,100,7,9.1,100,yes
STU-0000891,20,1.0,42.5,20,11,7.4,38.3,no
STU-0000892,20,18.2,78.9,100,11,6.8,85.0,yes
STU-0000893,25,4.9,60.6,55.7,14,6.4,50.9,no
STU-0000894,20,17.2,50.6,59.9,6,6.0,58.9,no
STU-0000895,19,1.0,64.6,80.4,9,5.6,58.4,no
STU-0000896,25,8.2,82.4,93.0,7,7.5,78.0,yes
STU-0000897,26,3.5,67.7,84.9,11,6.6,71.3,yes
STU-0000898,20,1.0,54.1,20,7,5.8,33.6,no
STU-0000899,19,1.0,64.0,86.2,8,6.1,61.7,yes
STU-0000900,26,13.9,95.4,100,8,6.2,93.3,yes
STU-0000901,18,25.1,93.2,100,10,7.6,95.0,yes
STU-0000902,21,10.2,68.8,74.3,3,5.7,55.3,no
STU-0000903,17,4.3,79.3,64.7,9,5.1,47.6,no
STU-0000904,24,10.4,48.7,65.7,14,6.4,57.0,no
STU-0000905,21,3.2,64.4,73.1,6,6.7,46.9,no
STU-0000906,17,10.4,86.5,100,5,6.7,83.4,yes
STU-0000907,20,11.6,100,93.2,14,8.5,92.8,yes
STU-0000908,19,14.0,92.2,100,4,8.0,90.8,yes
STU-0000909,23,1.0,50.4,89.2,10,6.5,58.4,no
STU-0000910,18,15.4,81.9,70.2,9,6.9,72.8,yes
STU-0000911,25,24.5,85.6,74.4,12,7.1,74.6,yes
STU-0000912,23,1.6,66.2,93.6,11,6.2,62.1,yes
STU-0000913,17,19.7,100,100,11,7.3,98.9,yes
STU-0000914,25,20.6,76.9,99.3,8,8.1,92.8,yes
STU-0000915,17,17.5,86.0,77.7,6,7.3,82.0,yes
STU-0000916,19,4.5,85.1,73.7,12,6.7,65.6,yes
STU-0000917,19,15.5,82.2,98.1,4,8.0,75.8,yes
STU-0000918,26,22.8,91.8,100,12,7.2,63.4,yes
STU-0000919,17,15.2,87.7,100,9,7.7,89.9,yes
STU-0000920,22,14.2,79.2,91.5,13,7.9,80.0,yes
STU-0000921,18,1.0,67.3,59.1,9,7.6,56.8,no
STU-0000922,19,1.2,78.8,90.6,13,6.5,73.6,yes
STU-0000923,18,1.7,70.3,72.2,9,6.9,68.4,yes
STU-0000924,21,14.1,88.8,100,7,7.4,94.2,yes
STU-0000925,23,17.0,71.2,75.5,10,6.9,70.0,yes
STU-0000926,18,3.2,79.8,67.8,11,7.4,71.2,yes
STU-0000927,22,1.1,49.7,84.7,13,7.5,70.0,yes
STU-0000928,19,12.1,90.6,100,4,6.4,80.5,yes
STU-0000929,21,6.0,62.6,54.0,12,6.6,55.8,no
STU-0000930,24,7.1,90.6,49.1,10,5.6,58.9,no
STU-0000931,19,16.5,98.3,100,9,6.9,92.6,yes
STU-0000932,25,11.8,88.6,96.5,9,6.0,81.7,yes
STU-0000933,20,23.6,85.6,76.7,6,6.8,66.6,yes
STU-0000934,18,14.3,75.1,100,10,7.9,83.4,yes
STU-0000935,22,15.1,74.8,69.1,10,7.0,58.7,no
STU-0000936,22,11.2,77.3,97.0,12,6.2,70.8,yes
STU-0000937,24,12.5,90.9,100,8,8.2,96.2,yes
STU-0000938,24,8.9,61.5,52.0,11,7.3,51.9,no
STU-0000939,18,1.0,39.9,42.3,10,6.5,34.7,no
STU-0000940,25,13.8,88.8,100,8,7.9,91.6,yes
STU-0000941,26,11.5,72.1,100,8,6.2,68.9,yes
STU-0000942,18,10.7,91.2,100,3,7.7,91.3,yes
STU-0000943,19,23.3,89.7,100,4,7.7,87.5,yes
STU-0000944,18,14.4,64.8,84.6,8,7.7,77.4,yes
STU-0000945,22,10.5,56.5,23.8,13,7.4,47.5,no
STU-0000946,17,9.6,71.5,69.7,8,7.0,56.2,no
STU-0000947,19,15.8,74.7,88.3,6,6.6,67.9,yes
STU-0000948,22,18.1,69.4,98.6,14,6.3,88.5,yes
STU-0000949,23,11.0,88.5,100,5,6.9,87.8,yes
STU-0000950,20,13.6,81.8,100,13,5.4,71.0,yes
STU-0000951,20,27.0,81.4,100,8,7.9,97.8,yes
STU-0000952,24,9.6,76.5,82.6,12,7.3,67.5,yes
STU-0000953,19,4.8,50.6,20,6,5.8,21.5,no
STU-0000954,18,7.1,63.0,70.4,8,7.2,67.4,yes
STU-0000955,22,12.1,79.8,86.2,10,9.6,73.9,yes
STU-0000956,24,27.4,75.5,100,4,6.7,93.2,yes
STU-0000957,26,9.6,86.6,69.2,7,7.5,68.5,yes
STU-0000958,23,15.3,70.9,89.5,6,6.8,71.2,yes
STU-0000959,19,18.2,100,100,5,6.7,80.7,yes
STU-0000960,18,10.9,83.7,54.5,5,8.1,57.7,no
STU-0000961,24,16.0,88.5,86.2,5,6.6,73.6,yes
STU-0000962,25,24.8,74.7,100,6,6.2,83.1,yes
STU-0000963,19,20.7,83.7,100,9,7.0,95.6,yes
STU-0000964,26,9.0,73.2,82.8,5,7.5,77.4,yes
STU-0000965,23,12.7,83.8,89.1,8,7.9,75.1,yes
STU-0000966,22,9.8,67.6,53.8,12,5.0,53.2,no
STU-0000967,25,8.3,69.8,89.6,8,7.4,71.3,yes
STU-0000968,18,3.7,56.3,66.0,6,6.5,57.6,no
STU-0000969,25,3.5,74.1,52.1,9,6.0,29.7,no
STU-0000970,22,6.3,68.2,87.8,11,5.7,58.1,no
STU-0000971,25,5.5,73.7,100,10,6.3,85.7,yes
STU-0000972,17,2.4,72.8,81.7,13,6.7,59.0,no
STU-0000973,20,8.0,81.3,100,14,9.4,79.8,yes
STU-0000974,21,6.8,73.8,100,3,8.8,81.1,yes
STU-0000975,20,11.4,75.5,81.7,9,7.7,77.3,yes
STU-0000976,23,19.1,90.0,100,13,8.0,76.4,yes
STU-0000977,20,13.4,73.7,100,14,7.4,81.1,yes
STU-0000978,18,9.2,69.9,78.8,7,6.9,77.3,yes
STU-0000979,21,1.0,63.5,70.7,12,7.4,61.4,yes
STU-0000980,23,14.5,67.9,77.9,8,6.0,62.6,yes
STU-0000981,20,4.2,81.2,100,10,8.1,90.5,yes
STU-0000982,17,1.0,42.7,79.1,13,6.8,55.6,no
STU-0000983,26,1.0,54.6,67.6,11,6.6,61.5,yes
STU-0000984,20,13.6,76.5,100,14,7.0,76.7,yes
STU-0000985,26,19.3,82.4,100,4,6.8,84.2,yes
STU-0000986,21,7.7,74.0,75.3,13,6.2,60.1,yes
STU-0000987,18,17.0,74.5,79.1,3,7.2,63.9,yes
STU-0000988,20,1.7,65.5,50.6,13,6.7,51.2,no
STU-0000989,20,11.4,88.0,100,10,8.7,80.1,yes
STU-0000990,23,15.7,100,94.9,3,6.9,88.5,yes
STU-0000991,26,1.0,57.5,32.9,10,6.3,44.5,no
STU-0000992,21,4.2,66.2,48.6,7,6.8,38.4,no
STU-0000993,24,1.0,67.7,69.8,8,7.0,53.7,no
STU-0000994,18,16.1,79.6,92.3,13,5.4,69.0,yes
STU-0000995,20,1.0,52.7,25.0,8,7.1,37.5,no
STU-0000996,18,8.4,67.8,83.7,3,7.3,64.9,yes
STU-0000997,24,16.1,73.4,64.5,13,6.9,72.5,yes
STU-0000998,21,11.9,94.5,100,13,7.6,89.7,yes
STU-0000999,23,17.1,67.8,100,12,9.1,81.6,yes
STU-0001000,19,9.0,85.1,73.2,12,7.8,76.5,yes
STU-0001001,22,3.7,75.6,72.0,7,7.3,58.4,no
STU-0001002,25,17.7,81.0,79.3,8,7.1,66.1,yes
STU-0001003,21,17.9,83.2,94.7,6,9.3,89.7,yes
STU-0001004,25,9.7,71.3,100,13,7.1,85.4,yes
STU-0001005,21,11.9,61.6,75.1,13,7.8,63.7,yes
STU-0001006,21,30.0,90.0,100,11,7.5,89.5,yes
STU-0001007,20,5.9,83.0,83.8,3,6.4,69.4,yes
STU-0001008,26,14.6,62.0,90.3,11,7.6,72.5,yes
STU-0001009,24,7.1,67.7,78.6,9,6.6,56.9,no
STU-0001010,22,11.0,72.7,73.9,12,7.4,69.4,yes
STU-0001011,19,8.9,67.8,65.3,4,6.1,53.7,no
STU-0001012,20,14.5,74.4,72.8,6,5.9,65.5,yes
STU-0001013,26,4.3,57.8,77.1,12,6.2,56.9,no
STU-0001014,19,1.0,59.2,43.0,12,5.6,46.0,no
STU-0001015,26,18.7,72.0,87.9,7,8.6,86.9,yes
STU-0001016,18,10.6,86.5,65.5,14,7.2,71.3,yes
STU-0001017,19,6.3,68.7,64.2,4,4.9,40.1,no
STU-0001018,21,10.4,70.2,79.5,4,7.5,63.5,yes
STU-0001019,19,11.5,81.4,92.0,5,7.3,80.6,yes
STU-0001020,25,12.5,74.7,99.7,6,7.4,89.1,yes
STU-0001021,21,11.0,70.0,94.2,9,5.8,62.3,yes
STU-0001022,22,3.1,59.8,61.1,10,6.9,51.4,no
STU-0001023,22,7.5,82.9,68.8,5,6.3,61.6,yes
STU-0001024,23,10.5,85.9,100,6,7.0,78.6,yes
STU-0001025,20,15.5,61.4,68.2,9,7.3,69.1,yes
STU-0001026,20,11.4,70.7,86.5,13,7.8,69.4,yes
STU-0001027,17,9.1,69.0,93.1,10,7.1,53.2,no
STU-0001028,21,1.3,73.8,50.7,5,6.6,65.7,yes
STU-0001029,26,21.2,85.1,80.2,7,9.7,85.6,yes
STU-0001030,20,22.8,82.3,86.0,8,8.7,85.5,yes
STU-0001031,18,6.7,75.3,100,13,6.1,59.3,no
STU-0001032,21,3.1,69.5,80.2,12,7.1,69.6,yes
STU-0001033,19,24.1,100,100,11,7.0,96.7,yes
STU-0001034,20,16.8,88.7,100,5,7.9,93.0,yes
STU-0001035,25,9.2,76.5,98.7,6,6.6,76.1,yes
STU-0001036,19,17.7,91.1,100,14,7.8,92.8,yes
STU-0001037,20,1.0,66.6,34.0,3,6.3,44.7,no
STU-0001038,19,12.5,85.7,70.4,12,8.1,82.4,yes
STU-0001039,22,2.6,68.0,37.0,13,7.6,57.3,no
STU-0001040,24,14.8,88.8,88.6,3,7.6,83.3,yes
STU-0001041,19,3.9,75.1,76.5,4,5.9,59.6,no
STU-0001042,21,13.6,59.7,67.2,7,7.0,60.8,yes
STU-0001043,17,9.2,78.2,100,12,8.4,94.4,yes
STU-0001044,21,17.7,99.5,100,6,6.4,81.0,yes
STU-0001045,19,4.0,61.4,75.1,6,7.7,67.7,yes
STU-0001046,18,15.0,82.9,94.6,10,8.1,75.5,yes
STU-0001047,19,18.9,80.5,90.5,7,6.4,79.1,yes
STU-0001048,24,12.3,92.8,81.7,4,7.0,75.5,yes
STU-0001049,20,1.1,49.2,60.8,3,6.1,56.7,no
STU-0001050,21,18.5,83.4,85.4,8,7.4,88.1,yes
STU-0001051,21,10.5,89.8,92.4,5,6.3,76.6,yes
STU-0001052,25,22.6,90.5,95.8,7,8.3,99.0,yes
STU-0001053,19,14.2,97.0,100,4,7.8,96.9,yes
STU-0001054,24,19.4,89.8,96.7,14,5.7,81.7,yes
STU-0001055,21,20.0,77.7,75.3,5,8.2,83.9,yes
STU-0001056,23,11.0,71.2,64.9,3,8.1,78.8,yes
STU-0001057,24,9.6,68.2,74.5,4,7.3,75.3,yes
STU-0001058,21,8.4,80.8,98.6,4,6.7,83.3,yes
STU-0001059,21,10.8,64.2,55.3,3,7.6,71.3,yes
STU-0001060,25,17.4,83.1,100,3,8.1,85.8,yes
STU-0001061,17,2.2,47.4,39.4,7,6.0,54.4,no
STU-0001062,18,21.8,90.7,100,5,6.5,89.8,yes
STU-0001063,19,1.4,53.2,44.8,14,7.2,37.1,no
STU-0001064,19,12.3,100,89.0,11,8.8,91.6,yes
STU-0001065,20,6.0,65.9,90.5,3,6.9,74.5,yes
STU-0001066,24,5.7,60.5,65.7,14,6.6,60.0,yes
STU-0001067,19,16.0,77.3,71.5,4,8.1,70.0,yes
STU-0001068,19,6.1,75.1,97.6,10,6.6,75.6,yes
STU-0001069,23,9.8,62.0,68.0,7,5.9,54.7,no
STU-0001070,22,5.7,58.7,54.7,5,7.4,53.0,no
STU-0001071,20,17.8,92.2,100,14,7.9,90.7,yes
STU-0001072,21,8.8,71.1,90.1,13,6.7,74.2,yes
STU-0001073,21,17.7,71.8,72.5,14,8.8,68.3,yes
STU-0001074,21,8.0,63.0,46.4,8,6.8,51.3,no
STU-0001075,20,11.0,99.2,100,6,7.1,77.4,yes
STU-0001076,20,12.6,59.6,75.2,4,5.9,61.1,yes
STU-0001077,24,3.4,78.2,52.0,6,7.0,57.1,no
STU-0001078,21,6.7,52.8,96.0,8,6.6,77.9,yes
STU-0001079,20,12.0,86.4,100,3,7.6,83.2,yes
STU-0001080,20,7.4,95.0,96.4,7,6.5,77.3,yes
STU-0001081,24,15.0,91.9,100,4,7.8,90.7,yes
STU-0001082,21,1.0,51.7,50.8,12,6.9,46.8,no
STU-0001083,19,22.7,91.8,93.1,7,6.8,83.6,yes
STU-0001084,19,5.4,63.6,75.7,14,7.0,65.3,yes
STU-0001085,19,11.1,78.8,87.8,5,7.5,81.2,yes
STU-0001086,19,15.6,89.9,93.6,6,7.9,88.4,yes
STU-0001087,18,1.0,66.2,63.4,8,5.3,56.5,no
STU-0001088,24,3.8,75.3,94.0,11,8.0,76.9,yes
STU-0001089,19,23.7,82.1,100,7,8.0,84.4,yes
STU-0001090,20,18.9,100,100,8,8.6,81.2,yes
STU-0001091,18,10.3,77.0,51.8,11,6.2,61.2,yes
STU-0001092,24,1.8,45.0,52.6,9,5.5,43.1,no
STU-0001093,21,15.2,62.5,95.1,3,6.6,84.3,yes
STU-0001094,25,15.8,100,94.8,6,6.9,85.8,yes
STU-0001095,24,9.5,82.6,100,5,6.6,92.3,yes
STU-0001096,18,1.0,59.3,38.1,7,7.5,52.8,no
STU-0001097,19,15.1,83.7,85.9,8,7.6,76.5,yes
STU-0001098,19,12.2,68.6,54.0,3,7.2,56.7,no
STU-0001099,24,15.7,71.5,44.5,3,8.5,60.2,yes
STU-0001100,21,2.3,77.9,59.9,14,8.1,63.8,yes
STU-0001101,19,11.3,81.4,90.8,13,8.7,96.0,yes
STU-0001102,24,13.9,68.8,85.5,11,7.6,75.2,yes
STU-0001103,22,3.5,54.9,81.5,9,7.8,65.0,yes
STU-0001104,25,9.7,63.5,82.3,6,6.4,65.3,yes
STU-0001105,21,1.0,55.0,66.1,7,5.8,49.1,no
STU-0001106,22,21.6,94.3,82.8,4,8.8,85.0,yes
STU-0001107,19,13.7,87.5,100,6,7.8,86.0,yes
STU-0001108,18,26.6,83.0,80.3,11,6.3,72.1,yes
STU-0001109,26,12.4,89.1,100,5,7.8,80.9,yes
STU-0001110,19,4.1,64.7,84.1,6,7.0,66.3,yes
STU-0001111,19,1.0,69.0,92.7,6,5.5,70.1,yes
STU-0001112,19,21.3,97.7,100,12,5.3,85.0,yes
STU-0001113,20,3.5,79.7,92.5,5,6.3,64.6,yes
STU-0001114,18,5.0,78.8,68.7,13,8.3,64.8,yes
STU-0001115,19,20.4,74.2,63.0,4,6.0,74.2,yes
STU-0001116,17,20.6,72.8,54.6,9,5.7,65.3,yes
STU-0001117,24,15.7,72.3,100,3,8.2,86.6,yes
STU-0001118,21,12.3,65.6,100,13,7.5,78.8,yes
STU-0001119,18,21.4,76.9,90.9,12,7.1,82.7,yes
STU-0001120,19,11.6,91.3,60.0,13,6.4,61.8,yes
STU-0001121,17,5.6,63.5,49.1,6,7.2,55.1,no
STU-0001122,17,12.3,83.4,85.5,13,6.6,73.8,yes
STU-0001123,21,19.4,76.0,100,12,6.4,74.7,yes
STU-0001124,19,8.0,64.9,91.9,5,5.1,64.3,yes
STU-0001125,24,15.6,73.9,54.8,10,7.7,68.0,yes
STU-0001126,18,7.6,58.8,100,10,7.8,69.1,yes
STU-0001127,23,23.3,93.3,100,13,7.4,100,yes
STU-0001128,26,15.5,84.8,100,11,6.8,83.9,yes
STU-0001129,25,14.2,60.5,81.1,11,8.2,70.4,yes
STU-0001130,21,4.7,84.1,92.3,5,6.9,80.0,yes
STU-0001131,18,21.0,100,86.1,7,8.8,90.1,yes
STU-0001132,26,14.1,100,98.0,12,8.5,100,yes
STU-0001133,17,1.3,86.8,55.7,10,7.1,42.0,no
STU-0001134,22,7.4,90.3,85.3,14,5.7,76.5,yes
STU-0001135,19,14.2,88.1,72.8,3,7.3,77.3,yes
STU-0001136,21,17.7,92.0,100,8,7.4,96.7,yes
STU-0001137,21,5.4,88.3,94.4,12,7.3,79.8,yes
STU-0001138,21,14.3,60.6,78.5,3,7.6,66.4,yes
STU-0001139,20,1.0,40.2,20,13,5.9,20.0,no
STU-0001140,18,10.9,74.4,82.5,5,5.4,80.2,yes
STU-0001141,17,10.1,97.4,100,10,7.5,93.0,yes
STU-0001142,19,3.9,78.1,51.6,14,6.8,52.0,no
STU-0001143,26,7.0,74.6,84.8,9,7.7,79.8,yes
STU-0001144,21,18.0,85.6,100,10,7.5,83.4,yes
STU-0001145,18,16.4,69.2,97.9,9,9.4,85.4,yes
STU-0001146,26,11.4,65.0,67.7,14,5.0,60.5,yes
STU-0001147,18,11.0,57.0,55.7,13,9.1,57.6,no
STU-0001148,20,11.2,81.3,100,12,5.9,74.8,yes
STU-0001149,21,11.5,87.7,100,4,7.3,82.3,yes
STU-0001150,18,13.5,77.9,97.2,4,6.7,74.4,yes
STU-0001151,22,11.7,65.6,47.5,9,7.5,63.1,yes
STU-0001152,23,9.0,77.0,96.3,9,7.6,76.2,yes
STU-0001153,23,18.3,85.3,100,11,6.8,80.6,yes
STU-0001154,17,11.2,100,100,10,7.2,94.3,yes
STU-0001155,18,9.2,76.0,88.3,9,6.5,74.3,yes
STU-0001156,18,20.6,95.3,100,5,8.1,97.8,yes
STU-0001157,25,12.9,78.7,85.3,4,6.7,78.5,yes
STU-0001158,22,22.5,93.4,100,11,6.4,85.5,yes
STU-0001159,19,12.5,95.1,100,14,6.9,75.8,yes
STU-0001160,18,19.2,98.7,100,5,7.8,100,yes
STU-0001161,19,8.3,74.7,100,3,7.0,84.0,yes
STU-0001162,18,10.6,100,95.2,10,7.0,82.4,yes
STU-0001163,21,7.8,78.7,87.4,13,7.9,88.0,yes
STU-0001164,25,10.7,60.8,83.9,10,6.9,56.1,no
STU-0001165,20,4.3,77.4,58.3,12,7.6,57.9,no
STU-0001166,22,5.1,62.4,60.8,11,5.4,39.2,no
STU-0001167,22,25.2,94.5,96.9,7,7.5,98.8,yes
STU-0001168,25,11.9,80.5,38.8,8,7.0,55.3,no
STU-0001169,22,15.9,60.4,71.3,13,7.7,73.0,yes
STU-0001170,19,8.2,92.6,96.9,10,6.4,83.4,yes
STU-0001171,25,20.3,85.2,67.7,9,5.6,69.7,yes
STU-0001172,21,1.2,87.0,97.9,8,7.2,57.8,no
STU-0001173,20,1.0,64.3,42.5,3,6.4,28.4,no
STU-0001174,21,5.6,47.6,29.3,13,5.9,37.2,no
STU-0001175,21,6.3,56.8,47.8,9,6.7,42.6,no
STU-0001176,19,13.7,75.6,70.9,9,6.1,69.3,yes
STU-0001177,26,17.7,67.3,79.5,7,6.4,89.4,yes
STU-0001178,22,19.1,91.9,100,9,8.5,84.1,yes
STU-0001179,20,11.1,85.3,98.8,3,8.1,92.7,yes
STU-0001180,19,8.6,74.4,96.0,4,7.2,76.8,yes
STU-0001181,22,7.4,90.2,97.7,12,7.9,78.6,yes
STU-0001182,22,4.5,47.8,64.6,5,5.8,60.0,no
STU-0001183,17,18.9,80.2,100,10,6.8,80.6,yes
STU-0001184,22,3.1,81.8,67.7,7,8.0,73.0,yes
STU-0001185,24,4.4,67.8,92.6,3,5.8,65.7,yes
STU-0001186,18,17.4,76.3,100,8,7.2,68.4,yes
STU-0001187,25,6.1,80.8,75.7,10,9.1,89.2,yes
STU-0001188,19,5.8,70.7,56.6,9,5.9,62.3,yes
STU-0001189,23,11.0,59.6,70.0,10,5.0,55.6,no
STU-0001190,19,13.9,83.2,78.8,9,6.9,68.4,yes
STU-0001191,19,10.3,74.9,60.8,3,7.4,66.8,yes
STU-0001192,23,8.7,66.4,38.2,14,5.5,55.4,no
STU-0001193,18,8.4,82.2,59.4,13,7.7,77.2,yes
STU-0001194,18,14.7,92.0,81.2,5,7.2,71.7,yes
STU-0001195,19,10.8,57.8,94.2,4,7.0,72.7,yes
STU-0001196,18,13.8,68.7,72.9,3,6.7,60.6,yes
STU-0001197,21,10.6,63.0,90.5,8,5.9,70.7,yes
STU-0001198,18,16.2,100,100,13,7.8,93.7,yes
STU-0001199,18,16.1,63.5,81.2,4,6.9,65.3,yes
STU-0001200,17,11.8,93.7,90.2,3,6.9,77.2,yes
STU-0001201,20,8.4,94.0,100,5,7.8,82.3,yes
STU-0001202,21,9.6,64.6,39.1,10,7.1,57.3,no
STU-0001203,24,9.7,80.7,81.7,11,7.4,68.9,yes
STU-0001204,22,10.9,84.1,70.7,13,7.4,66.7,yes
STU-0001205,21,16.1,91.6,88.7,9,7.6,89.4,yes
STU-0001206,19,13.7,64.8,73.7,12,6.8,72.1,yes
STU-0001207,17,11.8,82.5,53.3,11,7.2,60.7,yes
STU-0001208,19,15.0,92.6,100,12,8.2,96.0,yes
STU-0001209,19,8.7,80.0,70.4,7,7.0,71.9,yes
STU-0001210,24,1.8,67.6,77.8,13,6.0,64.8,yes
STU-0001211,19,5.6,50.3,70.8,11,6.4,62.6,yes
STU-0001212,24,18.8,81.7,100,4,8.0,84.7,yes
STU-0001213,26,6.2,85.8,79.6,12,6.4,64.8,yes
STU-0001214,21,5.6,47.4,81.1,12,7.5,77.4,yes
STU-0001215,18,4.7,78.2,76.4,6,7.0,64.9,yes
STU-0001216,23,2.6,56.1,80.1,10,6.8,61.0,yes
STU-0001217,19,7.5,64.1,91.7,11,7.2,78.5,yes
STU-0001218,19,15.6,81.3,100,3,7.8,90.3,yes
STU-0001219,25,16.1,89.9,100,9,5.8,82.3,yes
STU-0001220,25,11.5,64.0,73.3,13,7.0,69.0,yes
STU-0001221,23,7.0,84.1,100,5,6.7,78.9,yes
STU-0001222,22,1.2,68.8,78.1,9,8.2,67.0,yes
STU-0001223,23,3.4,68.3,32.8,4,6.7,49.6,no
STU-0001224,25,1.0,73.0,53.1,3,6.4,42.7,no
STU-0001225,19,15.0,79.4,77.4,7,7.7,76.0,yes
STU-0001226,20,17.5,81.9,86.6,7,6.3,80.1,yes
STU-0001227,18,13.3,86.4,100,10,7.2,94.0,yes
STU-0001228,21,20.9,72.4,100,13,7.3,87.8,yes
STU-0001229,19,10.9,79.9,61.5,13,7.0,66.2,yes
STU-0001230,23,7.0,75.0,82.2,11,6.9,95.1,yes
STU-0001231,18,2.0,73.4,100,14,7.3,60.1,yes
STU-0001232,19,5.4,62.2,70.3,11,6.3,27.8,no
STU-0001233,26,12.2,63.3,94.4,5,6.3,66.9,yes
STU-0001234,18,1.0,56.7,43.0,12,6.7,50.7,no
STU-0001235,18,11.8,90.4,100,14,7.0,80.3,yes
STU-0001236,17,18.8,85.9,100,13,6.4,71.9,yes
STU-0001237,18,9.4,82.5,65.6,6,8.3,64.9,yes
STU-0001238,25,1.6,73.7,99.5,13,6.7,76.7,yes
STU-0001239,19,20.2,86.8,85.7,8,7.5,76.6,yes
STU-0001240,22,18.1,75.7,100,12,7.0,84.2,yes
STU-0001241,24,13.5,67.9,100,7,6.1,86.1,yes
STU-0001242,26,8.8,84.1,83.3,13,5.9,61.5,yes
STU-0001243,22,15.9,76.8,79.7,9,6.7,71.9,yes
STU-0001244,19,11.5,71.5,85.1,11,6.1,59.8,no
STU-0001245,21,1.1,68.4,59.6,13,7.1,52.6,no
STU-0001246,18,6.3,88.0,88.2,3,8.0,73.3,yes
STU-0001247,21,19.9,79.4,73.6,4,6.9,75.2,yes
STU-0001248,24,8.5,78.7,69.8,14,6.8,63.0,yes
STU-0001249,19,2.6,75.2,59.3,7,6.5,60.3,yes
STU-0001250,24,23.7,98.5,100,10,8.3,96.5,yes
STU-0001251,20,3.6,72.7,73.3,14,7.2,66.8,yes
STU-0001252,19,1.0,53.4,53.5,7,6.5,38.6,no
STU-0001253,21,4.9,83.2,74.4,8,6.0,64.6,yes
STU-0001254,21,1.0,55.0,51.9,9,7.8,53.5,no
STU-0001255,21,10.1,90.3,100,10,5.1,79.5,yes
STU-0001256,21,10.1,100,79.2,12,7.8,85.7,yes
STU-0001257,18,23.5,94.4,100,14,8.1,100,yes
STU-0001258,22,17.8,82.1,100,12,7.2,83.4,yes
STU-0001259,17,18.4,88.7,100,8,8.5,90.2,yes
STU-0001260,20,1.0,39.9,46.5,11,3.9,36.9,no
STU-0001261,24,13.6,78.1,66.5,3,7.1,62.5,yes
STU-0001262,20,11.6,89.1,100,3,6.9,81.0,yes
STU-0001263,22,7.8,61.9,82.9,4,6.9,59.9,no
STU-0001264,19,6.0,82.2,78.2,5,7.0,65.9,yes
STU-0001265,17,17.5,79.7,98.9,8,6.6,89.5,yes
STU-0001266,18,4.9,62.7,55.9,8,6.2,60.2,yes
STU-0001267,19,8.2,75.4,46.9,14,8.7,67.7,yes
STU-0001268,23,12.8,87.9,87.0,7,8.8,83.5,yes
STU-0001269,26,10.6,49.3,70.4,7,5.9,68.8,yes
STU-0001270,26,13.8,88.0,63.8,8,8.1,62.7,yes
STU-0001271,22,7.2,71.9,100,9,7.0,72.8,yes
STU-0001272,22,15.7,90.9,100,12,9.4,94.5,yes
STU-0001273,17,13.7,72.3,100,8,7.2,84.5,yes
STU-0001274,25,23.9,83.0,92.1,14,7.0,61.8,yes
STU-0001275,23,1.0,66.3,51.4,6,6.3,54.1,no
STU-0001276,26,4.4,82.1,100,10,8.4,75.5,yes
STU-0001277,19,2.2,83.4,66.7,7,5.7,62.7,yes
STU-0001278,22,9.7,76.2,91.8,3,7.7,81.6,yes
STU-0001279,17,1.0,60.4,43.1,13,6.4,38.4,no
STU-0001280,25,15.0,83.2,100,12,6.5,82.2,yes
STU-0001281,25,12.5,89.3,87.3,6,6.2,84.5,yes
STU-0001282,18,10.0,58.6,99.3,7,5.7,85.5,yes
STU-0001283,21,13.2,69.5,48.5,6,9.4,74.5,yes
STU-0001284,21,12.4,94.1,100,14,8.4,94.3,yes
STU-0001285,23,16.2,86.9,100,5,8.1,89.5,yes
STU-0001286,21,10.6,56.1,54.6,3,6.6,48.0,no
STU-0001287,19,17.8,78.4,93.6,3,7.4,85.1,yes
STU-0001288,18,10.6,82.8,90.1,6,8.0,83.0,yes
STU-0001289,22,1.0,42.4,61.4,11,7.4,52.2,no
STU-0001290,20,13.9,100,98.3,3,7.1,96.2,yes
STU-0001291,23,8.5,74.9,100,6,7.8,85.5,yes
STU-0001292,26,11.9,70.1,100,9,8.3,80.6,yes
STU-0001293,21,1.0,89.0,83.0,3,7.6,72.0,yes
STU-0001294,18,16.7,85.6,75.2,13,7.0,62.7,yes
STU-0001295,21,18.9,91.4,84.9,13,8.8,96.9,yes
STU-0001296,20,6.3,85.0,97.5,10,6.0,70.0,yes
STU-0001297,20,13.6,65.9,98.0,13,8.7,88.1,yes
STU-0001298,20,2.0,67.2,47.7,7,6.9,60.0,no
STU-0001299,20,18.5,63.8,77.3,5,6.6,74.8,yes
STU-0001300,23,19.8,100,100,4,6.2,100,yes
STU-0001301,18,13.7,90.8,100,4,7.9,84.4,yes
STU-0001302,26,18.2,83.1,80.7,13,6.5,78.6,yes
STU-0001303,18,6.4,77.8,66.2,8,5.9,59.4,no
STU-0001304,20,15.7,80.0,100,13,7.1,87.0,yes
STU-0001305,20,13.5,87.7,100,13,7.7,85.6,yes
STU-0001306,24,11.0,74.7,96.2,8,5.1,75.9,yes
STU-0001307,21,3.6,73.1,48.8,6,6.3,42.5,no
STU-0001308,19,19.9,79.5,93.2,8,6.5,80.6,yes
STU-0001309,23,3.4,68.5,61.8,8,8.2,61.6,yes
STU-0001310,20,4.1,42.2,61.5,12,6.8,56.3,no
STU-0001311,26,11.4,78.6,100,3,7.6,93.0,yes
STU-0001312,25,3.4,81.9,42.5,9,7.0,44.7,no
STU-0001313,21,5.8,74.2,100,14,6.8,72.5,yes
STU-0001314,17,21.9,93.7,100,5,6.9,85.0,yes
STU-0001315,21,6.8,76.4,99.8,13,6.9,81.6,yes
STU-0001316,18,13.7,76.6,100,13,5.5,80.9,yes
STU-0001317,20,10.3,71.0,85.8,10,7.8,71.7,yes
STU-0001318,19,7.0,96.5,82.4,7,7.5,78.2,yes
STU-0001319,20,7.8,58.6,77.8,5,6.3,69.3,yes
STU-0001320,18,11.2,76.1,84.1,14,8.1,79.1,yes
STU-0001321,25,15.1,65.4,100,5,7.3,79.0,yes
STU-0001322,20,12.8,73.9,73.4,10,6.6,64.6,yes
STU-0001323,26,16.1,80.8,58.5,5,6.4,56.3,no
STU-0001324,21,10.3,100,94.2,14,8.4,83.5,yes
STU-0001325,26,10.5,63.9,54.6,6,5.8,61.1,yes
STU-0001326,17,6.7,74.0,77.9,11,6.1,58.4,no
STU-0001327,23,11.8,100,98.1,6,8.4,96.1,yes
STU-0001328,26,1.0,87.4,100,12,7.5,85.7,yes
STU-0001329,21,10.0,72.4,78.9,8,6.5,71.4,yes
STU-0001330,21,13.4,90.1,100,12,8.9,87.2,yes
STU-0001331,20,22.1,100,100,7,8.9,93.2,yes
STU-0001332,17,2.3,90.3,77.0,7,7.1,50.5,no
STU-0001333,19,6.6,92.0,67.0,11,6.2,61.6,yes
STU-0001334,21,15.2,72.6,82.8,3,7.4,76.7,yes
STU-0001335,20,15.1,76.0,94.5,7,6.6,80.9,yes
STU-0001336,22,23.9,89.0,100,5,7.1,92.7,yes
STU-0001337,25,5.2,84.7,100,9,6.9,71.5,yes
STU-0001338,21,4.8,70.4,59.1,4,6.0,60.0,no
STU-0001339,23,15.9,87.9,75.8,7,8.2,83.0,yes
STU-0001340,21,16.2,74.2,88.7,13,6.2,65.2,yes
STU-0001341,25,12.7,100,100,13,7.1,86.1,yes
STU-0001342,17,2.6,64.5,75.0,10,7.4,61.7,yes
STU-0001343,19,2.7,54.1,85.3,12,6.6,72.4,yes
STU-0001344,19,1.5,58.0,37.9,3,6.9,47.5,no
STU-0001345,21,1.0,58.6,55.7,3,7.3,53.7,no
STU-0001346,18,14.2,63.4,57.4,6,6.2,57.7,no
STU-0001347,19,15.7,83.2,81.2,4,5.7,78.7,yes
STU-0001348,21,10.6,67.3,69.2,14,7.8,64.0,yes
STU-0001349,24,2.0,53.9,29.4,9,6.8,24.8,no
STU-0001350,21,7.3,76.9,77.0,5,8.9,68.8,yes
STU-0001351,18,1.0,67.7,72.2,6,5.9,58.9,no
STU-0001352,17,3.0,40.5,83.8,14,6.5,63.1,yes
STU-0001353,23,1.0,53.3,74.4,13,6.2,55.8,no
STU-0001354,22,15.1,73.1,94.0,10,7.3,51.4,no
STU-0001355,25,7.3,89.2,100,7,6.3,79.1,yes
STU-0001356,19,7.6,73.6,53.4,7,6.0,51.5,no
STU-0001357,24,24.6,87.1,100,11,8.3,89.5,yes
STU-0001358,18,16.5,72.7,100,14,6.6,78.1,yes
STU-0001359,19,14.1,79.0,74.6,8,8.1,74.0,yes
STU-0001360,21,2.5,66.1,37.5,3,5.6,43.7,no
STU-0001361,17,9.8,74.8,100,3,7.6,78.6,yes
STU-0001362,21,15.0,74.9,97.5,12,8.0,93.3,yes
STU-0001363,20,19.0,89.6,100,7,7.5,83.7,yes
STU-0001364,18,10.6,89.3,100,7,8.1,100,yes
STU-0001365,19,23.2,94.9,100,13,8.5,91.3,yes
STU-0001366,26,9.4,97.8,100,6,7.6,80.8,yes
STU-0001367,18,19.8,84.8,100,12,9.5,82.3,yes
STU-0001368,21,15.9,84.7,92.3,9,6.7,77.2,yes
STU-0001369,18,27.1,93.2,100,9,7.5,100,yes
STU-0001370,23,8.5,67.5,69.0,13,7.9,65.8,yes
STU-0001371,26,2.9,77.8,68.4,12,5.4,61.2,yes
STU-0001372,18,1.0,61.1,70.3,6,5.9,49.6,no
STU-0001373,21,26.1,88.2,100,7,8.4,96.2,yes
STU-0001374,24,17.6,100,100,8,6.9,83.7,yes
STU-0001375,19,1.0,51.6,48.6,10,5.8,42.1,no
STU-0001376,21,19.4,73.4,73.5,12,8.2,82.1,yes
STU-0001377,24,25.4,88.2,100,14,7.2,81.4,yes
STU-0001378,19,19.4,100,100,8,7.3,85.6,yes
STU-0001379,20,20.1,96.1,100,14,9.0,85.9,yes
STU-0001380,26,8.4,66.9,70.7,10,6.7,59.6,no
STU-0001381,21,27.2,90.3,100,11,8.1,100,yes
STU-0001382,21,12.2,69.0,72.6,11,6.8,66.9,yes
STU-0001383,19,5.7,78.1,72.7,3,8.0,72.2,yes
STU-0001384,21,8.4,68.5,85.6,6,7.3,82.1,yes
STU-0001385,21,17.1,100,100,11,7.3,93.5,yes
STU-0001386,18,2.0,62.3,50.4,12,7.1,63.1,yes
STU-0001387,20,13.4,78.2,99.8,11,7.1,83.3,yes
STU-0001388,19,1.0,59.9,20,3,6.9,32.7,no
STU-0001389,22,16.0,68.0,87.7,9,6.5,77.1,yes
STU-0001390,21,17.5,85.7,100,8,7.8,71.5,yes
STU-0001391,24,6.0,77.0,78.8,7,7.7,64.2,yes
STU-0001392,18,12.8,92.4,84.6,4,7.0,82.2,yes
STU-0001393,26,18.7,57.5,100,4,7.8,76.7,yes
STU-0001394,18,9.5,73.6,72.4,8,7.2,70.7,yes
STU-0001395,19,9.3,82.2,99.3,4,7.8,82.2,yes
STU-0001396,25,7.4,89.0,77.0,10,6.5,58.5,no
STU-0001397,25,7.2,74.2,87.6,12,8.7,78.5,yes
STU-0001398,26,1.0,54.7,47.2,6,6.1,44.9,no
STU-0001399,20,10.2,77.6,95.7,3,7.3,86.0,yes
STU-0001400,20,15.6,65.1,83.0,11,6.6,76.8,yes
STU-0001401,25,2.6,70.6,88.8,4,7.9,72.4,yes
STU-0001402,21,10.1,93.3,100,3,8.2,85.7,yes
STU-0001403,19,13.0,76.7,85.7,14,8.8,73.5,yes
STU-0001404,26,13.9,75.2,99.8,5,8.7,83.2,yes
STU-0001405,17,1.0,68.1,37.3,3,6.7,47.2,no
STU-0001406,19,1.0,57.0,64.8,8,4.8,53.6,no
STU-0001407,24,13.0,80.2,100,9,7.4,78.4,yes
STU-0001408,19,1.0,68.3,47.7,11,7.9,43.7,no
STU-0001409,26,18.1,86.1,87.7,3,8.2,86.6,yes
STU-0001410,22,5.6,81.8,100,10,8.6,86.8,yes
STU-0001411,22,7.7,95.5,100,6,7.3,81.3,yes
STU-0001412,23,12.4,89.6,92.9,4,7.5,93.9,yes
STU-0001413,21,8.7,75.8,72.9,11,7.7,66.6,yes
STU-0001414,26,10.1,100,94.4,13,6.7,66.8,yes
STU-0001415,18,20.3,93.4,100,9,8.5,96.1,yes
STU-0001416,21,15.4,75.9,89.5,6,7.1,85.1,yes
STU-0001417,21,14.4,78.0,70.8,4,7.6,74.1,yes
STU-0001418,21,22.2,89.5,100,13,7.0,87.0,yes
STU-0001419,20,12.8,89.6,75.4,5,7.6,75.0,yes
STU-0001420,20,13.8,77.9,94.5,3,7.0,80.1,yes
STU-0001421,21,1.0,65.6,51.8,5,6.3,42.1,no
STU-0001422,25,15.1,87.9,100,4,7.3,84.4,yes
STU-0001423,21,11.9,82.4,100,14,7.0,80.4,yes
STU-0001424,20,1.6,64.7,59.4,6,6.2,52.4,no
STU-0001425,21,10.9,79.6,83.1,3,7.6,81.4,yes
STU-0001426,20,1.7,56.9,71.7,7,7.1,57.2,no
STU-0001427,26,19.9,77.2,100,12,6.2,84.2,yes
STU-0001428,19,21.9,83.0,86.5,9,7.0,86.2,yes
STU-0001429,24,13.1,86.8,78.5,3,7.2,66.9,yes
STU-0001430,19,19.0,86.2,100,9,7.0,85.3,yes
STU-0001431,22,19.7,79.4,100,4,8.8,92.2,yes
STU-0001432,20,12.1,77.2,56.6,6,7.1,61.3,yes
STU-0001433,19,13.9,90.6,100,14,6.0,87.9,yes
STU-0001434,26,17.1,78.8,100,5,7.5,73.2,yes
STU-0001435,25,20.8,84.9,87.5,12,8.0,89.8,yes
STU-0001436,20,8.9,69.8,67.7,13,8.1,69.9,yes
STU-0001437,17,15.6,83.3,100,14,7.0,82.0,yes
STU-0001438,20,8.3,67.4,84.2,9,6.9,57.8,no
STU-0001439,24,11.5,55.6,88.2,6,6.5,67.5,yes
STU-0001440,21,1.0,51.8,67.1,3,5.8,53.8,no
STU-0001441,24,15.9,91.4,100,6,6.8,91.0,yes
STU-0001442,25,4.9,72.4,94.7,12,5.9,68.3,yes
STU-0001443,20,4.6,74.9,86.3,3,8.3,82.2,yes
STU-0001444,20,1.0,60.5,61.2,12,7.4,33.5,no
STU-0001445,23,15.5,95.7,77.6,5,8.6,89.9,yes
STU-0001446,25,9.2,74.0,88.1,11,9.0,74.2,yes
STU-0001447,26,16.1,95.1,100,12,6.9,95.0,yes
STU-0001448,23,8.9,89.6,53.9,8,7.3,69.6,yes
STU-0001449,18,4.2,63.7,94.9,6,7.1,68.1,yes
STU-0001450,21,1.0,52.1,50.8,11,6.2,48.9,no
STU-0001451,17,11.8,83.7,100,5,7.7,75.7,yes
STU-0001452,18,10.5,99.3,91.0,5,7.6,84.3,yes
STU-0001453,21,1.0,48.4,53.3,11,5.7,47.7,no
STU-0001454,22,7.1,65.8,50.1,3,7.9,52.5,no
STU-0001455,20,1.0,36.7,34.0,5,5.9,42.7,no
STU-0001456,26,8.9,54.3,45.9,13,7.0,48.3,no
STU-0001457,18,9.4,86.7,100,6,8.9,90.4,yes
STU-0001458,26,20.0,87.8,100,10,7.5,89.7,yes
STU-0001459,26,19.1,99.5,100,5,8.1,87.3,yes
STU-0001460,21,11.9,74.7,100,5,6.8,83.9,yes
STU-0001461,18,11.7,88.8,79.8,6,7.7,84.2,yes
STU-0001462,21,9.7,98.5,88.8,12,7.1,79.1,yes
STU-0001463,21,11.4,92.8,100,4,6.8,87.1,yes
STU-0001464,17,11.2,74.7,100,11,7.0,91.0,yes
STU-0001465,24,22.4,98.7,88.7,4,7.9,86.7,yes
STU-0001466,18,15.2,91.3,94.2,14,6.1,84.4,yes
STU-0001467,20,1.0,81.1,61.5,14,5.6,56.1,no
STU-0001468,26,6.8,82.0,71.1,4,6.2,69.7,yes
STU-0001469,23,32.4,100,100,13,7.1,92.1,yes
STU-0001470,18,1.0,47.3,45.1,4,6.0,37.1,no
STU-0001471,18,3.5,79.8,80.2,3,7.5,69.0,yes
STU-0001472,21,12.9,100,100,12,7.1,80.3,yes
STU-0001473,25,1.0,52.8,81.6,3,6.8,64.4,yes
STU-0001474,19,17.9,79.9,81.5,5,8.1,72.4,yes
STU-0001475,20,17.6,72.2,63.2,8,6.9,68.5,yes
STU-0001476,22,12.1,83.0,100,10,7.1,81.1,yes
STU-0001477,24,4.9,80.9,84.8,14,6.8,70.4,yes
STU-0001478,20,12.2,84.4,86.7,4,8.0,88.6,yes
STU-0001479,23,19.3,89.4,89.6,12,8.5,93.2,yes
STU-0001480,18,19.4,96.1,98.9,12,7.7,92.5,yes
STU-0001481,26,14.2,81.8,100,10,7.7,80.2,yes
STU-0001482,20,1.6,79.3,78.3,5,6.0,63.1,yes
STU-0001483,26,9.4,64.3,66.6,6,8.4,67.0,yes
STU-0001484,23,12.1,92.5,100,10,7.7,79.5,yes
STU-0001485,26,23.8,78.8,100,13,6.7,86.3,yes
STU-0001486,21,20.7,83.3,100,10,8.5,90.3,yes
STU-0001487,20,7.6,94.5,74.5,11,7.2,68.9,yes
STU-0001488,20,19.3,82.9,78.2,8,7.8,80.0,yes
STU-0001489,23,1.0,71.9,72.8,8,7.5,59.8,no
STU-0001490,24,9.3,80.4,84.2,8,6.7,71.3,yes
STU-0001491,25,15.5,88.1,100,5,7.5,89.0,yes
STU-0001492,21,5.9,70.2,73.5,10,7.8,78.0,yes
STU-0001493,26,13.8,91.6,80.1,12,5.9,73.8,yes
STU-0001494,21,16.2,81.7,100,9,8.0,80.8,yes
STU-0001495,17,16.7,80.5,100,8,7.3,87.2,yes
STU-0001496,22,11.4,83.7,75.7,7,6.7,68.1,yes
STU-0001497,18,7.9,81.0,73.6,8,6.1,67.1,yes
STU-0001498,19,11.7,80.2,88.6,12,8.4,82.3,yes
STU-0001499,23,14.9,67.3,74.3,11,7.6,79.9,yes
STU-0001500,23,10.0,74.5,93.0,8,6.9,76.3,yes
STU-0001501,19,11.3,80.9,100,4,5.2,81.0,yes
STU-0001502,19,16.5,90.7,82.6,6,7.6,76.4,yes
STU-0001503,24,18.6,62.8,76.1,14,7.2,72.5,yes
STU-0001504,18,8.3,81.7,82.6,6,7.6,74.7,yes
STU-0001505,20,22.0,88.9,88.6,7,7.7,86.1,yes
STU-0001506,18,3.7,62.5,49.5,10,7.3,55.8,no
STU-0001507,25,12.7,80.1,100,10,6.8,85.7,yes
STU-0001508,23,1.0,68.4,58.8,8,4.8,49.5,no
STU-0001509,24,9.3,84.4,94.2,13,6.8,82.1,yes
STU-0001510,26,16.5,90.0,100,14,8.4,99.4,yes
STU-0001511,18,6.7,85.0,70.4,12,8.3,77.3,yes
STU-0001512,21,2.6,61.4,30.3,12,6.6,40.5,no
STU-0001513,18,1.0,77.6,99.3,9,7.9,76.4,yes
STU-0001514,24,13.7,100,99.9,14,8.2,100,yes
STU-0001515,19,19.0,79.9,85.5,7,7.8,83.5,yes
STU-0001516,17,20.9,89.2,100,5,7.9,100,yes
STU-0001517,17,19.6,75.6,71.4,9,8.3,75.0,yes
STU-0001518,20,7.1,86.3,95.7,14,7.9,93.3,yes
STU-0001519,25,15.2,88.8,100,7,7.1,89.9,yes
STU-0001520,17,14.9,93.0,100,4,7.4,61.4,yes
STU-0001521,19,10.1,88.1,79.4,13,6.6,69.4,yes
STU-0001522,20,20.6,91.9,100,7,6.8,92.1,yes
STU-0001523,20,7.6,65.3,100,12,4.6,67.8,yes
STU-0001524,20,21.2,96.7,89.7,13,6.8,92.1,yes
STU-0001525,18,20.6,61.5,88.8,3,6.2,68.7,yes
STU-0001526,19,12.9,72.1,84.6,3,6.6,82.1,yes
STU-0001527,21,12.5,96.4,100,11,7.4,84.4,yes
STU-0001528,20,13.1,89.8,100,7,7.4,81.5,yes
STU-0001529,22,13.1,71.9,100,8,7.0,51.2,no
STU-0001530,23,20.9,79.8,100,7,6.8,88.0,yes
STU-0001531,25,12.5,97.9,84.6,4,7.7,81.7,yes
STU-0001532,18,8.6,98.2,100,4,6.9,83.2,yes
STU-0001533,18,13.6,65.6,99.6,12,7.2,72.7,yes
STU-0001534,18,8.7,73.5,42.9,3,6.4,56.4,no
STU-0001535,18,14.7,78.1,50.6,5,6.6,60.4,yes
STU-0001536,22,10.3,81.9,95.5,3,7.4,89.6,yes
STU-0001537,26,1.8,85.3,91.8,3,9.5,79.7,yes
STU-0001538,20,6.7,79.6,81.9,14,6.5,68.1,yes
STU-0001539,22,16.2,91.8,100,13,7.5,89.3,yes
STU-0001540,23,8.8,83.8,75.6,5,6.0,77.8,yes
STU-0001541,19,5.4,81.7,75.2,12,7.4,61.6,yes
STU-0001542,21,19.4,90.2,91.4,13,8.2,79.9,yes
STU-0001543,22,5.6,60.1,54.0,10,6.8,54.1,no
STU-0001544,18,14.4,100,95.6,10,8.4,90.0,yes
STU-0001545,19,19.2,91.2,99.8,11,5.5,91.2,yes
STU-0001546,21,20.5,94.6,100,6,7.8,95.0,yes
STU-0001547,23,1.6,52.6,61.8,11,7.0,49.5,no
STU-0001548,19,12.5,80.4,100,3,5.9,75.9,yes
STU-0001549,21,9.3,74.5,86.8,12,5.5,70.6,yes
STU-0001550,19,6.4,41.1,51.3,3,7.4,53.1,no
STU-0001551,23,24.0,95.8,85.9,13,7.5,87.7,yes
STU-0001552,17,21.8,77.7,100,6,7.5,81.0,yes
STU-0001553,25,16.2,80.8,90.6,14,8.5,91.8,yes
STU-0001554,21,25.0,91.2,100,14,6.4,86.1,yes
STU-0001555,19,2.9,75.1,62.0,5,7.5,62.8,yes
STU-0001556,23,6.1,78.5,96.5,11,6.5,71.9,yes
STU-0001557,21,1.0,51.9,72.9,7,6.3,69.4,yes
STU-0001558,18,12.0,100,85.3,12,8.5,75.9,yes
STU-0001559,18,1.3,65.1,98.1,11,6.8,74.5,yes
STU-0001560,21,4.1,51.6,69.1,6,6.2,26.3,no
STU-0001561,20,12.5,100,100,5,5.9,81.6,yes
STU-0001562,22,14.4,82.3,80.3,11,6.9,68.8,yes
STU-0001563,19,8.7,83.2,83.1,5,6.1,64.1,yes
STU-0001564,23,19.5,75.4,86.4,9,7.3,76.6,yes
STU-0001565,20,13.0,81.8,100,3,6.4,86.7,yes
STU-0001566,24,1.0,44.2,65.7,10,6.3,50.3,no
STU-0001567,19,7.8,83.3,92.7,6,6.2,71.2,yes
STU-0001568,21,8.7,64.3,76.5,13,7.1,58.2,no
STU-0001569,26,7.3,95.8,97.3,7,7.8,79.0,yes
STU-0001570,19,14.8,75.3,85.4,3,6.3,65.6,yes
STU-0001571,19,15.8,100,100,4,8.6,98.7,yes
STU-0001572,20,5.6,62.4,85.5,8,7.0,62.9,yes
STU-0001573,26,1.4,43.8,39.5,13,6.4,41.7,no
STU-0001574,21,1.0,67.0,56.5,14,6.7,53.5,no
STU-0001575,18,7.1,84.3,90.6,11,6.0,51.6,no
STU-0001576,19,8.9,79.4,70.2,9,7.2,77.0,yes
STU-0001577,20,28.1,92.5,97.8,11,6.7,75.7,yes
STU-0001578,22,14.3,85.2,88.2,12,8.4,75.9,yes
STU-0001579,20,19.1,76.0,100,9,7.9,81.5,yes
STU-0001580,22,22.0,76.8,100,13,7.1,99.4,yes
STU-0001581,19,16.1,82.4,87.9,14,7.3,91.2,yes
STU-0001582,24,1.0,71.2,53.7,14,5.9,47.4,no
STU-0001583,19,12.5,85.9,99.7,14,6.5,76.0,yes
STU-0001584,17,6.6,89.9,80.6,3,7.0,75.3,yes
STU-0001585,26,4.8,69.3,46.1,12,6.7,52.6,no
STU-0001586,23,7.4,86.2,79.4,10,6.1,64.1,yes
STU-0001587,20,15.4,76.2,95.9,10,6.0,84.2,yes
STU-0001588,19,12.2,80.0,49.4,7,6.9,56.0,no
STU-0001589,17,10.6,91.4,69.1,7,8.0,72.0,yes
STU-0001590,22,8.3,58.3,25.9,9,6.6,42.7,no
STU-0001591,26,13.6,62.5,55.5,8,7.1,50.1,no
STU-0001592,23,12.7,84.6,100,10,6.8,86.8,yes
STU-0001593,25,17.4,66.2,58.3,14,7.9,63.2,yes
STU-0001594,24,9.3,91.1,93.8,12,6.2,87.4,yes
STU-0001595,17,13.7,63.0,72.0,14,8.2,78.7,yes
STU-0001596,22,7.9,79.4,92.2,14,7.3,78.2,yes
STU-0001597,24,13.6,87.0,100,6,8.0,99.4,yes
STU-0001598,21,5.2,55.7,60.7,10,7.7,63.4,yes
STU-0001599,26,1.8,73.4,61.2,5,9.2,65.9,yes
STU-0001600,19,1.9,59.9,80.3,11,7.6,69.1,yes
STU-0001601,25,17.8,78.3,100,12,9.2,96.4,yes
STU-0001602,25,22.2,98.7,100,5,6.7,100,yes
STU-0001603,19,11.7,66.8,76.4,14,6.5,67.3,yes
STU-0001604,22,7.4,53.0,91.2,14,5.8,67.2,yes
STU-0001605,25,6.2,51.2,34.7,11,6.3,49.6,no
STU-0001606,20,7.4,79.6,78.6,7,7.5,73.2,yes
STU-0001607,19,21.4,92.2,100,12,6.1,85.1,yes
STU-0001608,23,1.0,69.5,68.1,8,7.0,55.8,no
STU-0001609,19,2.1,64.6,80.1,5,6.1,54.7,no
STU-0001610,22,15.2,80.6,64.1,5,6.1,63.0,yes
STU-0001611,19,12.9,64.0,100,5,6.7,70.7,yes
STU-0001612,23,6.6,60.6,57.0,13,5.6,47.6,no
STU-0001613,25,10.5,88.7,88.8,7,8.0,69.7,yes
STU-0001614,24,2.2,86.0,54.5,12,5.8,50.5,no
STU-0001615,25,8.9,65.5,70.7,11,7.3,63.4,yes
STU-0001616,23,2.1,79.6,62.0,8,4.8,68.1,yes
STU-0001617,23,17.2,89.1,100,5,7.7,91.9,yes
STU-0001618,26,5.5,73.8,92.7,3,10,84.0,yes
STU-0001619,18,1.0,45.0,35.2,9,6.8,47.0,no
STU-0001620,23,9.8,80.0,93.4,7,7.2,79.3,yes
STU-0001621,18,17.9,100,100,12,8.0,97.3,yes
STU-0001622,23,15.5,88.6,100,9,4.7,78.9,yes
STU-0001623,23,9.0,78.7,100,12,7.1,84.6,yes
STU-0001624,17,14.2,72.4,100,11,7.3,79.6,yes
STU-0001625,19,8.9,75.1,100,10,7.8,80.2,yes
STU-0001626,25,15.5,75.9,85.9,11,7.5,85.7,yes
STU-0001627,21,12.9,85.3,99.7,13,8.4,87.0,yes
STU-0001628,17,11.4,74.7,79.1,4,5.4,68.8,yes
STU-0001629,22,4.0,50.1,38.7,11,6.1,42.6,no
STU-0001630,20,5.2,89.8,83.8,9,7.2,81.3,yes
STU-0001631,24,11.9,83.4,78.9,10,7.0,63.2,yes
STU-0001632,18,2.7,68.8,100,10,5.9,75.9,yes
STU-0001633,18,18.4,96.2,100,11,6.2,94.1,yes
STU-0001634,19,8.3,93.2,100,14,7.9,90.6,yes
STU-0001635,20,14.1,75.2,61.0,9,7.6,71.8,yes
STU-0001636,24,18.5,90.4,92.4,13,7.2,84.8,yes
STU-0001637,20,2.2,54.2,20,12,6.8,30.7,no
STU-0001638,18,1.0,77.5,66.2,10,7.0,63.2,yes
STU-0001639,19,5.1,54.5,45.2,8,7.2,49.3,no
STU-0001640,18,11.6,87.8,74.4,8,8.2,70.1,yes
STU-0001641,25,12.8,77.3,98.7,3,6.8,92.1,yes
STU-0001642,21,2.1,67.4,53.8,8,7.0,54.8,no
STU-0001643,20,2.4,92.7,100,10,7.2,82.8,yes
STU-0001644,21,23.9,81.4,100,12,8.1,100,yes
STU-0001645,21,9.5,60.3,51.0,12,8.0,48.0,no
STU-0001646,19,7.7,81.0,100,6,7.2,76.1,yes
STU-0001647,26,4.8,67.0,58.1,7,8.1,60.1,yes
STU-0001648,18,14.2,94.8,100,5,6.6,89.4,yes
STU-0001649,19,17.0,100,100,4,9.7,94.5,yes
STU-0001650,26,23.3,77.1,88.1,7,7.1,75.9,yes
STU-0001651,21,4.3,48.9,62.1,5,6.0,66.2,yes
STU-0001652,25,6.3,100,90.3,14,8.0,88.2,yes
STU-0001653,19,14.3,80.4,98.7,5,5.7,81.5,yes
STU-0001654,24,1.0,42.3,20,3,4.8,5.6,no
STU-0001655,26,14.8,71.4,99.9,4,7.1,86.2,yes
STU-0001656,20,5.6,91.5,83.0,4,7.3,76.4,yes
STU-0001657,25,10.9,75.3,92.1,8,7.3,85.5,yes
STU-0001658,18,3.0,52.5,56.8,8,6.5,40.6,no
STU-0001659,21,4.1,57.9,65.3,11,6.5,56.0,no
STU-0001660,18,1.2,71.0,63.6,6,6.0,52.3,no
STU-0001661,18,7.0,84.8,86.9,10,7.5,75.0,yes
STU-0001662,25,9.5,73.9,80.5,8,5.8,66.5,yes
STU-0001663,19,16.6,88.7,94.4,8,8.4,77.2,yes
STU-0001664,26,6.2,79.6,68.8,8,7.3,66.1,yes
STU-0001665,23,13.7,71.6,86.0,8,7.0,74.3,yes
STU-0001666,24,15.1,83.2,99.7,14,7.4,80.5,yes
STU-0001667,23,14.7,92.6,100,3,9.5,99.5,yes
STU-0001668,20,7.5,74.2,86.3,6,6.7,73.8,yes
STU-0001669,26,15.7,93.3,73.7,14,9.3,83.0,yes
STU-0001670,25,10.9,83.4,100,12,6.5,71.0,yes
STU-0001671,21,6.9,79.5,91.0,6,7.0,78.1,yes
STU-0001672,20,1.0,58.1,61.5,8,7.4,45.9,no
STU-0001673,18,14.3,84.0,100,4,6.4,81.3,yes
STU-0001674,25,16.1,83.7,67.4,13,8.1,66.1,yes
STU-0001675,20,15.2,93.5,100,9,7.3,80.3,yes
STU-0001676,17,15.7,93.8,70.6,6,7.0,74.1,yes
STU-0001677,19,7.3,79.0,80.3,10,8.0,70.1,yes
STU-0001678,21,15.2,74.8,67.5,13,7.7,74.4,yes
STU-0001679,18,11.0,83.9,89.2,10,7.2,77.4,yes
STU-0001680,21,12.7,92.7,100,10,6.9,91.4,yes
STU-0001681,20,2.5,66.0,81.6,6,7.4,63.2,yes
STU-0001682,23,19.5,71.9,85.7,5,6.7,82.8,yes
STU-0001683,24,9.0,66.1,67.7,8,8.0,66.1,yes
STU-0001684,23,16.4,61.5,51.7,7,8.0,71.5,yes
STU-0001685,19,8.3,82.6,74.2,4,7.0,51.0,no
STU-0001686,22,4.4,60.4,84.8,7,8.3,72.0,yes
STU-0001687,20,25.2,100,100,14,6.6,100,yes
STU-0001688,26,10.2,67.6,39.5,3,6.1,49.2,no
STU-0001689,23,11.5,82.4,66.6,14,6.6,73.7,yes
STU-0001690,20,17.9,93.8,100,5,6.4,87.9,yes
STU-0001691,18,8.5,52.7,67.9,14,6.0,56.7,no
STU-0001692,23,30.1,100,100,13,8.1,100,yes
STU-0001693,19,6.2,72.5,69.3,6,7.4,71.5,yes
STU-0001694,21,2.1,82.6,59.8,4,8.4,59.9,no
STU-0001695,17,1.0,75.5,83.5,12,5.7,73.2,yes
STU-0001696,22,23.0,100,87.5,11,9.2,96.6,yes
STU-0001697,21,9.8,100.0,100,9,7.7,98.6,yes
STU-0001698,20,3.6,63.8,76.1,3,5.0,57.4,no
STU-0001699,22,16.3,81.5,88.1,4,7.4,79.7,yes
STU-0001700,19,17.1,80.1,97.4,5,6.4,76.1,yes
STU-0001701,23,10.1,67.7,93.3,11,6.9,70.6,yes
STU-0001702,18,24.6,87.7,49.1,10,7.8,33.7,no
STU-0001703,23,1.0,67.2,57.4,3,6.6,53.6,no
STU-0001704,26,19.3,74.3,75.6,12,7.8,74.8,yes
STU-0001705,21,1.0,70.3,40.7,13,6.6,36.8,no
STU-0001706,24,27.9,100,100,4,9.4,93.1,yes
STU-0001707,19,1.0,77.0,79.7,8,6.1,59.6,no
STU-0001708,23,6.0,82.8,82.5,12,6.9,83.7,yes
STU-0001709,20,14.6,75.7,100,9,8.8,92.3,yes
STU-0001710,18,11.8,80.4,69.5,11,7.1,66.4,yes
STU-0001711,18,19.7,98.9,100,5,7.8,92.4,yes
STU-0001712,17,9.9,59.0,20.1,7,6.2,43.1,no
STU-0001713,17,3.3,73.0,77.1,3,6.3,61.4,yes
STU-0001714,19,10.5,78.2,72.7,9,6.6,61.7,yes
STU-0001715,21,5.3,83.7,39.5,3,8.0,52.5,no
STU-0001716,18,7.3,58.6,89.5,6,7.4,70.3,yes
STU-0001717,18,4.0,79.5,98.6,5,6.4,80.1,yes
STU-0001718,19,10.8,72.5,75.3,5,6.9,72.0,yes
STU-0001719,21,14.8,81.8,100,8,7.1,80.3,yes
STU-0001720,18,23.7,85.1,94.8,6,7.4,97.8,yes
STU-0001721,20,3.9,72.4,100,9,6.4,68.3,yes
STU-0001722,21,1.0,68.6,53.7,10,6.4,49.1,no
STU-0001723,20,13.5,82.4,100,3,6.6,87.3,yes
STU-0001724,23,25.2,98.4,100,14,6.7,90.9,yes
STU-0001725,24,17.4,85.9,91.3,10,6.6,77.1,yes
STU-0001726,24,13.4,100,88.5,9,8.2,78.5,yes
STU-0001727,21,6.4,70.1,58.9,4,7.5,63.5,yes
STU-0001728,20,13.7,77.7,100,9,7.5,82.4,yes
STU-0001729,22,26.1,83.5,100,6,6.4,75.7,yes
STU-0001730,24,20.7,80.0,71.8,12,6.6,80.5,yes
STU-0001731,24,9.7,74.8,41.2,8,7.6,55.0,no
STU-0001732,18,11.5,100,75.1,12,7.7,76.0,yes
STU-0001733,20,3.7,87.9,86.4,6,6.9,42.2,no
STU-0001734,23,6.2,63.9,57.0,11,6.5,62.7,yes
STU-0001735,18,22.7,100,100,5,8.4,100,yes
STU-0001736,26,1.8,55.9,36.8,9,7.4,44.0,no
STU-0001737,21,9.5,98.1,100,14,9.0,93.0,yes
STU-0001738,22,7.9,69.5,41.7,11,6.9,45.2,no
STU-0001739,20,11.1,100,94.0,12,7.2,84.2,yes
STU-0001740,19,1.0,84.8,52.4,3,6.1,41.1,no
STU-0001741,17,13.7,93.9,100,14,8.8,91.9,yes
STU-0001742,24,15.3,88.4,97.2,13,6.8,63.6,yes
STU-0001743,20,30.0,80.8,99.8,10,7.2,78.9,yes
STU-0001744,19,2.0,78.0,69.9,4,7.6,75.5,yes
STU-0001745,21,15.5,93.3,100,8,7.0,85.4,yes
STU-0001746,21,19.3,86.0,99.8,13,7.0,88.3,yes
STU-0001747,19,1.0,69.7,72.1,11,7.6,68.2,yes
STU-0001748,26,4.1,61.1,61.2,6,6.8,48.8,no
STU-0001749,20,1.0,68.7,43.7,3,7.7,28.2,no
STU-0001750,18,19.8,81.8,60.4,6,7.3,70.2,yes
STU-0001751,23,4.2,73.9,64.8,8,8.1,66.0,yes
STU-0001752,20,8.8,93.7,100,13,6.6,75.0,yes
STU-0001753,21,1.5,70.0,100,4,6.4,63.0,yes
STU-0001754,23,4.3,77.5,75.1,6,6.6,60.7,yes
STU-0001755,20,1.8,69.9,57.8,14,7.8,55.5,no
STU-0001756,17,11.3,78.6,69.9,8,7.6,69.9,yes
STU-0001757,20,17.7,74.0,87.0,8,5.6,63.8,yes
STU-0001758,19,8.1,95.5,93.0,4,5.6,63.5,yes
STU-0001759,19,11.8,90.4,72.9,6,6.8,69.0,yes
STU-0001760,18,9.4,86.1,82.2,3,8.3,75.9,yes
STU-0001761,26,4.2,80.3,68.5,7,5.6,61.3,yes
STU-0001762,26,6.3,87.6,95.6,6,7.8,73.6,yes
STU-0001763,21,12.6,61.7,79.7,7,7.6,71.6,yes
STU-0001764,18,20.6,82.3,100,12,8.0,96.3,yes
STU-0001765,23,1.0,71.2,49.1,4,8.8,47.8,no
STU-0001766,19,8.4,70.6,79.2,4,7.3,64.5,yes
STU-0001767,23,15.1,77.2,100,4,7.5,59.2,no
STU-0001768,23,4.2,61.4,40.5,10,7.6,44.5,no
STU-0001769,22,15.5,85.9,90.4,14,6.1,79.7,yes
STU-0001770,17,6.6,72.9,86.0,6,4.9,64.4,yes
STU-0001771,17,1.0,64.5,51.7,10,6.1,44.4,no
STU-0001772,25,12.9,80.4,100,11,7.8,72.1,yes
STU-0001773,20,4.5,81.1,82.6,9,6.8,57.9,no
STU-0001774,19,13.8,89.3,84.2,7,9.1,85.8,yes
STU-0001775,18,14.6,94.7,82.3,11,7.5,80.0,yes
STU-0001776,25,14.2,76.6,41.5,9,7.8,51.6,no
STU-0001777,22,28.4,99.3,83.0,9,6.5,95.9,yes
STU-0001778,19,8.3,96.6,83.4,13,8.5,78.8,yes
STU-0001779,18,1.0,66.7,25.9,14,5.3,38.5,no
STU-0001780,26,2.4,74.1,44.1,8,5.9,44.8,no
STU-0001781,25,22.7,97.9,100,7,6.6,98.6,yes
STU-0001782,21,8.2,77.2,49.4,6,6.8,55.6,no
STU-0001783,19,6.2,60.8,75.6,13,9.0,65.3,yes
STU-0001784,22,16.8,61.9,85.6,3,6.0,80.1,yes
STU-0001785,19,12.2,93.7,100,3,8.7,95.9,yes
STU-0001786,26,1.0,54.4,31.1,3,5.4,26.5,no
STU-0001787,26,8.5,64.2,81.1,6,7.1,66.0,yes
STU-0001788,19,21.2,83.1,81.7,14,7.9,82.9,yes
STU-0001789,20,17.4,92.8,86.4,9,8.2,90.8,yes
STU-0001790,25,20.4,79.6,89.4,7,7.0,73.4,yes
STU-0001791,18,13.8,83.6,93.8,8,6.4,73.2,yes
STU-0001792,25,12.1,62.6,88.7,5,6.2,74.7,yes
STU-0001793,22,7.8,89.8,80.9,9,6.7,80.1,yes
STU-0001794,17,23.1,90.1,100,8,6.2,89.7,yes
STU-0001795,19,6.2,81.5,76.5,13,7.1,73.3,yes
STU-0001796,26,5.9,69.8,76.1,8,7.2,69.0,yes
STU-0001797,18,4.5,81.9,83.9,14,7.8,78.1,yes
STU-0001798,18,14.1,83.3,72.3,6,6.8,80.4,yes
STU-0001799,21,13.8,87.8,100,4,7.1,98.6,yes
STU-0001800,19,13.2,69.3,58.3,5,7.4,55.7,no
STU-0001801,25,16.2,78.2,100,9,7.2,72.1,yes
STU-0001802,18,9.1,79.8,89.9,12,7.4,75.8,yes
STU-0001803,18,12.6,61.5,74.4,14,7.8,68.3,yes
STU-0001804,23,8.4,75.9,84.8,6,7.1,62.3,yes
STU-0001805,26,8.7,69.0,52.8,14,7.3,58.2,no
STU-0001806,17,10.7,64.5,74.3,5,6.8,55.7,no
STU-0001807,18,4.4,69.9,46.3,9,6.1,24.1,no
STU-0001808,17,13.5,88.7,100,3,8.2,95.7,yes
STU-0001809,20,20.1,94.2,100,13,7.1,87.4,yes
STU-0001810,25,5.8,78.3,70.0,7,6.4,59.4,no
STU-0001811,25,24.1,79.4,100,14,8.2,95.4,yes
STU-0001812,19,7.9,79.2,82.3,10,8.0,75.0,yes
STU-0001813,22,1.3,70.2,38.2,14,7.4,43.1,no
STU-0001814,20,13.4,88.8,100,10,7.8,85.4,yes
STU-0001815,17,16.2,78.1,100,9,7.6,77.9,yes
STU-0001816,18,13.1,97.6,100,3,7.5,86.4,yes
STU-0001817,19,15.0,98.9,100,5,5.5,81.7,yes
STU-0001818,17,18.8,78.6,79.8,13,6.7,77.7,yes
STU-0001819,18,3.2,79.2,72.2,10,7.1,58.7,no
STU-0001820,24,1.0,35,20,5,7.1,37.2,no
STU-0001821,20,7.6,85.6,94.1,10,8.7,85.4,yes
STU-0001822,21,14.3,60.2,64.1,9,7.7,70.2,yes
STU-0001823,18,8.2,73.2,72.2,11,7.0,68.1,yes
STU-0001824,24,5.8,65.6,39.1,14,5.3,49.6,no
STU-0001825,18,4.1,57.6,63.9,12,7.3,52.6,no
STU-0001826,21,4.1,69.5,50.0,10,7.4,51.6,no
STU-0001827,21,11.4,87.9,76.2,14,8.7,92.6,yes
STU-0001828,25,7.7,70.0,66.5,5,6.6,55.3,no
STU-0001829,20,15.6,94.7,78.7,8,9.5,75.7,yes
STU-0001830,21,4.5,79.9,80.5,12,7.5,63.2,yes
STU-0001831,22,20.0,67.6,95.5,6,6.7,83.7,yes
STU-0001832,18,15.9,67.3,96.8,10,7.0,75.8,yes
STU-0001833,21,20.7,86.7,91.9,11,7.1,87.8,yes
STU-0001834,21,11.6,100,85.9,7,8.2,80.2,yes
STU-0001835,19,9.2,57.7,54.3,8,6.5,43.7,no
STU-0001836,22,9.8,63.3,47.2,6,6.5,53.0,no
STU-0001837,17,20.5,100,100,3,6.6,90.5,yes
STU-0001838,24,3.2,96.7,100,3,7.9,78.2,yes
STU-0001839,25,5.1,85.7,76.0,11,6.7,69.2,yes
STU-0001840,26,14.0,86.1,77.5,13,7.2,68.6,yes
STU-0001841,23,10.6,90.9,88.5,6,7.6,73.0,yes
STU-0001842,21,14.6,86.1,100,14,6.5,71.8,yes
STU-0001843,19,12.0,66.3,70.8,11,5.9,71.9,yes
STU-0001844,21,9.7,86.0,69.3,9,7.2,63.5,yes
STU-0001845,23,14.9,76.4,100,12,7.8,100,yes
STU-0001846,17,9.5,67.1,62.9,12,6.0,59.4,no
STU-0001847,17,8.3,100,100,4,6.2,84.5,yes
STU-0001848,21,19.9,88.2,100,8,7.6,96.3,yes
STU-0001849,26,9.9,83.0,87.9,14,8.2,92.8,yes
STU-0001850,20,24.5,82.1,71.5,3,8.0,68.7,yes
STU-0001851,20,9.9,84.5,100,5,7.9,93.4,yes
STU-0001852,23,12.0,51.8,51.9,6,9.2,61.5,yes
STU-0001853,18,8.5,80.7,54.3,6,7.9,68.6,yes
STU-0001854,21,21.1,75.2,96.0,5,6.1,94.2,yes
STU-0001855,24,8.9,53.0,98.6,14,7.3,69.1,yes
STU-0001856,21,7.8,77.4,98.9,12,5.9,66.0,yes
STU-0001857,18,10.9,66.0,48.9,9,5.4,54.6,no
STU-0001858,18,15.8,80.4,100,11,8.1,80.1,yes
STU-0001859,20,11.2,100,91.1,7,6.2,83.9,yes
STU-0001860,22,1.5,69.6,63.1,6,6.1,59.5,no
STU-0001861,18,11.7,81.7,66.8,8,8.2,73.0,yes
STU-0001862,18,3.8,60.4,27.7,11,4.8,41.6,no
STU-0001863,18,5.8,90.5,100,9,6.4,54.3,no
STU-0001864,19,14.5,91.7,89.4,13,7.4,74.9,yes
STU-0001865,22,2.4,68.3,94.5,8,5.3,75.4,yes
STU-0001866,23,7.2,68.1,83.1,13,6.5,61.1,yes
STU-0001867,22,11.2,75.0,86.5,12,6.7,56.9,no
STU-0001868,21,1.0,56.3,56.4,10,5.8,46.1,no
STU-0001869,24,7.9,71.9,82.9,7,7.8,72.0,yes
STU-0001870,20,14.3,80.9,70.9,7,9.2,74.3,yes
STU-0001871,20,12.4,72.1,95.0,14,6.4,71.0,yes
STU-0001872,22,12.9,98.2,100,8,7.9,87.8,yes
STU-0001873,21,14.5,84.9,84.3,13,6.3,71.2,yes
STU-0001874,19,25.7,97.8,100,11,7.8,98.0,yes
STU-0001875,21,15.1,64.7,60.7,12,6.4,56.8,no
STU-0001876,21,24.8,82.9,100,8,7.1,87.6,yes
STU-0001877,22,13.1,67.1,67.2,7,7.6,75.0,yes
STU-0001878,20,16.7,82.8,80.9,4,7.5,78.0,yes
STU-0001879,18,6.0,73.7,67.8,14,6.2,62.5,yes
STU-0001880,25,8.8,70.5,68.2,8,8.4,70.3,yes
STU-0001881,24,10.0,79.3,100,14,6.8,85.6,yes
STU-0001882,18,15.3,89.0,100,13,7.2,79.5,yes
STU-0001883,26,16.6,92.1,100,4,7.7,79.9,yes
STU-0001884,23,4.6,62.6,38.8,5,7.6,41.8,no
STU-0001885,23,1.0,63.8,33.9,8,7.0,56.5,no
STU-0001886,25,1.0,81.8,42.8,7,6.5,59.5,no
STU-0001887,21,11.1,76.1,76.3,14,7.7,76.9,yes
STU-0001888,24,10.0,80.0,96.3,11,8.0,69.8,yes
STU-0001889,26,20.4,100,100,5,8.2,100,yes
STU-0001890,19,2.8,76.3,63.3,4,6.9,60.3,yes
STU-0001891,20,9.1,77.6,100,14,7.2,79.0,yes
STU-0001892,21,17.3,89.6,89.5,14,7.5,79.9,yes
STU-0001893,19,7.5,62.1,59.8,11,6.1,48.0,no
STU-0001894,20,8.1,85.8,100,5,7.9,84.3,yes
STU-0001895,20,12.3,73.1,100,9,9.2,82.5,yes
STU-0001896,26,13.2,76.1,96.7,7,7.6,85.3,yes
STU-0001897,21,18.5,77.1,81.8,12,6.9,71.5,yes
STU-0001898,20,7.2,72.1,91.3,5,6.6,69.6,yes
STU-0001899,20,10.4,65.6,67.1,8,7.7,65.5,yes
STU-0001900,24,16.3,90.1,100,4,7.4,82.6,yes
STU-0001901,18,18.3,76.8,94.0,11,8.7,85.2,yes
STU-0001902,20,5.9,77.6,78.7,11,6.2,44.5,no
STU-0001903,20,15.7,75.3,85.9,9,7.2,75.9,yes
STU-0001904,20,13.5,91.7,100,14,6.1,83.0,yes
STU-0001905,23,11.2,74.3,97.9,4,7.5,79.8,yes
STU-0001906,19,15.7,53.3,37.0,8,6.7,40.7,no
STU-0001907,20,7.1,83.1,100,4,7.5,75.0,yes
STU-0001908,18,16.7,95.8,100.0,10,8.9,90.9,yes
STU-0001909,23,19.4,84.8,82.3,14,7.6,77.8,yes
STU-0001910,21,14.0,69.9,70.9,8,5.8,66.2,yes
STU-0001911,18,14.0,75.0,84.2,13,8.5,70.6,yes
STU-0001912,18,12.2,67.9,60.4,12,6.0,59.3,no
STU-0001913,26,20.7,77.4,99.2,3,8.7,96.8,yes
STU-0001914,18,1.0,63.9,38.4,10,6.4,47.6,no
STU-0001915,18,1.0,65.8,33.9,10,6.6,43.7,no
STU-0001916,20,1.0,51.4,26.8,11,7.6,46.8,no
STU-0001917,18,14.3,96.8,100,7,8.9,99.7,yes
STU-0001918,24,10.7,74.3,75.5,14,5.3,63.3,yes
STU-0001919,24,2.5,74.1,68.8,9,6.6,66.7,yes
STU-0001920,20,15.3,83.2,92.7,11,7.3,79.3,yes
STU-0001921,25,5.5,84.9,100,9,6.4,83.8,yes
STU-0001922,18,8.4,91.4,100,5,7.3,83.1,yes
STU-0001923,21,10.9,75.1,99.1,10,8.1,72.3,yes
STU-0001924,17,11.4,99.5,100,4,7.1,96.4,yes
STU-0001925,22,1.0,71.8,60.7,8,6.9,60.2,yes
STU-0001926,21,13.5,68.7,91.1,12,7.0,81.6,yes
STU-0001927,21,14.8,83.8,100,6,7.9,90.2,yes
STU-0001928,20,8.6,70.8,89.5,8,7.8,70.5,yes
STU-0001929,23,18.9,100,100,13,9.8,100,yes
STU-0001930,18,10.9,80.9,80.4,3,7.3,66.2,yes
STU-0001931,20,21.3,87.1,66.4,4,6.4,69.8,yes
STU-0001932,20,12.2,67.1,52.0,4,6.8,58.0,no
STU-0001933,26,19.9,85.9,77.5,13,7.9,79.6,yes
STU-0001934,23,9.9,72.5,79.9,10,6.0,70.7,yes
STU-0001935,25,6.9,64.9,100,8,7.6,79.0,yes
STU-0001936,20,15.4,82.7,87.6,12,7.8,88.7,yes
STU-0001937,26,13.1,67.7,80.2,8,7.8,72.0,yes
STU-0001938,24,8.8,78.4,100,9,7.4,90.6,yes
STU-0001939,17,11.9,89.5,58.9,10,6.9,66.8,yes
STU-0001940,19,1.0,58.2,74.4,4,7.3,64.3,yes
STU-0001941,22,6.6,71.0,76.9,7,7.3,68.6,yes
STU-0001942,19,9.2,82.7,68.0,10,6.7,68.7,yes
STU-0001943,20,8.8,54.9,67.0,7,7.8,62.2,yes
STU-0001944,18,8.9,79.3,100,9,7.5,95.1,yes
STU-0001945,22,4.4,79.0,82.0,6,6.4,71.6,yes
STU-0001946,21,4.6,87.4,94.0,7,6.4,80.3,yes
STU-0001947,19,20.9,93.6,69.7,4,7.7,79.3,yes
STU-0001948,18,9.5,94.7,80.3,10,8.0,80.5,yes
STU-0001949,23,6.6,71.0,61.4,10,6.6,69.9,yes
STU-0001950,21,9.9,87.8,65.6,3,6.6,58.4,no
STU-0001951,19,9.3,93.9,70.0,11,6.1,62.5,yes
STU-0001952,26,5.3,79.5,92.5,10,7.2,69.2,yes
STU-0001953,18,14.5,87.9,100,11,8.0,99.2,yes
STU-0001954,20,28.8,90.8,93.8,6,7.6,99.3,yes
STU-0001955,26,1.0,38.7,51.7,7,6.1,44.1,no
STU-0001956,21,19.3,87.4,100,10,8.6,88.8,yes
STU-0001957,20,9.0,64.2,77.3,4,6.7,56.5,no
STU-0001958,18,13.8,59.1,59.4,3,8.4,60.9,yes
STU-0001959,25,8.5,75.1,70.3,5,6.3,58.5,no
STU-0001960,19,1.0,54.3,50.9,10,6.4,50.6,no
STU-0001961,22,11.2,86.5,86.8,7,7.5,60.4,yes
STU-0001962,19,1.0,68.6,53.9,3,8.0,60.2,yes
STU-0001963,25,9.0,86.6,75.3,3,8.1,73.7,yes
STU-0001964,20,16.7,80.2,80.8,6,6.3,70.9,yes
STU-0001965,26,1.1,66.4,63.0,10,6.6,54.8,no
STU-0001966,21,6.2,72.8,100,11,6.5,76.7,yes
STU-0001967,25,1.0,61.4,37.0,12,6.2,41.5,no
STU-0001968,26,6.4,90.3,69.8,12,8.2,84.7,yes
STU-0001969,22,18.2,96.6,91.3,12,7.9,76.9,yes
STU-0001970,22,23.2,85.4,100,11,8.0,94.7,yes
STU-0001971,23,13.1,59.8,69.2,10,8.7,56.3,no
STU-0001972,23,16.7,100,100,10,8.2,97.8,yes
STU-0001973,21,6.9,72.4,84.5,13,6.0,66.1,yes
STU-0001974,17,8.0,78.5,54.5,12,8.0,67.2,yes
STU-0001975,22,15.8,100,100,9,8.4,100,yes
STU-0001976,23,12.3,66.4,39.5,10,4.9,42.6,no
STU-0001977,26,25.4,100,100,8,7.7,88.4,yes
STU-0001978,24,11.1,81.0,94.4,14,5.3,73.7,yes
STU-0001979,19,18.9,87.5,100,14,7.7,82.1,yes
STU-0001980,17,12.3,86.4,100,13,7.4,94.8,yes
STU-0001981,18,6.9,66.9,85.6,4,6.8,55.7,no
STU-0001982,19,9.2,71.1,100,12,7.5,90.0,yes
STU-0001983,24,12.1,77.3,94.0,6,8.6,83.8,yes
STU-0001984,25,16.1,91.5,100,6,7.6,95.4,yes
STU-0001985,19,10.1,61.6,82.7,6,7.8,68.4,yes
STU-0001986,20,6.6,93.1,100,13,8.0,79.0,yes
STU-0001987,20,14.6,82.2,89.6,8,7.8,74.3,yes
STU-0001988,17,5.7,83.6,62.9,8,7.4,61.3,yes
STU-0001989,18,15.9,54.0,85.5,8,6.1,71.6,yes
STU-0001990,26,1.1,49.9,54.5,9,5.8,40.6,no
STU-0001991,18,1.5,60.3,59.8,5,7.7,59.2,no
STU-0001992,22,17.6,62.2,65.8,3,7.3,57.9,no
STU-0001993,23,9.4,71.8,80.8,9,7.6,62.5,yes
STU-0001994,20,15.0,78.9,100,8,7.1,83.1,yes
STU-0001995,18,21.9,92.9,99.6,14,6.0,81.1,yes
STU-0001996,18,14.4,73.8,72.0,6,6.9,68.3,yes
STU-0001997,24,1.0,61.8,76.6,8,7.4,62.4,yes
STU-0001998,23,11.8,72.4,71.3,10,7.5,71.1,yes
STU-0001999,17,17.8,80.3,34.6,11,8.3,65.7,yes
STU-0002000,18,2.6,64.1,46.4,13,6.6,50.9,no
STU-0002001,24,11.6,63.7,64.7,8,7.8,59.0,no
STU-0002002,21,13.9,86.6,100,12,6.7,82.7,yes
STU-0002003,19,9.4,72.3,62.7,11,8.0,65.2,yes
STU-0002004,20,23.9,100,100,8,7.4,93.5,yes
STU-0002005,20,13.4,74.8,85.6,8,7.1,79.1,yes
STU-0002006,21,5.6,64.5,75.4,4,5.2,55.9,no
STU-0002007,20,14.9,80.7,100,9,7.1,77.9,yes
STU-0002008,18,5.1,83.1,73.6,6,6.4,58.4,no
STU-0002009,20,20.5,90.4,98.2,7,8.3,100,yes
STU-0002010,19,15.6,71.0,87.0,4,7.2,68.7,yes
STU-0002011,24,12.1,65.0,78.0,3,6.7,56.1,no
STU-0002012,20,7.0,58.8,69.3,9,6.4,65.0,yes
STU-0002013,25,15.5,69.7,66.1,7,5.7,67.2,yes
STU-0002014,22,20.3,98.9,100,3,6.7,94.2,yes
STU-0002015,22,15.4,91.5,100,11,7.2,79.3,yes
STU-0002016,18,25.1,93.9,100,12,8.5,97.4,yes
STU-0002017,17,10.0,90.1,70.1,10,9.0,79.4,yes
STU-0002018,18,19.1,71.3,97.3,10,8.3,84.1,yes
STU-0002019,18,20.8,95.2,100,12,8.0,88.4,yes
STU-0002020,25,8.9,64.7,98.0,11,5.9,71.8,yes
STU-0002021,22,7.2,78.2,90.4,3,7.4,85.9,yes
STU-0002022,17,11.4,83.3,86.2,3,8.4,81.7,yes
STU-0002023,23,8.9,83.7,86.6,4,9.1,76.3,yes
STU-0002024,18,7.3,82.4,81.0,14,6.9,70.1,yes
STU-0002025,19,13.3,89.5,100,3,6.4,87.5,yes
STU-0002026,21,1.0,60.4,29.6,10,7.4,41.4,no
STU-0002027,23,6.0,71.3,62.5,8,7.7,57.1,no
STU-0002028,20,25.3,98.9,100,4,6.7,75.9,yes
STU-0002029,21,13.4,84.7,75.6,4,7.3,66.9,yes
STU-0002030,22,20.0,82.7,86.4,14,9.0,79.4,yes
STU-0002031,21,10.9,71.2,96.6,5,6.8,84.7,yes
STU-0002032,20,4.0,64.7,88.4,5,6.9,75.8,yes
STU-0002033,19,4.8,79.6,58.2,4,7.3,60.1,yes
STU-0002034,19,7.5,97.7,75.2,5,7.8,70.5,yes
STU-0002035,25,10.6,80.6,96.3,9,8.3,83.5,yes
STU-0002036,21,4.3,72.0,100,8,6.8,89.1,yes
STU-0002037,18,8.0,70.5,76.9,11,7.6,57.9,no
STU-0002038,20,13.0,63.9,29.7,12,6.2,45.4,no
STU-0002039,20,2.5,55.4,76.0,13,5.7,61.2,yes
STU-0002040,18,12.8,100,100,5,6.7,89.0,yes
STU-0002041,19,10.3,86.4,100,14,7.2,77.5,yes
STU-0002042,23,12.1,61.5,90.0,10,6.5,58.3,no
STU-0002043,23,11.7,78.6,56.5,8,7.2,68.9,yes
STU-0002044,22,6.5,85.3,93.0,6,6.9,77.4,yes
STU-0002045,21,1.0,58.0,41.7,12,7.4,51.9,no
STU-0002046,21,10.4,72.7,60.1,10,6.1,56.5,no
STU-0002047,23,12.9,100,94.6,3,9.4,89.7,yes
STU-0002048,19,12.6,90.7,96.0,5,8.3,80.0,yes
STU-0002049,17,15.7,84.6,78.5,11,8.1,83.0,yes
STU-0002050,19,10.1,75.8,74.3,12,7.3,70.8,yes
STU-0002051,20,16.0,79.9,100,8,7.4,85.1,yes
STU-0002052,22,13.3,96.0,100,5,7.5,92.7,yes
STU-0002053,17,25.1,100,97.2,4,7.6,84.4,yes
STU-0002054,17,9.2,73.8,84.3,11,6.6,71.2,yes
STU-0002055,19,20.2,77.3,100,12,7.3,83.8,yes
STU-0002056,19,8.5,65.5,71.0,5,6.2,61.6,yes
STU-0002057,19,8.8,83.3,88.7,4,6.8,69.1,yes
STU-0002058,25,6.7,67.3,74.7,11,6.4,66.4,yes
STU-0002059,18,18.0,100,83.5,12,7.6,86.4,yes
STU-0002060,25,1.0,62.8,50.5,3,6.6,45.8,no
STU-0002061,19,13.9,73.1,91.8,11,5.7,81.8,yes
STU-0002062,19,19.6,85.7,100,12,8.3,95.9,yes
STU-0002063,20,9.7,67.8,52.7,10,6.2,38.3,no
STU-0002064,18,12.1,66.8,71.8,11,7.7,66.9,yes
STU-0002065,17,18.2,81.0,100,4,8.6,97.5,yes
STU-0002066,21,11.0,83.7,100,11,7.4,83.0,yes
STU-0002067,24,22.6,94.5,100,13,6.4,93.6,yes
STU-0002068,20,16.4,73.3,82.4,14,6.5,66.9,yes
STU-0002069,18,7.7,60.7,51.1,11,7.5,59.9,no
STU-0002070,18,7.5,100,100,14,7.4,88.9,yes
STU-0002071,20,19.0,77.9,100,12,8.1,83.5,yes
STU-0002072,21,10.6,88.4,92.4,14,6.3,76.6,yes
STU-0002073,24,2.0,67.8,71.7,12,6.5,55.4,no
STU-0002074,19,7.7,69.7,86.3,7,6.9,73.5,yes
STU-0002075,21,24.5,91.6,100,10,8.4,70.6,yes
STU-0002076,21,16.6,78.1,65.7,8,7.0,64.4,yes
STU-0002077,26,10.0,79.7,95.4,5,6.3,73.3,yes
STU-0002078,23,9.1,86.2,100,5,7.1,85.3,yes
STU-0002079,25,20.8,76.9,77.5,10,7.3,74.2,yes
STU-0002080,20,8.1,83.6,77.2,9,7.5,67.0,yes
STU-0002081,18,1.0,49.3,59.0,5,5.4,45.2,no
STU-0002082,20,13.9,85.5,100,5,7.0,84.6,yes
STU-0002083,26,11.1,55.0,58.0,10,6.2,54.7,no
STU-0002084,24,16.9,93.7,100,5,5.9,86.1,yes
STU-0002085,17,21.1,90.3,80.4,10,7.8,80.2,yes
STU-0002086,20,22.2,79.4,80.4,3,6.1,72.4,yes
STU-0002087,17,18.6,97.0,100,14,6.4,89.5,yes
STU-0002088,21,24.3,76.8,86.8,3,7.2,85.5,yes
STU-0002089,18,8.5,86.8,67.7,8,7.1,69.8,yes
STU-0002090,26,3.9,86.2,58.2,4,7.9,59.2,no
STU-0002091,20,22.1,83.3,84.2,10,6.5,69.2,yes
STU-0002092,22,1.0,44.5,47.7,10,5.2,38.7,no
STU-0002093,20,5.6,59.3,35.1,9,6.8,51.5,no
STU-0002094,22,18.0,78.6,92.6,9,7.4,89.1,yes
STU-0002095,20,20.4,81.7,100,3,8.1,100,yes
STU-0002096,24,16.2,99.3,100,5,8.3,88.8,yes
STU-0002097,23,14.2,96.0,100,4,7.1,69.9,yes
STU-0002098,20,10.3,82.1,82.4,10,8.1,78.0,yes
STU-0002099,19,9.1,87.0,100,10,6.8,84.3,yes
STU-0002100,18,19.2,89.2,93.5,11,8.1,90.9,yes
STU-0002101,20,12.2,90.2,85.9,12,6.8,69.2,yes
STU-0002102,17,19.3,71.9,89.5,8,7.4,90.5,yes
STU-0002103,20,2.8,61.2,78.9,13,6.0,62.9,yes
STU-0002104,18,10.4,71.5,58.7,6,7.7,67.2,yes
STU-0002105,25,10.6,97.3,100,3,8.3,86.7,yes
STU-0002106,22,7.8,75.9,100,12,6.5,72.5,yes
STU-0002107,21,10.6,76.5,100,12,7.0,73.7,yes
STU-0002108,26,11.1,68.0,90.3,11,6.9,72.5,yes
STU-0002109,24,1.0,51.0,20,5,6.1,32.1,no
STU-0002110,20,18.3,93.9,82.7,9,6.0,51.1,no
STU-0002111,18,1.0,45.9,60.2,10,6.5,55.3,no
STU-0002112,20,2.9,48.2,34.4,7,6.3,22.0,no
STU-0002113,26,16.9,82.5,88.7,7,8.6,90.6,yes
STU-0002114,18,5.2,84.7,97.7,10,6.8,71.6,yes
STU-0002115,19,18.5,83.9,100,12,7.2,82.9,yes
STU-0002116,20,8.1,78.5,100,9,7.0,83.6,yes
STU-0002117,22,15.7,72.9,84.6,8,7.4,68.7,yes
STU-0002118,20,16.2,90.3,99.2,9,7.9,93.0,yes
STU-0002119,21,18.9,91.5,97.9,6,7.3,88.4,yes
STU-0002120,18,12.9,78.8,72.3,6,7.4,67.9,yes
STU-0002121,20,1.1,71.5,73.6,3,7.2,66.5,yes
STU-0002122,26,6.9,77.4,67.6,3,7.5,62.1,yes
STU-0002123,19,15.2,88.9,100,9,6.6,99.4,yes
STU-0002124,24,6.2,55.8,31.6,13,7.2,33.1,no
STU-0002125,20,12.5,78.8,84.7,9,7.6,72.2,yes
STU-0002126,19,10.9,95.0,100,3,7.8,84.2,yes
STU-0002127,20,10.3,79.1,100,11,5.7,71.4,yes
STU-0002128,25,1.0,64.2,68.5,13,7.3,66.5,yes
STU-0002129,18,11.6,81.4,82.9,13,7.9,81.5,yes
STU-0002130,18,11.0,61.9,74.6,9,7.2,73.8,yes
STU-0002131,21,18.7,70.5,85.3,11,6.9,80.1,yes
STU-0002132,23,6.4,69.0,80.4,3,7.6,67.2,yes
STU-0002133,18,14.8,83.7,64.4,14,6.4,70.1,yes
STU-0002134,21,1.0,62.7,49.6,9,6.4,45.9,no
STU-0002135,21,13.1,65.4,96.5,3,8.9,77.8,yes
STU-0002136,19,1.0,61.5,52.6,4,6.5,45.5,no
STU-0002137,25,15.0,59.8,78.7,4,6.3,53.9,no
STU-0002138,20,12.8,72.8,82.4,8,6.8,69.8,yes
STU-0002139,20,11.7,76.0,100,6,6.1,80.8,yes
STU-0002140,24,11.3,100,82.4,4,7.2,73.2,yes
STU-0002141,26,9.6,69.4,47.4,6,5.5,48.9,no
STU-0002142,23,10.1,71.4,67.3,4,7.2,64.8,yes
STU-0002143,26,18.2,77.7,99.6,3,7.7,95.7,yes
STU-0002144,18,6.8,72.8,90.9,10,6.7,70.4,yes
STU-0002145,19,1.0,60.6,72.9,4,7.9,64.3,yes
STU-0002146,18,15.8,96.0,100,6,8.5,100,yes
STU-0002147,18,8.2,58.6,65.5,7,7.0,66.4,yes
STU-0002148,19,8.6,82.8,86.4,4,7.7,73.2,yes
STU-0002149,19,25.7,100,100,4,9.1,81.5,yes
STU-0002150,18,3.7,56.7,53.7,13,7.9,54.1,no
STU-0002151,22,19.1,62.7,97.7,6,6.2,89.1,yes
STU-0002152,18,21.8,93.5,100,5,8.4,100,yes
STU-0002153,25,24.3,83.9,76.8,11,8.9,94.0,yes
STU-0002154,25,20.8,73.7,91.2,12,7.1,63.4,yes
STU-0002155,23,2.0,50.5,77.8,12,6.1,52.3,no
STU-0002156,18,3.9,69.9,80.4,6,7.2,65.5,yes
STU-0002157,18,5.0,68.5,77.6,6,6.9,52.8,no
STU-0002158,25,14.1,75.2,82.3,8,7.6,63.0,yes
STU-0002159,23,1.0,65.8,98.5,6,6.6,64.9,yes
STU-0002160,21,16.3,80.0,100,7,6.4,79.4,yes
STU-0002161,21,7.4,55.4,52.4,5,7.2,49.5,no
STU-0002162,25,8.3,67.9,60.1,11,7.6,62.9,yes
STU-0002163,22,22.8,80.9,100,9,7.4,84.7,yes
STU-0002164,25,9.3,81.9,100,6,7.6,83.8,yes
STU-0002165,22,7.5,82.4,71.6,13,6.8,79.5,yes
STU-0002166,21,15.6,79.1,100,12,6.9,90.2,yes
STU-0002167,23,18.6,75.3,100,8,5.8,64.5,yes
STU-0002168,22,7.4,44.3,53.7,8,7.3,36.2,no
STU-0002169,23,16.9,72.4,84.1,10,6.9,66.5,yes
STU-0002170,23,18.2,100,100,7,7.0,100,yes
STU-0002171,22,18.0,98.6,96.5,5,7.4,100,yes
STU-0002172,20,30.6,100,100,12,7.4,94.8,yes
STU-0002173,26,6.7,92.8,91.0,14,6.9,84.5,yes
STU-0002174,23,14.9,93.0,100,8,9.0,100,yes
STU-0002175,20,2.1,56.6,28.5,7,7.7,50.8,no
STU-0002176,18,18.1,88.2,94.4,9,6.6,81.9,yes
STU-0002177,21,10.2,92.1,85.2,4,7.0,59.8,no
STU-0002178,18,25.7,85.6,96.6,3,7.1,90.2,yes
STU-0002179,21,20.8,97.8,79.8,11,8.5,96.9,yes
STU-0002180,21,13.3,61.0,56.0,10,6.4,52.2,no
STU-0002181,23,8.2,89.8,89.8,8,6.2,77.4,yes
STU-0002182,19,21.2,100,100,5,6.9,100,yes
STU-0002183,25,19.9,73.3,80.1,13,6.8,45.6,no
STU-0002184,19,11.8,84.0,83.0,3,6.2,68.3,yes
STU-0002185,22,1.0,52.3,20,14,6.6,27.2,no
STU-0002186,17,14.6,84.4,97.6,7,7.1,86.5,yes
STU-0002187,20,16.0,78.7,100,10,8.7,90.1,yes
STU-0002188,21,6.1,61.2,58.5,6,7.4,55.0,no
STU-0002189,18,19.6,76.3,100,7,6.9,79.9,yes
STU-0002190,19,15.4,69.8,100,10,5.1,79.5,yes
STU-0002191,21,14.9,66.2,25.6,6,8.8,58.8,no
STU-0002192,21,12.6,85.9,92.4,8,7.7,73.5,yes
STU-0002193,17,8.3,77.4,93.2,5,8.8,81.5,yes
STU-0002194,17,15.2,94.1,100,11,6.3,87.9,yes
STU-0002195,20,8.5,86.5,89.9,11,6.4,69.3,yes
STU-0002196,26,17.9,100,100,14,7.2,95.1,yes
STU-0002197,19,23.4,66.6,88.8,8,6.5,74.5,yes
STU-0002198,18,4.7,61.0,71.7,10,5.4,49.7,no
STU-0002199,23,15.3,71.0,93.1,8,6.2,67.3,yes
STU-0002200,26,2.7,77.1,100,13,5.9,72.8,yes
STU-0002201,26,5.9,69.3,82.1,11,6.5,64.0,yes
STU-0002202,18,14.3,100,100,13,7.8,94.8,yes
STU-0002203,22,5.2,75.0,76.5,14,8.3,63.5,yes
STU-0002204,22,5.1,87.8,84.8,10,6.8,58.2,no
STU-0002205,21,1.3,65.9,54.3,14,6.6,53.8,no
STU-0002206,20,3.2,59.3,55.0,10,7.4,40.8,no
STU-0002207,21,8.3,71.5,41.6,4,7.1,46.4,no
STU-0002208,22,2.6,68.6,69.9,11,7.2,58.8,no
STU-0002209,21,22.4,99.0,100,11,6.4,82.3,yes
STU-0002210,25,9.8,86.1,100,7,5.8,75.2,yes
STU-0002211,24,19.9,93.3,100,11,7.6,92.2,yes
STU-0002212,17,9.0,81.0,61.0,13,6.6,60.0,no
STU-0002213,21,1.0,53.8,63.7,4,7.1,52.1,no
STU-0002214,25,13.0,82.7,98.8,14,6.6,85.1,yes
STU-0002215,22,6.0,81.8,75.2,11,6.1,67.2,yes
STU-0002216,23,17.4,71.8,100,11,6.8,84.6,yes
STU-0002217,19,4.5,64.7,64.2,10,7.1,43.7,no
STU-0002218,20,18.4,90.2,100,7,7.8,85.9,yes
STU-0002219,22,3.2,63.3,46.0,12,6.9,40.3,no
STU-0002220,21,2.4,77.4,73.7,11,9.0,70.7,yes
STU-0002221,21,10.8,84.0,70.7,5,7.5,70.0,yes
STU-0002222,18,5.0,68.9,81.9,8,6.3,67.7,yes
STU-0002223,17,1.0,65.6,69.4,14,8.0,58.5,no
STU-0002224,21,8.1,77.7,100,4,7.3,77.1,yes
STU-0002225,18,5.0,80.6,94.3,14,7.0,77.9,yes
STU-0002226,25,1.0,64.6,75.5,4,7.8,58.4,no
STU-0002227,26,15.6,80.1,100,5,5.9,82.8,yes
STU-0002228,20,3.0,66.3,52.0,3,6.9,52.1,no
STU-0002229,24,12.7,61.9,83.7,12,7.2,70.3,yes
STU-0002230,18,13.4,95.5,59.4,9,7.8,67.4,yes
STU-0002231,21,23.9,69.7,98.2,13,7.5,78.3,yes
STU-0002232,23,11.6,62.2,63.5,9,8.1,66.6,yes
STU-0002233,18,8.0,79.7,73.9,7,8.0,86.0,yes
STU-0002234,17,12.6,68.9,79.9,5,5.9,62.2,yes
STU-0002235,19,5.6,71.4,100,13,6.7,68.8,yes
STU-0002236,24,7.0,65.2,31.6,6,7.6,63.3,yes
STU-0002237,21,13.9,75.6,100,4,7.7,89.7,yes
STU-0002238,21,8.6,84.7,97.2,8,8.4,80.6,yes
STU-0002239,21,10.4,91.1,99.1,5,6.6,90.9,yes
STU-0002240,21,16.4,100,100,10,7.6,83.9,yes
STU-0002241,22,17.8,81.4,67.9,3,7.2,77.4,yes
STU-0002242,18,14.8,89.8,100,3,7.3,100,yes
STU-0002243,20,1.0,67.3,57.6,8,6.9,58.2,no
STU-0002244,20,14.3,73.5,78.1,10,7.1,68.9,yes
STU-0002245,19,5.2,79.7,100,5,9.4,78.8,yes
STU-0002246,20,18.6,87.8,100,9,6.6,85.2,yes
STU-0002247,20,4.6,69.9,41.6,8,7.3,50.3,no
STU-0002248,25,10.5,98.1,95.6,7,7.9,85.7,yes
STU-0002249,20,11.9,92.3,100,7,7.7,90.6,yes
STU-0002250,23,4.4,83.9,51.7,12,7.7,47.5,no
STU-0002251,22,5.3,60.5,59.5,8,6.6,61.1,yes
STU-0002252,17,1.0,56.4,42.0,5,6.3,38.9,no
STU-0002253,25,3.5,53.2,71.1,5,5.8,58.4,no
STU-0002254,23,16.9,82.2,100,10,7.9,88.9,yes
STU-0002255,23,14.9,99.7,100,10,6.7,98.8,yes
STU-0002256,20,14.4,79.7,99.3,11,7.7,83.4,yes
STU-0002257,18,7.2,73.3,60.8,7,7.5,60.9,yes
STU-0002258,20,1.0,86.6,88.4,4,5.8,81.4,yes
STU-0002259,18,7.0,71.1,53.3,4,6.2,52.4,no
STU-0002260,21,11.0,82.8,58.2,14,6.8,76.1,yes
STU-0002261,23,21.4,88.8,68.5,10,7.9,82.5,yes
STU-0002262,20,5.1,69.1,62.6,12,6.8,66.5,yes
STU-0002263,19,3.1,72.1,55.4,7,6.3,62.4,yes
STU-0002264,19,24.8,78.6,100,7,7.1,96.8,yes
STU-0002265,24,6.5,64.0,51.6,9,7.6,47.9,no
STU-0002266,26,18.3,70.2,80.2,3,6.0,71.7,yes
STU-0002267,23,8.9,81.3,87.8,6,7.2,78.3,yes
STU-0002268,22,14.0,76.0,83.9,13,7.8,93.1,yes
STU-0002269,26,20.5,93.7,84.5,13,7.0,86.1,yes
STU-0002270,18,1.0,70.3,24.7,4,6.8,50.6,no
STU-0002271,20,7.4,63.8,77.9,6,7.1,68.0,yes
STU-0002272,18,18.7,86.5,100,7,6.6,91.1,yes
STU-0002273,22,1.0,51.0,47.2,14,5.4,36.3,no
STU-0002274,23,4.1,81.8,87.2,9,7.0,74.0,yes
STU-0002275,18,16.5,94.4,96.1,11,8.1,94.0,yes
STU-0002276,20,3.6,53.3,70.4,10,6.2,52.6,no
STU-0002277,19,4.0,68.1,93.4,5,6.7,74.7,yes
STU-0002278,23,8.4,59.6,100,9,6.8,62.5,yes
STU-0002279,24,4.9,62.6,92.7,5,5.3,68.1,yes
STU-0002280,23,19.2,76.4,58.8,8,6.2,65.2,yes
STU-0002281,20,7.8,59.3,72.9,10,7.8,65.8,yes
STU-0002282,18,4.1,61.0,65.0,10,6.9,63.1,yes
STU-0002283,22,19.8,82.9,100,9,6.3,84.3,yes
STU-0002284,24,11.0,79.6,100,6,8.2,100,yes
STU-0002285,18,6.7,74.1,99.7,8,6.9,73.4,yes
STU-0002286,19,21.6,87.7,86.9,8,5.7,55.3,no
STU-0002287,21,6.8,83.9,100,4,6.9,66.4,yes
STU-0002288,20,13.8,74.8,100,7,8.5,83.2,yes
STU-0002289,23,21.7,97.5,100,3,6.5,94.5,yes
STU-0002290,25,11.3,71.2,98.6,5,6.1,79.0,yes
STU-0002291,20,17.5,82.0,100,7,7.5,88.4,yes
STU-0002292,26,16.2,80.5,100,5,6.8,92.8,yes
STU-0002293,18,13.3,70.4,96.2,3,6.6,84.2,yes
STU-0002294,23,6.4,45.4,50.0,7,6.0,44.4,no
STU-0002295,24,2.0,70.5,100,7,8.0,75.8,yes
STU-0002296,26,2.6,57.3,74.4,7,5.5,58.7,no
STU-0002297,24,6.4,55.9,44.4,14,6.8,50.0,no
STU-0002298,23,10.3,76.6,79.0,14,6.4,56.5,no
STU-0002299,21,1.0,59.7,36.6,7,7.8,42.0,no
STU-0002300,18,13.7,73.9,55.3,5,5.5,66.5,yes
STU-0002301,23,5.7,73.2,72.3,14,5.5,59.4,no
STU-0002302,23,11.9,64.6,79.0,7,6.8,77.5,yes
STU-0002303,20,11.7,61.7,73.6,10,7.2,58.3,no
STU-0002304,21,21.7,93.1,92.1,10,7.5,93.7,yes
STU-0002305,20,24.8,98.5,100,3,7.3,84.4,yes
STU-0002306,17,11.2,35,56.6,13,5.6,50.4,no
STU-0002307,20,11.2,85.4,72.8,4,7.0,61.1,yes
STU-0002308,19,12.9,65.8,98.1,3,5.5,67.1,yes
STU-0002309,18,14.2,71.8,100,13,7.0,81.8,yes
STU-0002310,19,11.0,73.3,68.5,14,6.5,38.8,no
STU-0002311,20,8.3,69.4,87.3,4,6.2,59.5,no
STU-0002312,25,17.7,73.4,98.2,5,6.1,76.1,yes
STU-0002313,21,21.7,67.0,73.4,7,7.2,73.2,yes
STU-0002314,19,11.4,91.3,81.7,13,5.9,80.7,yes
STU-0002315,19,11.2,76.5,56.9,12,7.3,60.0,no
STU-0002316,18,4.4,61.5,77.1,11,7.0,61.6,yes
STU-0002317,18,9.0,75.9,66.6,5,6.1,53.4,no
STU-0002318,18,11.7,68.1,75.7,6,6.2,64.5,yes
STU-0002319,19,15.0,89.3,90.0,8,9.2,79.8,yes
STU-0002320,26,1.0,71.7,85.7,8,6.0,63.1,yes
STU-0002321,25,1.7,67.9,88.8,9,7.6,71.8,yes
STU-0002322,18,4.4,71.8,59.4,5,6.6,44.8,no
STU-0002323,21,16.7,80.6,100,13,7.6,88.3,yes
STU-0002324,25,18.7,84.8,100,5,5.6,78.6,yes
STU-0002325,21,16.7,79.7,69.9,5,7.1,71.9,yes
STU-0002326,26,18.3,87.9,100,7,7.8,93.2,yes
STU-0002327,24,21.9,100,100,6,6.7,98.1,yes
STU-0002328,21,12.1,78.7,86.3,5,7.4,74.8,yes
STU-0002329,17,5.3,60.5,72.7,5,7.0,60.1,yes
STU-0002330,23,18.6,96.8,80.4,5,7.6,89.4,yes
STU-0002331,20,26.6,82.8,100,14,7.4,96.3,yes
STU-0002332,25,12.7,86.4,88.1,4,8.1,76.5,yes
STU-0002333,22,16.4,92.7,100,6,7.5,87.1,yes
STU-0002334,18,4.8,80.6,88.3,12,7.5,74.5,yes
STU-0002335,22,20.6,98.3,100,13,8.1,99.5,yes
STU-0002336,20,7.1,68.7,52.6,6,7.4,61.7,yes
STU-0002337,18,22.5,87.1,100,11,8.4,85.1,yes
STU-0002338,18,24.9,88.4,100,5,7.5,89.2,yes
STU-0002339,18,10.0,65.2,98.2,10,6.4,70.1,yes
STU-0002340,26,9.4,87.7,82.2,3,7.8,81.6,yes
STU-0002341,24,20.8,80.8,87.3,4,9.0,77.5,yes
STU-0002342,25,6.5,73.2,90.1,8,7.5,85.5,yes
STU-0002343,22,6.4,68.8,100,7,5.7,81.1,yes
STU-0002344,25,10.5,59.0,100,13,7.4,80.1,yes
STU-0002345,18,13.9,66.0,84.3,6,7.4,81.1,yes
STU-0002346,24,16.3,100,92.6,5,7.3,78.6,yes
STU-0002347,21,6.1,51.3,54.8,10,6.8,46.1,no
STU-0002348,17,7.1,45.1,67.9,14,5.6,49.2,no
STU-0002349,20,8.6,63.8,81.8,14,5.9,66.3,yes
STU-0002350,20,2.5,74.6,58.0,14,6.6,54.0,no
STU-0002351,23,5.2,95.0,74.5,10,8.9,84.8,yes
STU-0002352,24,6.9,68.7,91.3,5,7.3,72.2,yes
STU-0002353,19,1.0,60.4,46.1,12,7.4,49.3,no
STU-0002354,21,4.7,91.2,77.6,10,7.1,79.7,yes
STU-0002355,22,4.1,65.6,53.9,4,7.0,50.3,no
STU-0002356,19,18.8,93.2,100,3,7.2,77.9,yes
STU-0002357,25,14.2,76.9,98.1,10,6.0,86.2,yes
STU-0002358,24,14.1,94.9,100,14,6.3,96.8,yes
STU-0002359,25,10.2,79.1,58.3,8,7.6,64.8,yes
STU-0002360,21,1.0,53.3,38.4,8,5.5,40.5,no
STU-0002361,19,15.6,100,100,7,9.3,100,yes
STU-0002362,21,1.0,73.2,65.9,13,6.7,57.6,no
STU-0002363,19,13.2,82.1,98.0,3,7.7,90.5,yes
STU-0002364,19,11.6,82.1,91.3,8,7.3,82.1,yes
STU-0002365,25,15.3,80.1,100,6,6.8,81.0,yes
STU-0002366,25,13.0,82.9,54.8,7,8.6,73.0,yes
STU-0002367,21,1.0,60.9,57.3,8,6.4,54.9,no
STU-0002368,26,9.1,79.8,100,13,5.3,78.0,yes
STU-0002369,19,28.2,85.6,81.6,12,7.8,79.6,yes
STU-0002370,20,6.1,86.1,99.6,5,7.2,85.0,yes
STU-0002371,23,9.0,67.0,59.0,11,5.1,49.6,no
STU-0002372,22,1.0,50.9,36.9,14,5.6,41.5,no
STU-0002373,21,12.0,74.4,90.2,4,7.4,74.0,yes
STU-0002374,21,22.8,93.4,96.1,13,9.9,100,yes
STU-0002375,25,10.4,62.7,81.5,5,8.4,87.5,yes
STU-0002376,19,10.7,75.5,69.6,9,7.6,67.6,yes
STU-0002377,25,11.4,60.9,96.1,9,6.8,83.5,yes
STU-0002378,20,11.3,90.8,100,14,7.0,84.6,yes
STU-0002379,21,11.8,79.2,100,13,5.4,77.2,yes
STU-0002380,21,13.1,100,100,10,8.5,89.1,yes
STU-0002381,20,14.6,98.3,100,11,8.0,89.3,yes
STU-0002382,18,3.5,51.1,20.3,11,5.5,22.8,no
STU-0002383,26,9.9,64.9,52.1,7,6.3,51.5,no
STU-0002384,19,11.0,72.6,91.1,6,6.6,74.9,yes
STU-0002385,25,8.8,87.8,79.4,7,6.5,72.8,yes
STU-0002386,22,19.1,80.5,93.8,8,6.0,72.9,yes
STU-0002387,18,21.5,92.1,100,6,6.7,87.4,yes
STU-0002388,26,1.4,80.1,87.3,3,6.1,53.7,no
STU-0002389,19,10.4,66.3,81.5,8,8.5,76.8,yes
STU-0002390,17,1.0,87.4,81.5,3,7.3,67.2,yes
STU-0002391,23,12.6,97.9,99.1,12,7.1,78.2,yes
STU-0002392,21,11.3,84.7,74.6,8,6.0,68.7,yes
STU-0002393,26,8.6,78.7,100,3,7.0,79.3,yes
STU-0002394,20,21.9,78.9,81.6,4,8.3,96.3,yes
STU-0002395,21,4.8,79.3,91.6,14,6.9,68.5,yes
STU-0002396,18,8.0,71.5,98.9,12,5.1,72.3,yes
STU-0002397,24,11.4,65.8,64.9,7,7.1,63.8,yes
STU-0002398,26,23.5,100,100,10,8.2,74.8,yes
STU-0002399,21,15.8,87.6,82.4,14,7.2,68.3,yes
STU-0002400,26,4.2,81.2,91.5,10,6.3,74.0,yes
STU-0002401,18,7.8,82.4,90.2,12,8.0,74.7,yes
STU-0002402,19,1.0,59.1,51.7,14,4.2,32.3,no
STU-0002403,18,1.0,82.2,72.1,8,5.4,56.9,no
STU-0002404,25,14.6,83.5,92.4,6,5.9,78.8,yes
STU-0002405,18,6.6,80.3,100,14,5.5,74.6,yes
STU-0002406,19,1.0,66.3,76.5,7,6.9,48.7,no
STU-0002407,21,15.1,76.0,46.7,12,8.4,65.9,yes
STU-0002408,21,10.5,69.6,59.3,12,7.2,63.6,yes
STU-0002409,18,1.0,83.2,58.2,7,7.0,61.8,yes
STU-0002410,26,14.8,91.4,100,12,6.8,85.9,yes
STU-0002411,20,15.4,78.4,95.0,7,8.7,90.9,yes
STU-0002412,18,1.0,51.3,38.3,13,7.2,46.2,no
STU-0002413,19,16.1,69.3,55.4,12,8.0,49.4,no
STU-0002414,26,3.7,88.4,80.8,4,8.2,67.9,yes
STU-0002415,21,14.6,85.8,100,5,8.7,92.8,yes
STU-0002416,20,10.8,94.0,98.0,4,6.9,91.2,yes
STU-0002417,17,16.7,83.4,93.3,13,7.1,87.7,yes
STU-0002418,20,10.8,69.7,72.3,8,6.1,69.3,yes
STU-0002419,17,11.5,82.6,100,12,6.5,84.1,yes
STU-0002420,20,15.1,79.1,92.0,5,7.2,87.5,yes
STU-0002421,21,6.8,72.5,87.6,8,6.5,79.9,yes
STU-0002422,20,26.0,84.6,100,10,8.2,93.2,yes
STU-0002423,19,10.8,69.5,55.7,7,7.5,55.5,no
STU-0002424,20,7.6,61.1,59.3,3,7.3,56.9,no
STU-0002425,18,1.0,63.8,76.4,11,6.1,61.5,yes
STU-0002426,20,13.0,48.7,79.9,14,4.1,48.2,no
STU-0002427,19,18.8,78.6,90.1,5,6.8,84.3,yes
STU-0002428,17,8.5,85.1,100,12,7.3,80.6,yes
STU-0002429,20,1.0,68.4,65.5,4,7.2,53.2,no
STU-0002430,18,1.0,51.8,75.0,4,7.2,50.6,no
STU-0002431,26,19.4,93.0,91.0,3,7.2,89.3,yes
STU-0002432,24,19.5,91.5,80.2,4,7.8,82.2,yes
STU-0002433,23,4.6,78.9,71.2,13,6.7,63.5,yes
STU-0002434,20,11.4,78.2,92.9,8,6.8,59.7,no
STU-0002435,25,28.7,92.9,100,14,8.1,91.7,yes
STU-0002436,18,32.6,80.0,100,11,7.6,99.9,yes
STU-0002437,18,17.3,79.0,89.7,3,7.1,81.8,yes
STU-0002438,17,9.1,58.9,85.1,6,8.4,65.6,yes
STU-0002439,19,14.7,100,100,12,8.0,99.5,yes
STU-0002440,26,7.4,48.5,71.2,4,7.9,65.3,yes
STU-0002441,21,18.6,65.1,73.2,8,5.9,62.3,yes
STU-0002442,24,4.4,69.1,91.0,11,7.8,75.1,yes
STU-0002443,26,6.3,67.1,74.6,9,8.2,37.2,no
STU-0002444,18,6.1,95.4,94.5,5,6.5,76.2,yes
STU-0002445,25,9.6,80.8,42.8,5,8.1,53.5,no
STU-0002446,24,7.6,67.4,59.0,6,6.9,44.8,no
STU-0002447,21,9.4,73.4,24.8,11,6.4,39.7,no
STU-0002448,21,11.7,85.5,80.6,13,6.1,71.2,yes
STU-0002449,22,24.2,83.3,100,6,8.2,96.1,yes
STU-0002450,17,1.0,49.2,40.9,6,5.9,40.9,no
STU-0002451,18,13.1,74.6,72.5,9,8.1,72.5,yes
STU-0002452,17,15.3,89.6,75.6,6,7.5,85.9,yes
STU-0002453,19,21.6,82.5,100,10,6.7,89.8,yes
STU-0002454,19,9.5,82.5,93.8,8,7.8,79.5,yes
STU-0002455,26,12.0,84.8,100,13,7.1,87.8,yes
STU-0002456,18,6.3,72.3,76.0,3,7.8,69.6,yes
STU-0002457,21,10.9,52.0,64.7,7,7.6,64.0,yes
STU-0002458,24,5.4,71.5,61.2,14,7.1,64.9,yes
STU-0002459,22,13.1,79.5,100,9,7.2,86.3,yes
STU-0002460,21,3.1,81.5,83.5,11,6.0,64.0,yes
STU-0002461,20,1.0,73.6,50.5,5,6.2,59.8,no
STU-0002462,18,8.6,69.3,86.4,8,6.9,76.8,yes
STU-0002463,25,5.7,68.9,51.9,9,6.4,54.6,no
STU-0002464,19,13.1,96.3,85.4,7,7.0,85.1,yes
STU-0002465,19,1.0,41.9,20,5,6.2,35.2,no
STU-0002466,19,4.8,80.9,56.6,14,6.0,51.2,no
STU-0002467,18,7.3,73.0,46.7,9,7.2,65.8,yes
STU-0002468,17,19.2,77.5,76.9,7,6.6,72.4,yes
STU-0002469,19,3.8,73.1,87.9,4,7.4,75.8,yes
STU-0002470,20,2.7,91.9,100,4,5.9,73.4,yes
STU-0002471,23,16.4,84.2,100,12,6.5,76.1,yes
STU-0002472,25,11.2,88.2,76.9,4,8.6,84.3,yes
STU-0002473,22,14.3,97.6,60.3,13,8.5,66.2,yes
STU-0002474,21,1.0,64.1,26.4,3,7.8,23.4,no
STU-0002475,18,15.3,83.2,82.4,13,7.3,72.3,yes
STU-0002476,18,2.5,67.2,63.0,14,6.9,60.0,yes
STU-0002477,26,14.5,80.3,100,5,6.7,86.5,yes
STU-0002478,21,6.3,85.7,94.2,7,6.7,71.4,yes
STU-0002479,22,10.9,68.4,67.4,5,5.4,56.0,no
STU-0002480,21,6.3,52.2,68.1,10,6.3,64.4,yes
STU-0002481,17,1.0,56.9,56.9,10,8.3,57.7,no
STU-0002482,23,2.0,81.3,95.9,5,7.5,63.6,yes
STU-0002483,21,13.4,98.9,100,6,8.1,81.1,yes
STU-0002484,22,11.5,78.6,45.3,12,7.1,54.5,no
STU-0002485,19,17.7,83.4,80.0,4,7.3,69.6,yes
STU-0002486,24,1.0,63.6,35.5,3,7.2,48.0,no
STU-0002487,18,10.2,83.9,99.6,14,6.8,87.6,yes
STU-0002488,19,13.5,83.4,100,11,9.1,96.1,yes
STU-0002489,20,15.2,85.7,75.9,12,8.1,71.1,yes
STU-0002490,17,15.9,78.7,85.4,10,7.0,78.9,yes
STU-0002491,22,20.5,91.2,100,11,7.3,90.9,yes
STU-0002492,20,13.6,80.2,86.1,4,8.2,77.8,yes
STU-0002493,19,13.3,79.8,100,13,6.8,86.3,yes
STU-0002494,22,13.8,71.6,90.4,5,7.0,77.5,yes
STU-0002495,20,8.6,70.3,60.2,7,8.3,64.8,yes
STU-0002496,18,25.6,88.6,100,7,7.2,98.8,yes
STU-0002497,23,11.2,53.9,50.4,5,6.5,52.9,no
STU-0002498,23,9.4,68.9,81.0,10,6.8,66.7,yes
STU-0002499,18,11.3,94.5,83.8,6,7.4,80.8,yes
STU-0002500,21,10.6,78.5,100,5,6.7,80.5,yes
STU-0002501,20,12.3,90.0,100,14,7.9,81.0,yes
STU-0002502,18,6.7,74.7,97.0,6,6.9,88.6,yes
STU-0002503,21,3.9,92.9,94.6,14,6.7,70.1,yes
STU-0002504,21,1.7,76.1,59.5,5,6.7,57.9,no
STU-0002505,21,2.2,70.8,89.5,9,8.0,80.4,yes
STU-0002506,25,14.8,90.3,89.9,9,7.5,77.5,yes
STU-0002507,21,19.0,100,96.9,13,8.2,98.5,yes
STU-0002508,21,9.9,70.6,100,6,6.3,74.5,yes
STU-0002509,17,1.0,60.5,52.3,11,6.0,53.4,no
STU-0002510,20,8.8,76.1,97.6,8,6.2,76.1,yes
STU-0002511,26,20.7,87.7,100,8,6.2,84.3,yes
STU-0002512,21,11.8,59.5,88.7,8,5.5,71.6,yes
STU-0002513,17,10.1,63.8,70.3,5,6.6,61.5,yes
STU-0002514,23,3.9,84.7,68.8,5,7.6,65.7,yes
STU-0002515,20,12.8,80.4,100,13,8.4,85.8,yes
STU-0002516,20,20.7,86.3,95.7,11,7.5,93.5,yes
STU-0002517,19,16.9,91.4,95.4,10,6.5,84.9,yes
STU-0002518,24,10.5,62.1,87.1,5,7.8,84.9,yes
STU-0002519,17,9.0,66.8,69.9,4,7.1,58.1,no
STU-0002520,20,7.2,47.2,82.9,3,6.5,57.2,no
STU-0002521,25,4.5,70.4,29.7,3,6.5,43.3,no
STU-0002522,18,17.6,82.6,94.0,4,7.0,88.2,yes
STU-0002523,20,5.3,64.1,45.0,8,5.9,52.2,no
STU-0002524,19,10.5,85.7,83.8,6,8.8,76.2,yes
STU-0002525,24,8.2,71.3,65.9,6,6.5,75.6,yes
STU-0002526,23,3.8,71.6,78.0,9,6.5,50.7,no
STU-0002527,23,1.0,73.4,82.8,10,7.1,67.5,yes
STU-0002528,18,5.7,64.5,53.3,13,7.7,53.0,no
STU-0002529,25,5.6,89.6,98.8,10,6.3,86.9,yes
STU-0002530,22,13.2,100,100,9,7.7,87.9,yes
STU-0002531,24,15.6,82.7,93.3,14,6.8,73.8,yes
STU-0002532,25,23.9,65.6,100,6,8.1,84.5,yes
STU-0002533,20,17.9,90.7,100,14,7.8,93.8,yes
STU-0002534,18,14.1,96.8,88.7,6,6.5,68.3,yes
STU-0002535,17,3.3,60.2,93.4,8,6.3,65.1,yes
STU-0002536,20,7.9,78.0,100,6,7.5,78.8,yes
STU-0002537,21,8.7,72.6,70.7,7,8.3,63.9,yes
STU-0002538,20,10.5,81.3,83.0,10,7.6,74.9,yes
STU-0002539,26,8.1,96.5,100,3,7.8,87.3,yes
STU-0002540,23,16.8,66.8,100,10,6.2,76.7,yes
STU-0002541,18,3.6,82.7,69.7,9,6.4,57.9,no
STU-0002542,26,10.3,59.2,56.7,4,4.5,33.0,no
STU-0002543,25,23.9,86.2,98.4,5,9.0,100,yes
STU-0002544,23,18.4,96.1,100,11,7.5,97.4,yes
STU-0002545,21,8.6,76.4,68.4,10,5.6,49.4,no
STU-0002546,24,12.6,70.5,88.8,7,6.7,74.2,yes
STU-0002547,21,13.2,91.9,100,14,8.6,99.2,yes
STU-0002548,23,1.0,54.3,28.4,12,6.3,33.2,no
STU-0002549,18,14.8,76.6,88.3,6,6.2,76.8,yes
STU-0002550,25,16.7,75.8,91.9,8,6.7,55.1,no
STU-0002551,18,19.5,97.2,100,10,7.8,95.0,yes
STU-0002552,18,1.9,80.3,69.4,5,6.7,62.1,yes
STU-0002553,24,8.2,79.3,75.9,6,7.6,58.9,no
STU-0002554,25,7.9,60.3,77.9,7,7.1,55.5,no
STU-0002555,21,3.7,91.5,100,9,6.6,77.7,yes
STU-0002556,17,3.7,88.9,84.5,9,8.1,79.1,yes
STU-0002557,19,13.7,67.6,82.2,11,7.1,66.9,yes
STU-0002558,19,9.5,88.1,100,14,9.1,81.8,yes
STU-0002559,17,17.4,79.1,81.7,14,8.1,75.9,yes
STU-0002560,25,18.2,79.8,100,5,6.7,83.9,yes
STU-0002561,19,6.1,73.8,46.5,10,8.5,52.1,no
STU-0002562,17,2.6,86.0,57.6,13,6.9,57.1,no
STU-0002563,20,1.0,61.6,47.3,9,7.0,48.8,no
STU-0002564,19,14.4,74.0,79.8,11,5.5,76.3,yes
STU-0002565,21,15.4,82.8,100,12,7.9,92.1,yes
STU-0002566,20,19.8,84.5,81.2,10,7.6,84.0,yes
STU-0002567,26,1.0,75.4,57.3,5,6.3,42.3,no
STU-0002568,21,20.4,94.0,100,10,6.8,97.3,yes
STU-0002569,21,5.4,72.4,50.2,11,5.8,55.8,no
STU-0002570,19,8.9,91.8,67.0,14,6.6,82.5,yes
STU-0002571,17,11.7,59.1,68.0,7,5.6,55.1,no
STU-0002572,25,1.0,55.6,66.0,3,6.7,48.0,no
STU-0002573,23,8.9,64.0,49.6,3,6.6,50.7,no
STU-0002574,19,13.2,80.7,51.9,12,6.8,65.6,yes
STU-0002575,19,1.0,66.2,73.4,11,6.7,59.1,no
STU-0002576,20,17.5,75.1,100,14,8.0,89.7,yes
STU-0002577,26,13.3,63.9,66.6,6,7.0,68.2,yes
STU-0002578,25,15.1,77.6,93.2,7,8.1,88.9,yes
STU-0002579,17,1.0,77.4,78.7,14,6.5,57.8,no
STU-0002580,26,1.0,59.1,56.4,9,6.9,48.1,no
STU-0002581,23,5.8,62.8,71.2,14,7.5,70.1,yes
STU-0002582,20,6.5,62.8,82.5,10,6.1,81.5,yes
STU-0002583,19,11.0,67.5,91.9,6,7.8,81.3,yes
STU-0002584,18,4.6,77.7,83.7,6,7.6,75.2,yes
STU-0002585,25,12.7,70.5,38.4,8,7.5,64.8,yes
STU-0002586,20,1.9,75.3,89.8,11,6.3,71.3,yes
STU-0002587,20,4.5,91.3,100,11,6.9,76.7,yes
STU-0002588,20,1.0,65.8,53.5,13,6.8,60.1,yes
STU-0002589,24,9.6,77.0,96.1,6,7.9,79.1,yes
STU-0002590,21,8.6,95.3,92.5,4,6.7,71.2,yes
STU-0002591,20,11.3,81.1,100,9,8.8,92.5,yes
STU-0002592,20,1.0,56.2,49.3,14,5.2,52.1,no
STU-0002593,18,8.6,78.7,54.3,5,6.6,53.1,no
STU-0002594,21,14.4,100,85.7,7,7.7,79.3,yes
STU-0002595,24,1.0,63.6,97.0,6,6.2,67.5,yes
STU-0002596,21,9.3,100,62.6,14,8.5,69.8,yes
STU-0002597,20,7.7,87.1,100,3,6.9,78.8,yes
STU-0002598,25,3.0,76.3,68.5,10,6.8,75.6,yes
STU-0002599,21,12.0,93.3,100,10,7.8,89.5,yes
STU-0002600,19,11.2,70.4,100,12,7.5,75.4,yes
STU-0002601,25,15.4,73.0,100,9,8.1,99.7,yes
STU-0002602,18,7.7,84.6,100,6,7.8,82.0,yes
STU-0002603,24,26.1,94.0,99.5,5,7.3,91.4,yes
STU-0002604,20,15.3,72.2,87.5,4,6.5,72.7,yes
STU-0002605,18,16.6,87.0,100,11,8.3,87.4,yes
STU-0002606,20,3.1,76.4,88.1,12,6.9,78.2,yes
STU-0002607,22,16.3,91.4,100,13,8.8,100,yes
STU-0002608,26,5.0,63.6,70.4,7,6.0,50.0,no
STU-0002609,18,3.5,80.3,82.0,9,7.5,76.2,yes
STU-0002610,21,15.6,61.1,77.2,7,5.9,74.2,yes
STU-0002611,19,8.2,80.7,70.3,12,5.9,67.8,yes
STU-0002612,20,12.2,92.5,100,11,7.5,93.4,yes
STU-0002613,18,4.4,80.6,57.9,12,6.9,65.5,yes
STU-0002614,18,12.7,80.2,79.2,5,6.3,78.6,yes
STU-0002615,20,2.1,57.4,20.8,10,7.1,34.3,no
STU-0002616,23,3.6,72.1,84.4,11,7.5,61.9,yes
STU-0002617,19,5.8,84.9,74.4,4,8.1,66.5,yes
STU-0002618,19,10.5,52.3,80.2,13,8.6,70.8,yes
STU-0002619,21,14.5,58.0,90.1,14,7.3,72.0,yes
STU-0002620,22,15.2,84.4,78.4,8,6.1,78.1,yes
STU-0002621,24,24.7,78.3,85.9,6,6.6,74.7,yes
STU-0002622,20,9.2,64.8,81.0,13,8.7,79.7,yes
STU-0002623,18,14.7,68.9,100,8,8.2,87.0,yes
STU-0002624,24,12.6,61.9,60.8,7,7.0,59.7,no
STU-0002625,21,13.8,82.3,77.8,14,7.6,62.0,yes
STU-0002626,20,23.6,100,99.2,6,8.1,96.5,yes
STU-0002627,21,24.5,82.0,100,9,8.4,91.4,yes
STU-0002628,17,16.2,85.5,90.0,11,6.5,85.2,yes
STU-0002629,24,12.3,64.7,84.2,8,7.7,61.3,yes
STU-0002630,26,1.0,61.9,72.6,3,6.5,54.9,no
STU-0002631,20,9.2,93.2,83.7,7,6.7,73.3,yes
STU-0002632,22,6.5,74.1,55.7,9,7.4,66.0,yes
STU-0002633,20,11.8,90.8,78.2,5,8.6,77.3,yes
STU-0002634,19,1.9,72.2,74.4,5,7.8,61.3,yes
STU-0002635,23,20.1,84.3,100,14,6.1,77.0,yes
STU-0002636,25,28.5,93.6,100,4,7.9,93.2,yes
STU-0002637,17,6.4,56.5,54.6,10,5.6,47.9,no
STU-0002638,18,13.8,77.9,74.5,8,7.5,70.0,yes
STU-0002639,23,20.4,100,100,7,7.8,100,yes
STU-0002640,23,6.9,73.5,53.0,5,7.4,55.6,no
STU-0002641,20,5.8,60.2,66.2,7,6.2,56.7,no
STU-0002642,20,15.5,83.4,100,5,7.2,84.1,yes
STU-0002643,21,6.9,79.0,100,8,6.3,63.0,yes
STU-0002644,25,6.6,52.3,52.0,13,6.7,53.8,no
STU-0002645,24,13.1,80.3,90.7,4,6.9,82.4,yes
STU-0002646,23,14.8,80.1,95.8,7,7.7,89.6,yes
STU-0002647,18,11.6,81.3,69.1,10,8.1,77.6,yes
STU-0002648,17,6.8,71.5,48.2,4,6.4,47.9,no
STU-0002649,18,1.0,49.2,41.7,12,5.6,47.3,no
STU-0002650,26,9.3,77.3,100,6,6.2,86.9,yes
STU-0002651,22,10.0,65.5,45.3,11,6.4,47.3,no
STU-0002652,23,11.5,100,88.1,10,7.2,84.5,yes
STU-0002653,25,1.4,75.7,66.6,6,5.3,57.2,no
STU-0002654,21,12.4,82.6,78.4,8,8.0,82.9,yes
STU-0002655,17,10.4,77.4,70.7,9,6.2,64.9,yes
STU-0002656,18,3.4,66.4,46.8,6,7.8,46.5,no
STU-0002657,18,3.8,61.5,76.5,8,7.1,70.4,yes
STU-0002658,19,14.1,70.8,85.7,5,7.9,76.3,yes
STU-0002659,25,9.5,84.9,95.3,12,7.2,87.9,yes
STU-0002660,23,4.8,71.2,76.1,11,7.4,64.6,yes
STU-0002661,20,17.1,64.5,100,9,7.3,81.3,yes
STU-0002662,20,15.0,73.9,97.5,3,6.8,92.2,yes
STU-0002663,20,1.0,56.9,40.5,10,6.7,50.9,no
STU-0002664,22,1.0,61.3,51.2,8,6.6,39.5,no
STU-0002665,17,9.3,97.4,100,14,6.2,84.5,yes
STU-0002666,22,11.1,63.9,98.7,3,6.6,90.6,yes
STU-0002667,18,14.9,83.8,79.2,5,7.4,83.5,yes
STU-0002668,23,19.8,84.1,100,5,6.4,82.5,yes
STU-0002669,21,11.1,97.9,98.5,14,7.2,77.5,yes
STU-0002670,20,1.0,71.7,39.5,10,4.7,42.5,no
STU-0002671,20,7.4,92.3,96.4,7,7.9,57.3,no
STU-0002672,21,9.2,64.8,33.0,9,6.8,33.2,no
STU-0002673,25,11.1,92.8,100,9,8.4,89.9,yes
STU-0002674,18,9.2,56.4,93.8,6,6.5,70.3,yes
STU-0002675,22,8.1,84.7,77.1,11,7.8,79.9,yes
STU-0002676,18,12.3,84.4,80.9,3,6.5,73.3,yes
STU-0002677,21,13.6,90.7,74.3,7,8.0,85.0,yes
STU-0002678,20,13.7,98.5,61.4,9,7.2,75.8,yes
STU-0002679,20,1.0,60.0,75.3,6,6.3,63.3,yes
STU-0002680,20,6.5,85.9,100,12,7.0,85.3,yes
STU-0002681,23,13.2,82.9,95.8,9,8.3,84.6,yes
STU-0002682,19,1.0,43.5,71.4,14,5.5,43.2,no
STU-0002683,19,13.5,80.6,67.1,13,6.8,80.3,yes
STU-0002684,18,11.4,67.7,100,3,6.2,62.8,yes
STU-0002685,17,15.2,86.0,100,14,7.7,94.1,yes
STU-0002686,24,2.8,94.0,81.7,6,8.6,74.9,yes
STU-0002687,18,20.5,100,100,10,7.3,91.3,yes
STU-0002688,21,8.8,71.5,83.4,11,7.3,66.1,yes
STU-0002689,21,18.3,77.0,83.3,4,8.4,68.2,yes
STU-0002690,20,1.0,74.1,32.0,6,5.6,35.9,no
STU-0002691,21,12.3,80.1,64.2,14,6.7,66.0,yes
STU-0002692,18,11.3,81.5,82.7,7,8.4,69.7,yes
STU-0002693,19,11.1,78.5,60.2,11,7.6,70.5,yes
STU-0002694,25,6.7,75.1,84.7,12,6.4,79.3,yes
STU-0002695,19,10.2,67.8,31.6,6,7.3,63.7,yes
STU-0002696,24,4.1,65.9,59.6,5,8.2,47.4,no
STU-0002697,21,4.4,83.1,92.2,12,7.8,89.2,yes
STU-0002698,19,14.1,73.0,55.6,14,8.7,57.0,no
STU-0002699,22,12.7,73.5,92.7,3,7.5,79.6,yes
STU-0002700,19,16.1,62.8,89.4,10,7.4,73.0,yes
STU-0002701,24,1.0,62.6,69.8,5,7.3,58.6,no
STU-0002702,21,5.7,64.8,74.5,7,6.3,57.6,no
STU-0002703,19,1.0,49.4,25.8,7,7.1,29.2,no
STU-0002704,18,9.0,75.8,84.1,12,7.1,68.6,yes
STU-0002705,18,16.8,72.4,100,4,6.4,65.6,yes
STU-0002706,26,1.0,56.0,60.9,9,7.3,43.5,no
STU-0002707,18,23.5,95.8,100,14,8.7,92.0,yes
STU-0002708,21,18.7,100,100,9,7.0,87.1,yes
STU-0002709,18,15.3,81.0,100,5,7.3,80.9,yes
STU-0002710,24,15.7,71.9,83.2,12,7.2,76.5,yes
STU-0002711,21,5.3,77.5,100,13,6.6,82.3,yes
STU-0002712,18,16.8,74.7,100,14,6.5,83.3,yes
STU-0002713,25,3.4,63.7,63.5,13,9.0,60.1,yes
STU-0002714,23,4.5,81.3,72.5,11,6.9,68.1,yes
STU-0002715,26,14.1,83.2,94.8,13,7.1,77.6,yes
STU-0002716,20,12.0,92.8,95.2,10,7.5,73.5,yes
STU-0002717,23,11.9,77.6,94.7,11,9.4,86.3,yes
STU-0002718,20,16.1,86.5,92.7,14,6.8,75.0,yes
STU-0002719,24,8.2,88.6,98.2,12,7.5,76.9,yes
STU-0002720,18,12.6,97.7,63.0,9,7.3,78.2,yes
STU-0002721,21,1.0,54.1,88.8,12,6.0,62.1,yes
STU-0002722,21,14.2,64.5,78.0,13,7.2,61.6,yes
STU-0002723,19,10.4,76.5,81.8,6,6.5,70.8,yes
STU-0002724,19,6.2,77.4,100,14,6.2,78.1,yes
STU-0002725,26,12.5,72.6,100,12,5.0,78.9,yes
STU-0002726,18,7.5,90.7,100,6,6.5,70.6,yes
STU-0002727,24,12.8,73.8,76.4,4,4.6,58.8,no
STU-0002728,24,16.8,89.2,100,8,7.1,81.7,yes
STU-0002729,24,7.5,88.6,59.8,6,6.4,60.1,yes
STU-0002730,23,6.1,87.8,76.2,12,6.2,72.5,yes
STU-0002731,18,14.8,82.4,67.8,5,8.7,69.2,yes
STU-0002732,25,24.9,85.7,100,8,7.5,91.8,yes
STU-0002733,20,14.7,84.0,95.8,10,6.6,83.0,yes
STU-0002734,21,15.0,87.8,100,9,7.2,92.2,yes
STU-0002735,19,1.0,61.7,38.4,5,7.1,47.2,no
STU-0002736,18,6.3,69.2,67.6,5,6.7,65.1,yes
STU-0002737,19,18.8,80.8,64.9,10,6.9,69.3,yes
STU-0002738,25,9.6,64.5,60.1,9,5.9,54.6,no
STU-0002739,18,8.7,76.0,60.6,10,6.5,49.8,no
STU-0002740,19,17.5,96.5,100,6,7.8,90.9,yes
STU-0002741,25,9.4,63.5,100,11,5.9,67.5,yes
STU-0002742,21,2.5,84.5,63.7,8,6.9,64.5,yes
STU-0002743,17,14.7,74.3,97.7,7,7.7,85.5,yes
STU-0002744,20,6.0,59.4,61.5,6,6.2,49.6,no
STU-0002745,21,18.0,69.5,65.4,4,7.1,64.1,yes
STU-0002746,22,3.5,53.0,50.3,9,6.2,52.7,no
STU-0002747,20,10.3,70.8,57.2,8,5.9,65.2,yes
STU-0002748,21,1.0,38.0,54.1,14,5.5,45.4,no
STU-0002749,25,12.4,73.0,82.6,4,7.5,64.3,yes
STU-0002750,21,5.8,64.8,76.0,14,7.4,65.9,yes
STU-0002751,18,7.2,70.3,100,11,8.1,85.1,yes
STU-0002752,22,16.4,82.1,100,4,8.1,89.9,yes
STU-0002753,18,23.3,86.6,100,5,6.9,93.0,yes
STU-0002754,18,7.8,67.2,24.8,10,8.7,50.8,no
STU-0002755,19,11.3,80.2,100,11,7.5,82.3,yes
STU-0002756,20,22.4,85.4,100,14,7.7,85.9,yes
STU-0002757,24,11.4,80.2,95.4,3,8.2,77.8,yes
STU-0002758,24,16.1,97.5,86.3,8,7.6,84.7,yes
STU-0002759,21,15.3,74.3,96.6,10,6.8,88.9,yes
STU-0002760,21,15.7,76.8,98.8,9,7.0,85.6,yes
STU-0002761,20,8.9,63.5,67.8,10,6.6,61.0,yes
STU-0002762,25,12.5,82.0,75.2,6,6.6,74.3,yes
STU-0002763,20,16.8,93.6,95.1,11,8.0,86.3,yes
STU-0002764,26,6.2,78.8,83.9,6,7.6,74.5,yes
STU-0002765,22,9.2,83.0,93.5,11,6.8,75.8,yes
STU-0002766,18,1.0,79.8,69.3,6,7.6,68.6,yes
STU-0002767,18,7.2,84.5,100,4,7.1,80.5,yes
STU-0002768,20,17.9,80.7,100,5,6.6,94.5,yes
STU-0002769,23,5.0,72.3,62.4,7,7.8,57.1,no
STU-0002770,18,7.6,82.2,65.3,9,8.3,62.2,yes
STU-0002771,21,7.4,75.1,85.7,7,7.9,79.8,yes
STU-0002772,21,6.8,76.0,78.5,4,8.5,71.7,yes
STU-0002773,23,19.7,89.1,100,10,6.6,88.6,yes
STU-0002774,21,23.8,91.2,100,9,7.2,95.9,yes
STU-0002775,20,27.6,99.2,100,6,7.2,100,yes
STU-0002776,18,19.8,76.8,100,3,8.2,93.6,yes
STU-0002777,26,3.1,80.8,59.2,9,6.2,57.0,no
STU-0002778,25,19.9,100,100,9,6.7,84.4,yes
STU-0002779,21,2.6,74.2,88.7,14,7.9,70.4,yes
STU-0002780,23,19.1,77.7,89.4,14,5.8,68.8,yes
STU-0002781,22,14.4,72.4,65.1,11,6.5,63.0,yes
STU-0002782,18,20.3,84.2,100,13,9.2,86.6,yes
STU-0002783,25,14.6,64.9,82.3,3,6.7,78.0,yes
STU-0002784,18,9.8,74.1,69.5,12,7.8,79.1,yes
STU-0002785,20,16.0,93.7,100,9,8.3,97.1,yes
STU-0002786,21,14.5,86.4,94.2,5,6.4,71.1,yes
STU-0002787,26,10.8,55.0,67.5,4,5.3,48.0,no
STU-0002788,17,4.0,75.0,100,9,6.1,73.7,yes
STU-0002789,26,12.9,89.6,83.0,3,9.3,71.1,yes
STU-0002790,18,11.4,67.1,100,3,7.4,89.4,yes
STU-0002791,21,3.7,64.2,99.6,8,7.4,77.0,yes
STU-0002792,18,16.3,65.1,73.1,6,7.4,74.6,yes
STU-0002793,19,1.0,52.0,53.8,8,5.6,39.2,no
STU-0002794,18,8.2,48.1,47.3,9,5.4,42.5,no
STU-0002795,18,2.9,83.9,97.1,3,7.0,76.8,yes
STU-0002796,20,1.1,88.4,81.0,14,7.5,78.0,yes
STU-0002797,24,10.5,90.3,88.5,4,5.1,87.1,yes
STU-0002798,19,12.9,89.7,100,9,7.9,84.0,yes
STU-0002799,20,13.9,83.7,100.0,4,6.9,74.0,yes
STU-0002800,21,10.4,74.2,96.3,12,8.5,77.1,yes
STU-0002801,19,25.7,100,100,8,8.5,80.9,yes
STU-0002802,26,28.9,100,100,3,7.3,100,yes
STU-0002803,18,19.1,90.5,100,3,7.6,95.6,yes
STU-0002804,19,10.9,78.1,62.0,4,5.4,49.8,no
STU-0002805,19,15.0,84.2,100,4,8.1,90.5,yes
STU-0002806,23,1.0,35,41.5,10,6.1,28.2,no
STU-0002807,21,6.0,82.0,94.2,8,7.0,80.0,yes
STU-0002808,19,1.0,58.0,53.7,4,5.3,38.1,no
STU-0002809,18,13.7,95.6,100,10,8.6,83.7,yes
STU-0002810,23,17.6,72.6,97.7,3,8.1,82.1,yes
STU-0002811,19,19.6,87.6,100,13,6.3,83.6,yes
STU-0002812,22,17.8,71.8,100,3,8.3,88.5,yes
STU-0002813,21,14.1,70.6,78.5,12,8.1,79.7,yes
STU-0002814,18,5.0,70.5,53.3,6,6.4,44.8,no
STU-0002815,21,11.5,84.3,100,6,7.7,92.3,yes
STU-0002816,23,13.1,87.9,100,13,6.7,90.5,yes
STU-0002817,18,8.1,79.0,74.0,7,7.6,72.8,yes
STU-0002818,22,8.1,69.9,100,13,6.9,73.8,yes
STU-0002819,22,5.1,66.8,66.2,3,6.6,56.2,no
STU-0002820,18,10.1,66.1,89.6,8,6.6,67.5,yes
STU-0002821,18,15.5,63.2,62.8,3,8.6,66.1,yes
STU-0002822,23,5.5,71.3,80.7,13,7.1,68.8,yes
STU-0002823,22,12.5,92.6,100,11,7.3,78.6,yes
STU-0002824,24,16.8,69.2,85.5,4,7.7,88.9,yes
STU-0002825,22,4.6,66.8,72.7,7,7.1,59.3,no
STU-0002826,20,6.6,64.4,40.7,5,5.8,48.9,no
STU-0002827,26,8.0,56.0,85.0,8,5.9,61.3,yes
STU-0002828,22,5.4,77.5,59.1,6,6.7,57.7,no
STU-0002829,17,7.7,63.5,64.5,4,6.9,59.5,no
STU-0002830,26,1.0,59.2,61.8,14,6.7,50.5,no
STU-0002831,26,2.9,73.9,67.2,14,7.3,59.5,no
STU-0002832,17,18.1,93.3,99.2,11,8.7,89.3,yes
STU-0002833,18,1.0,50.9,88.8,8,8.0,69.8,yes
STU-0002834,17,6.1,71.6,38.9,4,6.5,53.4,no
STU-0002835,23,23.4,99.2,66.1,8,6.7,73.8,yes
STU-0002836,25,2.4,82.2,84.7,11,8.8,69.0,yes
STU-0002837,22,10.6,61.5,44.3,8,7.7,35.1,no
STU-0002838,19,1.0,35,48.2,6,5.3,36.3,no
STU-0002839,23,9.9,91.8,99.9,7,8.2,88.1,yes
STU-0002840,19,13.9,100,92.5,3,7.0,84.4,yes
STU-0002841,25,16.6,98.6,100,7,8.4,95.0,yes
STU-0002842,22,20.0,78.6,86.8,6,8.0,80.5,yes
STU-0002843,20,11.8,77.0,100,11,6.8,80.3,yes
STU-0002844,22,3.4,67.4,56.0,14,6.2,31.2,no
STU-0002845,23,1.0,58.1,45.8,5,6.6,43.4,no
STU-0002846,17,21.9,96.9,83.4,13,7.0,82.1,yes
STU-0002847,21,6.9,62.0,100,8,6.4,78.9,yes
STU-0002848,23,5.2,75.9,40.7,7,6.7,49.4,no
STU-0002849,21,14.2,70.6,81.9,11,7.7,72.5,yes
STU-0002850,19,8.0,58.8,50.1,4,6.6,54.3,no
STU-0002851,23,12.4,75.7,88.8,4,8.3,84.1,yes
STU-0002852,19,13.1,74.9,65.7,3,8.7,74.8,yes
STU-0002853,21,13.7,77.8,100,11,8.1,92.3,yes
STU-0002854,19,8.2,80.7,87.1,11,7.5,71.7,yes
STU-0002855,25,7.9,57.4,92.9,14,5.5,69.2,yes
STU-0002856,25,6.9,64.7,57.6,3,6.0,62.3,yes
STU-0002857,23,23.2,86.7,100,7,7.3,85.7,yes
STU-0002858,20,17.6,80.9,100,6,7.9,83.4,yes
STU-0002859,19,17.0,87.3,90.1,7,6.7,88.6,yes
STU-0002860,21,11.6,78.1,82.2,12,7.0,76.5,yes
STU-0002861,18,5.6,69.4,43.7,12,5.4,48.9,no
STU-0002862,24,12.0,78.6,80.4,4,6.3,58.8,no
STU-0002863,17,10.4,85.7,100,7,8.4,90.7,yes
STU-0002864,18,10.8,85.6,100,7,6.5,71.9,yes
STU-0002865,21,5.7,71.6,83.0,8,6.6,80.8,yes
STU-0002866,20,8.1,67.2,68.2,11,6.8,65.4,yes
STU-0002867,21,10.4,78.7,100,5,6.8,90.0,yes
STU-0002868,21,4.7,74.1,48.4,11,7.5,56.9,no
STU-0002869,19,8.8,87.9,100,10,7.3,81.3,yes
STU-0002870,20,8.7,66.5,71.9,10,6.4,64.0,yes
STU-0002871,22,17.1,85.3,100,3,7.6,87.5,yes
STU-0002872,18,24.4,72.0,75.3,9,7.0,80.0,yes
STU-0002873,20,8.8,70.2,40.1,4,6.8,54.3,no
STU-0002874,26,11.6,56.5,96.1,13,8.5,78.4,yes
STU-0002875,24,13.5,64.7,72.1,7,7.0,60.8,yes
STU-0002876,20,9.4,73.6,74.3,7,6.5,65.3,yes
STU-0002877,24,16.2,73.0,93.6,10,6.7,76.7,yes
STU-0002878,26,17.7,92.4,100,14,7.5,86.9,yes
STU-0002879,20,12.6,71.4,100,7,7.2,84.2,yes
STU-0002880,20,10.7,71.5,94.3,9,7.1,82.8,yes
STU-0002881,18,10.4,83.9,100,4,7.2,88.0,yes
STU-0002882,25,4.7,52.0,23.9,10,6.9,43.5,no
STU-0002883,20,11.7,79.9,96.4,4,7.4,89.0,yes
STU-0002884,21,7.4,75.7,37.4,7,8.5,66.4,yes
STU-0002885,21,2.9,81.7,88.4,10,6.8,82.2,yes
STU-0002886,18,19.4,96.9,100,5,8.1,80.9,yes
STU-0002887,20,4.5,71.9,27.7,3,8.2,48.6,no
STU-0002888,19,19.1,70.8,83.8,4,7.6,70.3,yes
STU-0002889,21,4.0,82.8,95.4,5,6.4,79.9,yes
STU-0002890,18,20.4,90.3,82.3,8,6.9,77.5,yes
STU-0002891,19,11.3,82.5,97.3,14,5.6,76.7,yes
STU-0002892,21,10.9,77.1,100,4,5.9,75.0,yes
STU-0002893,19,16.4,90.9,91.3,14,7.0,79.8,yes
STU-0002894,18,26.6,92.6,100,9,6.8,93.9,yes
STU-0002895,18,13.1,84.3,99.2,5,8.6,89.4,yes
STU-0002896,17,14.8,89.4,100,9,8.4,91.9,yes
STU-0002897,19,10.7,90.0,89.8,14,7.8,81.4,yes
STU-0002898,20,18.2,78.2,100,10,8.6,89.3,yes
STU-0002899,26,6.5,58.9,67.4,10,6.8,52.5,no
STU-0002900,22,19.0,97.4,100,12,7.7,83.8,yes
STU-0002901,20,13.2,75.3,100,6,5.6,84.4,yes
STU-0002902,19,10.9,81.6,75.6,14,8.1,66.9,yes
STU-0002903,26,12.6,69.0,87.5,5,7.3,77.1,yes
STU-0002904,18,3.8,62.7,65.4,3,7.2,63.0,yes
STU-0002905,26,1.0,79.6,94.5,8,8.1,87.1,yes
STU-0002906,20,3.8,61.4,48.8,5,8.4,57.5,no
STU-0002907,22,18.6,97.6,100,11,8.1,92.3,yes
STU-0002908,24,15.2,78.8,100,6,7.8,68.4,yes
STU-0002909,20,9.2,73.9,91.0,11,5.7,60.4,yes
STU-0002910,19,12.9,81.2,92.5,3,8.7,82.8,yes
STU-0002911,25,9.9,72.2,73.4,7,6.7,75.5,yes
STU-0002912,18,7.0,60.0,76.3,7,7.5,65.3,yes
STU-0002913,21,14.6,76.0,75.2,5,7.5,69.2,yes
STU-0002914,21,15.0,87.8,100,10,6.0,81.5,yes
STU-0002915,21,1.4,51.9,50.7,7,6.3,36.9,no
STU-0002916,21,9.1,87.0,55.8,6,8.0,60.7,yes
STU-0002917,19,14.1,95.4,74.5,5,7.5,74.1,yes
STU-0002918,21,17.9,94.6,100,6,7.4,84.0,yes
STU-0002919,17,1.0,72.8,60.6,7,5.0,42.3,no
STU-0002920,18,4.6,80.8,53.9,4,6.8,43.5,no
STU-0002921,20,9.3,85.7,89.5,13,7.0,77.7,yes
STU-0002922,21,13.7,81.5,88.0,8,7.0,87.5,yes
STU-0002923,21,6.2,74.4,46.8,13,6.1,45.5,no
STU-0002924,19,1.0,63.1,38.9,5,7.5,44.4,no
STU-0002925,19,1.0,57.2,29.9,5,5.1,16.4,no
STU-0002926,22,15.9,78.2,87.5,3,8.0,72.1,yes
STU-0002927,20,14.5,72.9,62.5,8,7.2,70.7,yes
STU-0002928,17,9.5,75.9,90.5,3,6.9,67.1,yes
STU-0002929,17,1.0,42.7,45.4,12,6.3,27.6,no
STU-0002930,19,15.0,85.0,87.4,11,6.5,72.6,yes
STU-0002931,21,8.7,74.4,92.1,3,6.9,82.8,yes
STU-0002932,22,18.0,78.8,100,11,9.7,98.0,yes
STU-0002933,26,16.1,85.6,85.5,4,8.9,82.3,yes
STU-0002934,23,9.5,64.0,68.0,11,7.6,78.8,yes
STU-0002935,23,3.4,63.1,45.5,4,7.2,44.4,no
STU-0002936,21,1.0,64.9,20,7,6.7,23.8,no
STU-0002937,19,18.7,79.2,86.1,4,7.0,82.8,yes
STU-0002938,21,17.0,76.5,99.0,11,6.6,89.0,yes
STU-0002939,17,1.0,56.4,56.7,4,6.2,57.2,no
STU-0002940,26,4.5,55.0,46.1,9,7.7,48.4,no
STU-0002941,18,8.8,73.1,72.1,3,7.5,62.4,yes
STU-0002942,20,11.0,70.1,99.0,9,7.4,79.3,yes
STU-0002943,18,8.3,78.2,86.1,10,6.8,87.3,yes
STU-0002944,19,9.9,55.8,100,13,5.8,72.5,yes
STU-0002945,24,18.4,96.8,100,3,9.1,95.6,yes
STU-0002946,20,1.0,59.1,78.4,8,5.1,45.1,no
STU-0002947,25,9.0,83.5,100,11,7.3,89.2,yes
STU-0002948,20,6.4,66.7,67.9,11,7.3,73.1,yes
STU-0002949,20,9.8,85.5,100,5,7.6,85.4,yes
STU-0002950,17,11.7,77.0,100,10,7.2,88.4,yes
STU-0002951,20,18.8,97.6,100,12,6.4,88.5,yes
STU-0002952,17,4.0,63.7,72.5,12,6.1,65.3,yes
STU-0002953,22,13.0,85.3,84.3,9,8.2,89.2,yes
STU-0002954,21,19.4,88.5,100,4,8.5,96.9,yes
STU-0002955,19,8.2,84.8,60.2,7,6.0,63.5,yes
STU-0002956,20,7.1,60.4,98.0,13,7.6,71.3,yes
STU-0002957,21,10.6,84.3,98.2,5,7.3,82.1,yes
STU-0002958,19,15.6,84.2,100,3,7.4,74.3,yes
STU-0002959,18,7.1,67.6,67.1,14,4.4,62.6,yes
STU-0002960,20,15.7,100,100,14,7.5,89.4,yes
STU-0002961,21,7.7,71.7,87.2,6,5.6,74.9,yes
STU-0002962,21,14.0,88.0,100,12,8.6,88.3,yes
STU-0002963,25,20.7,82.0,100,14,7.6,90.8,yes
STU-0002964,21,6.3,84.6,97.9,10,7.1,71.0,yes
STU-0002965,19,1.0,82.1,57.5,3,6.4,62.7,yes
STU-0002966,26,15.9,100,100,13,8.0,92.2,yes
STU-0002967,22,18.8,96.7,68.5,13,6.9,72.5,yes
STU-0002968,23,3.1,61.7,91.9,4,7.0,75.9,yes
STU-0002969,22,18.3,79.6,100,13,6.1,79.6,yes
STU-0002970,18,12.7,74.1,88.5,6,8.2,74.7,yes
STU-0002971,18,1.0,50.5,49.3,13,6.5,50.6,no
STU-0002972,18,19.7,79.1,99.3,9,8.1,86.3,yes
STU-0002973,20,12.8,94.0,80.8,14,7.8,78.7,yes
STU-0002974,20,11.7,89.1,79.9,9,6.7,66.1,yes
STU-0002975,25,16.6,88.7,86.7,10,7.2,73.2,yes
STU-0002976,20,19.3,81.0,67.7,14,6.6,78.3,yes
STU-0002977,21,14.0,63.2,55.9,7,7.7,68.3,yes
STU-0002978,20,5.7,71.7,62.1,9,6.5,59.3,no
STU-0002979,25,1.0,51.9,21.6,6,6.0,30.4,no
STU-0002980,18,7.3,69.3,95.4,10,6.2,66.4,yes
STU-0002981,19,1.0,69.1,89.5,14,4.7,47.9,no
STU-0002982,22,19.9,100,100,7,6.7,91.3,yes
STU-0002983,21,9.5,58.0,83.7,4,6.8,69.4,yes
STU-0002984,20,1.0,62.8,54.6,13,6.0,39.7,no
STU-0002985,21,1.0,59.3,45.3,6,6.5,45.8,no
STU-0002986,17,17.2,80.5,97.8,8,6.3,79.2,yes
STU-0002987,17,11.1,86.2,66.2,4,6.1,72.3,yes
STU-0002988,17,16.4,94.7,87.8,7,9.0,92.6,yes
STU-0002989,18,12.9,88.3,87.6,3,7.1,62.7,yes
STU-0002990,24,5.5,66.7,95.0,13,6.8,92.0,yes
STU-0002991,20,9.0,94.7,100,4,7.0,82.2,yes
STU-0002992,25,22.1,76.3,100,8,7.5,100,yes
STU-0002993,21,2.5,65.0,60.7,5,7.2,48.8,no
STU-0002994,21,5.9,71.6,85.6,8,6.8,73.5,yes
STU-0002995,21,1.0,72.7,77.0,4,8.4,82.0,yes
STU-0002996,18,18.0,95.3,98.1,6,7.6,83.0,yes
STU-0002997,22,9.9,58.6,63.9,14,6.5,57.4,no
STU-0002998,21,18.0,99.0,100,7,8.3,96.7,yes
STU-0002999,18,9.1,62.8,45.1,12,7.1,61.1,yes
STU-0003000,20,9.1,71.7,100,5,8.0,78.0,yes
STU-0003001,22,12.7,71.7,58.2,14,5.2,64.9,yes
STU-0003002,20,7.0,69.5,53.3,10,6.3,51.9,no
STU-0003003,18,15.8,95.0,83.3,4,6.4,82.3,yes
STU-0003004,20,2.9,76.3,49.5,9,7.1,44.3,no
STU-0003005,22,7.5,92.2,100,9,6.2,80.1,yes
STU-0003006,24,10.1,66.6,83.3,9,6.9,66.8,yes
STU-0003007,26,15.1,81.9,100,4,7.1,81.8,yes
STU-0003008,19,9.8,47.1,36.4,13,7.1,45.9,no
STU-0003009,22,15.2,88.9,96.6,12,7.1,74.4,yes
STU-0003010,20,7.6,90.3,80.3,7,7.8,74.7,yes
STU-0003011,21,17.2,90.1,100,7,6.8,89.5,yes
STU-0003012,26,1.0,80.3,68.3,11,7.2,60.5,yes
STU-0003013,21,11.8,91.1,80.9,12,7.1,75.4,yes
STU-0003014,21,3.9,78.6,85.6,10,7.3,68.3,yes
STU-0003015,21,5.3,74.7,34.2,6,7.1,44.5,no
STU-0003016,24,5.4,74.0,42.5,5,5.6,52.2,no
STU-0003017,22,11.7,77.9,100,4,6.8,83.1,yes
STU-0003018,19,18.5,82.9,95.9,12,6.1,77.0,yes
STU-0003019,21,22.8,73.4,86.7,9,7.5,74.4,yes
STU-0003020,26,15.3,90.8,95.5,6,7.9,90.0,yes
STU-0003021,17,1.0,55.7,53.5,6,6.2,41.8,no
STU-0003022,20,1.0,68.9,57.2,3,7.7,63.9,yes
STU-0003023,20,11.9,87.0,100,11,7.9,83.4,yes
STU-0003024,23,8.1,69.1,85.6,8,7.2,50.3,no
STU-0003025,18,16.0,83.0,100,13,6.9,91.1,yes
STU-0003026,20,8.5,52.9,67.7,8,6.7,62.7,yes
STU-0003027,22,13.5,100,94.4,9,8.5,94.6,yes
STU-0003028,19,2.7,60.2,70.2,14,5.7,46.8,no
STU-0003029,25,29.1,88.7,90.5,7,6.0,86.9,yes
STU-0003030,24,19.3,71.1,100,14,7.6,77.9,yes
STU-0003031,26,20.3,76.0,81.6,3,7.7,88.5,yes
STU-0003032,24,15.1,81.3,86.8,10,7.0,76.8,yes
STU-0003033,23,7.3,85.4,72.9,4,7.3,64.0,yes
STU-0003034,17,14.0,83.1,100,6,7.6,89.1,yes
STU-0003035,22,15.6,93.7,100,7,7.4,84.1,yes
STU-0003036,21,16.8,67.5,100,14,6.4,64.4,yes
STU-0003037,19,1.0,80.8,38.6,4,7.3,45.3,no
STU-0003038,23,16.7,56.7,100,14,5.4,72.2,yes
STU-0003039,25,13.3,86.9,88.4,12,7.8,74.6,yes
STU-0003040,25,1.0,71.2,45.8,6,5.4,52.0,no
STU-0003041,22,9.3,79.6,91.9,6,5.2,89.7,yes
STU-0003042,22,3.6,67.5,77.0,3,6.0,55.6,no
STU-0003043,19,25.2,100,100,3,7.6,99.8,yes
STU-0003044,24,19.4,83.3,100,9,6.8,92.1,yes
STU-0003045,17,10.9,82.3,86.7,10,7.4,73.7,yes
STU-0003046,22,6.4,75.4,77.5,12,7.9,61.5,yes
STU-0003047,21,16.5,100,92.9,10,7.2,76.5,yes
STU-0003048,18,17.6,84.1,100,4,7.2,83.1,yes
STU-0003049,21,8.3,76.2,28.4,3,7.4,53.0,no
STU-0003050,23,17.6,77.2,89.7,5,7.6,83.8,yes
STU-0003051,24,11.4,90.3,83.1,6,7.2,84.8,yes
STU-0003052,22,15.8,78.3,100,13,4.4,79.2,yes
STU-0003053,25,5.8,78.5,100,4,6.2,86.6,yes
STU-0003054,26,20.6,72.1,90.5,3,7.5,75.2,yes
STU-0003055,20,13.7,83.5,95.1,5,7.0,48.9,no
STU-0003056,18,11.7,80.2,88.9,7,7.1,78.3,yes
STU-0003057,26,22.2,90.9,100,5,8.4,88.6,yes
STU-0003058,23,14.1,93.8,96.7,5,7.3,90.3,yes
STU-0003059,19,6.2,59.0,39.7,10,6.7,39.3,no
STU-0003060,17,22.2,76.2,100,8,5.3,80.9,yes
STU-0003061,22,1.0,70.7,100,7,7.6,67.9,yes
STU-0003062,24,3.3,68.6,57.3,9,6.6,50.0,no
STU-0003063,18,10.9,78.3,78.1,10,8.2,88.6,yes
STU-0003064,19,8.9,65.6,84.4,7,6.1,69.8,yes
STU-0003065,17,18.7,91.7,97.0,10,7.6,85.6,yes
STU-0003066,21,4.8,49.8,58.2,10,6.1,53.5,no
STU-0003067,20,10.2,60.9,76.3,8,7.5,60.2,yes
STU-0003068,20,9.6,66.1,92.9,6,5.6,57.3,no
STU-0003069,18,3.6,63.2,42.6,9,7.8,55.3,no
STU-0003070,20,10.4,59.3,83.2,9,7.0,70.9,yes
STU-0003071,24,6.5,80.1,100,3,7.2,86.2,yes
STU-0003072,19,11.5,78.8,92.1,4,5.9,74.7,yes
STU-0003073,20,7.3,80.3,64.6,7,8.1,63.1,yes
STU-0003074,21,6.5,89.4,100,13,5.9,78.4,yes
STU-0003075,25,1.7,82.1,83.2,7,7.4,74.9,yes
STU-0003076,22,17.9,87.7,66.1,7,6.5,67.6,yes
STU-0003077,21,1.9,76.1,100,10,8.0,75.9,yes
STU-0003078,26,11.2,61.6,77.8,13,6.7,63.2,yes
STU-0003079,26,8.4,71.6,100,8,7.0,92.2,yes
STU-0003080,24,26.9,91.9,100,6,6.4,98.9,yes
STU-0003081,24,10.0,72.4,51.3,4,6.8,53.5,no
STU-0003082,17,19.9,91.0,100,11,7.9,80.3,yes
STU-0003083,24,16.8,73.2,100,4,7.2,100,yes
STU-0003084,18,1.0,65.0,49.2,5,6.2,49.1,no
STU-0003085,21,16.0,93.9,81.3,12,7.7,84.8,yes
STU-0003086,19,7.0,83.1,68.7,12,8.0,72.2,yes
STU-0003087,21,5.2,87.2,20,11,6.9,42.0,no
STU-0003088,20,8.9,78.7,84.3,7,7.1,75.2,yes
STU-0003089,23,8.5,52.9,79.9,8,6.4,46.4,no
STU-0003090,21,5.2,81.8,70.3,11,5.2,58.4,no
STU-0003091,21,11.4,66.6,68.5,14,7.0,68.3,yes
STU-0003092,20,6.5,100,91.9,10,7.6,85.1,yes
STU-0003093,20,16.7,73.0,78.8,10,6.4,72.6,yes
STU-0003094,18,24.6,75.0,100,5,7.3,95.6,yes
STU-0003095,21,2.8,63.5,81.1,6,8.7,64.9,yes
STU-0003096,21,6.7,61.9,85.0,4,7.5,66.9,yes
STU-0003097,20,11.0,67.6,85.4,9,7.7,72.6,yes
STU-0003098,21,2.4,57.5,46.0,7,6.2,36.2,no
STU-0003099,20,14.4,87.7,72.6,10,6.1,70.3,yes
STU-0003100,23,3.5,63.8,87.4,7,4.5,66.6,yes
STU-0003101,25,10.6,86.8,100,3,7.0,73.8,yes
STU-0003102,26,8.7,77.9,70.1,7,5.9,60.1,yes
STU-0003103,24,8.8,83.7,100,14,7.4,89.8,yes
STU-0003104,23,22.4,76.7,100,7,8.6,100,yes
STU-0003105,23,1.0,69.0,43.1,11,7.0,36.9,no
STU-0003106,25,1.0,55.6,58.9,4,5.9,44.8,no
STU-0003107,24,11.4,66.1,82.7,13,6.0,66.4,yes
STU-0003108,19,8.8,95.4,78.1,10,7.7,81.7,yes
STU-0003109,22,20.3,100,100,14,7.9,93.3,yes
STU-0003110,21,17.6,82.0,93.2,8,6.2,84.8,yes
STU-0003111,19,8.3,68.9,100,3,5.6,90.2,yes
STU-0003112,19,16.3,100,96.3,10,7.6,93.7,yes
STU-0003113,19,11.7,62.6,76.1,11,6.1,47.4,no
STU-0003114,21,14.2,93.4,60.3,11,6.8,58.7,no
STU-0003115,19,1.0,75.3,86.6,7,7.6,58.5,no
STU-0003116,19,17.5,97.5,100,10,8.9,88.5,yes
STU-0003117,19,23.3,80.7,100,12,5.4,79.4,yes
STU-0003118,25,8.1,65.2,70.9,7,6.6,63.3,yes
STU-0003119,19,1.0,73.1,48.7,5,5.5,48.6,no
STU-0003120,24,23.0,96.4,99.2,7,8.7,94.0,yes
STU-0003121,19,19.1,88.4,100,13,7.1,81.4,yes
STU-0003122,24,12.0,70.3,100,10,6.9,85.8,yes
STU-0003123,24,10.6,73.6,48.7,6,8.6,65.8,yes
STU-0003124,21,8.2,82.6,100,11,7.2,80.9,yes
STU-0003125,20,8.4,61.0,94.4,11,6.1,70.7,yes
STU-0003126,21,14.9,71.3,88.8,10,8.4,88.9,yes
STU-0003127,20,9.1,57.9,50.8,12,6.6,43.2,no
STU-0003128,21,1.0,74.6,53.1,5,6.9,58.4,no
STU-0003129,25,5.9,74.1,78.1,10,7.3,63.9,yes
STU-0003130,24,16.7,75.9,98.8,5,6.9,77.9,yes
STU-0003131,19,19.4,82.1,100,3,6.2,94.4,yes
STU-0003132,19,1.0,54.5,36.0,4,6.2,42.1,no
STU-0003133,18,18.9,98.8,100,9,7.2,87.1,yes
STU-0003134,22,16.4,73.9,92.9,9,7.6,66.2,yes
STU-0003135,23,17.4,77.4,95.2,4,6.5,75.2,yes
STU-0003136,21,17.3,89.5,100,11,6.5,74.8,yes
STU-0003137,20,11.0,76.1,57.5,14,6.9,53.9,no
STU-0003138,20,22.6,82.8,94.2,4,8.8,87.5,yes
STU-0003139,26,3.8,62.7,44.4,4,8.6,50.2,no
STU-0003140,20,15.5,67.0,92.2,13,6.5,69.1,yes
STU-0003141,25,16.4,99.3,100,13,7.5,89.1,yes
STU-0003142,25,22.0,71.8,97.7,9,6.6,82.8,yes
STU-0003143,18,13.7,82.0,70.5,4,7.5,71.2,yes
STU-0003144,19,23.0,87.8,100,14,6.2,85.9,yes
STU-0003145,17,6.6,55.5,81.2,8,6.2,64.2,yes
STU-0003146,19,11.7,87.6,100,9,7.4,77.1,yes
STU-0003147,24,23.7,97.6,73.1,5,7.3,87.0,yes
STU-0003148,18,7.7,85.4,98.1,11,6.9,58.6,no
STU-0003149,20,11.4,92.0,100,10,8.6,87.9,yes
STU-0003150,21,12.3,73.9,88.5,5,7.3,79.5,yes
STU-0003151,23,12.4,85.8,93.1,8,8.2,75.0,yes
STU-0003152,19,7.2,73.7,100,10,6.1,69.7,yes
STU-0003153,24,2.4,67.9,63.6,11,5.3,56.8,no
STU-0003154,21,5.9,66.6,70.2,12,4.7,54.8,no
STU-0003155,19,12.4,86.9,100,12,6.7,77.1,yes
STU-0003156,19,9.7,64.2,73.2,9,4.9,56.4,no
STU-0003157,26,7.9,56.1,28.9,11,5.9,38.8,no
STU-0003158,21,10.9,65.2,68.7,13,9.5,71.4,yes
STU-0003159,19,5.9,83.9,100,6,6.9,78.2,yes
STU-0003160,21,23.9,100,100,13,7.7,85.2,yes
STU-0003161,24,9.4,73.0,81.2,11,8.1,64.2,yes
STU-0003162,19,14.7,64.3,93.2,3,7.3,75.2,yes
STU-0003163,18,19.1,80.7,69.6,7,8.5,83.7,yes
STU-0003164,18,8.9,76.0,81.6,12,6.5,68.0,yes
STU-0003165,22,10.6,59.3,97.4,8,6.9,65.6,yes
STU-0003166,24,14.6,81.9,80.4,12,7.1,85.7,yes
STU-0003167,22,9.8,100,100,5,7.2,85.2,yes
STU-0003168,19,17.3,100,94.0,8,9.1,93.4,yes
STU-0003169,19,1.0,57.1,74.9,12,7.7,61.7,yes
STU-0003170,17,10.3,80.5,84.7,5,7.4,75.0,yes
STU-0003171,23,19.4,85.8,100,9,7.8,100,yes
STU-0003172,21,15.3,94.5,100,7,7.1,90.7,yes
STU-0003173,19,1.0,61.8,43.9,13,5.8,47.8,no
STU-0003174,23,23.5,90.1,100,10,6.7,83.2,yes
STU-0003175,19,13.3,73.6,91.4,10,7.9,91.3,yes
STU-0003176,17,1.1,56.8,45.5,11,6.4,46.3,no
STU-0003177,18,6.8,69.1,35.2,8,6.9,46.7,no
STU-0003178,20,9.8,85.0,71.9,13,8.0,77.1,yes
STU-0003179,20,1.0,74.2,29.8,13,6.1,28.3,no
STU-0003180,24,9.6,59.5,73.0,9,5.7,61.9,yes
STU-0003181,21,4.1,60.1,58.3,13,7.0,53.1,no
STU-0003182,18,9.0,89.6,77.1,7,6.7,70.9,yes
STU-0003183,23,19.7,91.4,100,12,7.7,94.8,yes
STU-0003184,25,3.0,70.9,58.2,11,6.4,62.3,yes
STU-0003185,18,19.6,97.8,100,9,8.7,100,yes
STU-0003186,17,6.0,77.6,99.9,7,7.3,70.6,yes
STU-0003187,21,12.8,78.9,71.9,9,6.7,72.6,yes
STU-0003188,18,17.5,82.1,89.2,10,7.4,92.5,yes
STU-0003189,20,18.9,89.5,83.3,7,7.1,84.7,yes
STU-0003190,23,24.5,85.3,100,13,7.7,96.1,yes
STU-0003191,21,1.0,66.9,53.8,4,5.3,46.5,no
STU-0003192,21,12.1,90.2,100,14,6.6,86.4,yes
STU-0003193,23,23.3,77.3,100,9,6.2,79.7,yes
STU-0003194,19,18.1,88.2,100,3,6.1,83.3,yes
STU-0003195,25,4.1,65.7,53.5,11,6.7,49.5,no
STU-0003196,19,15.3,96.6,100,6,9.1,100,yes
STU-0003197,20,12.7,82.7,100,4,8.0,87.4,yes
STU-0003198,19,18.6,67.6,87.1,12,7.7,81.3,yes
STU-0003199,23,18.1,65.6,95.2,4,5.9,75.6,yes
STU-0003200,17,2.8,83.7,58.8,14,8.2,70.9,yes
STU-0003201,25,8.3,76.3,86.4,7,7.4,74.1,yes
STU-0003202,18,13.3,87.2,100,11,7.7,94.0,yes
STU-0003203,23,1.0,89.4,100,6,5.6,78.5,yes
STU-0003204,22,8.5,72.4,100,3,5.0,62.9,yes
STU-0003205,19,15.0,76.1,100,3,7.2,80.9,yes
STU-0003206,21,3.7,74.8,66.0,9,7.1,68.7,yes
STU-0003207,24,12.8,78.0,81.5,14,7.2,76.3,yes
STU-0003208,24,5.3,78.1,86.3,8,6.3,71.1,yes
STU-0003209,26,13.2,85.7,100,7,7.8,92.6,yes
STU-0003210,17,2.1,65.1,100,6,6.5,84.7,yes
STU-0003211,18,9.0,99.0,85.1,6,7.2,81.0,yes
STU-0003212,20,1.0,79.5,76.3,12,6.6,68.7,yes
STU-0003213,26,25.9,76.8,81.8,14,7.6,87.4,yes
STU-0003214,18,15.8,83.7,90.6,8,6.1,76.5,yes
STU-0003215,17,1.0,61.0,50.9,13,8.2,45.8,no
STU-0003216,26,7.5,86.0,51.8,7,7.9,66.7,yes
STU-0003217,20,9.6,77.2,100,12,7.1,86.6,yes
STU-0003218,25,13.0,87.4,46.5,14,7.2,48.6,no
STU-0003219,21,12.3,67.7,86.9,7,6.0,61.0,yes
STU-0003220,18,30.4,76.7,71.2,5,7.1,79.8,yes
STU-0003221,24,8.2,81.1,71.1,9,6.5,63.6,yes
STU-0003222,26,14.8,78.7,73.7,11,6.2,72.0,yes
STU-0003223,19,3.3,70.1,47.0,12,7.6,57.6,no
STU-0003224,17,4.8,77.4,46.7,3,7.3,57.0,no
STU-0003225,17,10.6,81.7,100,4,7.3,89.1,yes
STU-0003226,19,14.1,89.3,100,4,8.2,92.2,yes
STU-0003227,22,17.1,79.6,90.4,4,7.5,80.0,yes
STU-0003228,22,9.5,72.2,55.1,9,7.5,53.5,no
STU-0003229,18,1.0,67.3,81.8,4,6.7,70.2,yes
STU-0003230,20,13.2,89.1,100,8,7.6,88.9,yes
STU-0003231,19,15.6,82.7,100,12,6.7,86.6,yes
STU-0003232,21,1.0,56.8,25.5,12,5.0,33.5,no
STU-0003233,23,13.9,64.9,82.7,7,6.8,63.5,yes
STU-0003234,21,2.1,51.6,29.1,4,6.9,39.8,no
STU-0003235,21,14.2,59.1,68.3,10,7.6,65.4,yes
STU-0003236,21,8.9,74.8,98.5,14,7.7,87.4,yes
STU-0003237,18,19.0,87.8,71.4,4,7.5,78.5,yes
STU-0003238,26,17.0,89.5,100,12,7.8,72.9,yes
STU-0003239,21,6.9,87.5,82.5,9,8.3,80.5,yes
STU-0003240,21,16.5,78.8,100,10,7.6,86.8,yes
STU-0003241,19,11.7,72.8,92.2,9,7.1,79.7,yes
STU-0003242,19,4.6,75.6,72.8,14,7.3,74.7,yes
STU-0003243,25,1.5,60.6,38.9,9,5.8,23.3,no
STU-0003244,18,4.0,74.5,91.6,4,6.2,71.7,yes
STU-0003245,20,9.8,86.5,94.8,4,8.0,85.6,yes
STU-0003246,18,16.9,83.9,100,6,6.8,74.9,yes
STU-0003247,24,19.8,100,100,6,5.8,87.5,yes
STU-0003248,21,1.0,58.0,62.5,11,6.5,56.3,no
STU-0003249,23,5.2,76.0,88.2,8,7.4,67.3,yes
STU-0003250,19,14.6,63.1,100,12,6.0,77.5,yes
STU-0003251,24,3.5,58.6,62.9,5,6.6,37.0,no
STU-0003252,18,17.2,74.5,100,5,6.8,87.4,yes
STU-0003253,17,11.6,73.7,99.1,12,7.6,85.7,yes
STU-0003254,24,22.1,80.4,100,14,6.9,83.5,yes
STU-0003255,20,9.7,76.0,95.3,14,7.8,87.7,yes
STU-0003256,25,7.1,82.9,100,8,7.7,80.1,yes
STU-0003257,19,2.8,68.9,71.1,9,8.6,65.4,yes
STU-0003258,22,13.1,59.5,74.2,7,7.6,72.2,yes
STU-0003259,23,2.8,56.5,85.4,6,8.0,45.9,no
STU-0003260,25,1.0,85.2,55.1,6,5.9,54.5,no
STU-0003261,19,14.2,85.9,93.0,10,7.0,78.5,yes
STU-0003262,18,18.8,72.1,90.2,12,7.0,72.0,yes
STU-0003263,22,1.0,62.5,34.4,7,8.3,41.1,no
STU-0003264,26,2.5,49.7,67.6,3,6.9,46.6,no
STU-0003265,23,8.3,62.8,47.2,7,6.7,46.3,no
STU-0003266,20,2.9,73.7,65.8,14,6.6,64.7,yes
STU-0003267,26,18.1,73.8,77.1,4,7.2,54.2,no
STU-0003268,20,13.7,66.1,96.5,6,6.5,71.1,yes
STU-0003269,21,5.1,75.7,55.5,8,7.0,57.0,no
STU-0003270,20,13.2,82.0,100,9,8.2,89.1,yes
STU-0003271,18,16.4,83.7,72.5,7,7.2,83.2,yes
STU-0003272,20,12.2,85.4,99.8,7,7.4,80.9,yes
STU-0003273,23,19.3,64.9,38.3,14,7.4,56.9,no
STU-0003274,18,11.3,92.1,100,5,7.2,78.0,yes
STU-0003275,18,6.4,76.0,100,12,5.6,72.4,yes
STU-0003276,18,7.2,60.0,90.9,3,5.5,53.9,no
STU-0003277,21,12.3,74.1,98.9,7,7.7,87.2,yes
STU-0003278,20,5.1,63.6,46.4,9,7.4,50.2,no
STU-0003279,19,6.7,81.2,86.0,4,7.6,75.0,yes
STU-0003280,17,6.4,77.4,49.6,9,4.9,47.4,no
STU-0003281,19,1.0,46.0,32.1,10,5.9,25.1,no
STU-0003282,20,11.7,84.1,75.4,12,7.1,72.1,yes
STU-0003283,19,1.0,55.6,65.8,5,6.2,55.7,no
STU-0003284,21,1.0,61.5,20,4,5.8,44.1,no
STU-0003285,25,19.7,78.8,100,14,6.8,82.3,yes
STU-0003286,19,9.6,73.7,99.3,8,7.6,81.4,yes
STU-0003287,20,6.6,84.1,49.1,6,8.1,63.3,yes
STU-0003288,19,12.2,62.2,57.4,9,8.8,68.6,yes
STU-0003289,22,17.3,84.3,100,9,6.3,83.3,yes
STU-0003290,24,8.3,84.4,96.4,4,7.3,78.2,yes
STU-0003291,22,15.0,85.5,76.1,12,8.3,81.9,yes
STU-0003292,17,1.0,44.9,28.4,3,5.9,36.2,no
STU-0003293,19,10.2,64.4,88.2,11,7.4,46.3,no
STU-0003294,23,26.5,84.9,100,9,7.1,88.0,yes
STU-0003295,20,7.2,51.6,96.9,13,6.3,77.0,yes
STU-0003296,24,15.0,90.4,87.4,14,8.9,91.9,yes
STU-0003297,19,20.2,100,100,4,7.6,100,yes
STU-0003298,17,5.7,90.6,100,13,7.1,86.2,yes
STU-0003299,23,20.6,100,100,3,9.0,100,yes
STU-0003300,18,2.6,97.5,90.9,3,7.3,80.2,yes
STU-0003301,21,20.9,90.9,49.8,14,6.1,64.4,yes
STU-0003302,19,8.7,83.4,93.8,13,7.7,73.5,yes
STU-0003303,18,14.1,77.0,87.1,8,6.2,72.8,yes
STU-0003304,20,15.3,90.9,89.8,5,8.7,81.9,yes
STU-0003305,23,8.1,64.4,97.7,10,6.3,65.8,yes
STU-0003306,21,9.2,75.4,66.2,11,6.0,60.9,yes
STU-0003307,24,9.2,89.4,62.2,3,6.8,68.1,yes
STU-0003308,25,23.0,100,100,8,7.6,100,yes
STU-0003309,19,16.0,92.8,100,14,7.3,89.3,yes
STU-0003310,24,22.0,98.3,100,7,7.6,85.6,yes
STU-0003311,18,11.4,90.1,100,9,8.3,74.4,yes
STU-0003312,23,20.5,100,78.3,9,5.6,66.6,yes
STU-0003313,19,2.7,66.8,65.7,4,7.0,65.4,yes
STU-0003314,20,4.9,86.1,90.1,12,8.5,86.3,yes
STU-0003315,22,12.8,61.2,65.4,9,6.3,61.4,yes
STU-0003316,19,7.9,76.1,79.9,12,8.7,79.0,yes
STU-0003317,19,8.0,68.4,86.8,6,6.7,76.9,yes
STU-0003318,18,16.5,81.6,100,5,6.9,88.9,yes
STU-0003319,21,19.8,76.7,94.8,10,8.4,87.4,yes
STU-0003320,18,15.4,77.9,74.4,3,7.4,79.5,yes
STU-0003321,21,1.0,49.9,32.0,12,5.7,26.4,no
STU-0003322,24,10.3,83.4,99.5,9,6.0,61.7,yes
STU-0003323,22,15.5,84.1,82.4,14,8.4,83.2,yes
STU-0003324,20,16.4,65.4,82.7,3,8.5,73.8,yes
STU-0003325,20,11.7,84.0,100,6,7.7,87.3,yes
STU-0003326,24,9.5,71.3,75.8,9,7.3,64.0,yes
STU-0003327,21,1.0,66.4,43.7,10,7.3,50.9,no
STU-0003328,21,4.7,58.6,66.4,7,7.0,61.6,yes
STU-0003329,25,20.9,87.8,96.2,14,8.0,89.5,yes
STU-0003330,21,9.3,89.5,100,7,7.2,89.3,yes
STU-0003331,25,15.5,86.9,99.7,4,7.3,82.2,yes
STU-0003332,23,1.0,61.3,40.8,14,6.3,42.1,no
STU-0003333,26,14.6,75.0,76.2,8,6.0,57.9,no
STU-0003334,19,9.7,91.1,97.5,7,5.7,78.8,yes
STU-0003335,25,1.0,54.4,48.3,12,7.5,43.7,no
STU-0003336,19,18.1,78.4,100,9,8.2,82.9,yes
STU-0003337,23,12.4,83.8,75.5,5,7.2,69.5,yes
STU-0003338,25,15.5,79.5,63.8,6,6.8,70.3,yes
STU-0003339,22,21.8,100,98.2,3,7.7,86.8,yes
STU-0003340,26,11.9,66.3,100,5,6.6,80.1,yes
STU-0003341,25,8.5,73.5,62.3,9,5.8,47.6,no
STU-0003342,18,23.3,83.2,100,13,6.7,89.9,yes
STU-0003343,21,9.8,69.1,79.3,5,8.9,70.7,yes
STU-0003344,21,20.0,76.7,100,9,7.0,80.3,yes
STU-0003345,21,19.7,81.2,100,3,8.6,93.3,yes
STU-0003346,24,16.7,84.5,100,3,7.2,94.9,yes
STU-0003347,20,14.7,83.7,100,9,7.9,83.9,yes
STU-0003348,18,5.4,79.1,100,3,6.8,84.5,yes
STU-0003349,22,8.1,70.1,63.0,3,7.7,59.4,no
STU-0003350,18,13.5,83.4,77.6,10,7.9,67.2,yes
STU-0003351,17,4.0,80.2,73.8,4,7.2,64.5,yes
STU-0003352,26,16.3,70.9,95.4,13,7.5,84.0,yes
STU-0003353,21,4.0,54.1,81.3,7,6.3,65.8,yes
STU-0003354,21,11.9,92.4,100,6,9.0,100,yes
STU-0003355,19,1.0,49.3,35.8,13,6.6,45.2,no
STU-0003356,22,1.6,83.7,46.0,8,6.6,47.0,no
STU-0003357,21,11.3,67.4,89.9,10,6.2,65.3,yes
STU-0003358,18,5.8,70.3,64.9,9,7.2,56.7,no
STU-0003359,18,8.0,82.8,79.2,10,6.0,66.4,yes
STU-0003360,20,2.3,69.2,88.4,3,6.4,61.0,yes
STU-0003361,26,11.6,74.1,66.4,5,7.8,72.9,yes
STU-0003362,21,12.9,92.3,99.7,12,7.6,81.9,yes
STU-0003363,21,8.7,100,100,4,7.1,88.3,yes
STU-0003364,18,4.9,69.4,36.7,10,7.0,50.4,no
STU-0003365,23,1.3,59.6,39.4,13,5.1,37.3,no
STU-0003366,19,4.9,88.7,97.9,4,6.0,82.5,yes
STU-0003367,24,6.9,87.0,100,9,7.8,91.5,yes
STU-0003368,22,12.1,63.6,84.1,14,7.4,78.7,yes
STU-0003369,21,10.7,74.4,55.6,7,7.9,64.9,yes
STU-0003370,18,9.1,66.2,46.5,10,6.6,34.8,no
STU-0003371,21,10.0,59.5,47.3,8,6.5,48.3,no
STU-0003372,21,43.0,100,100,8,6.7,86.5,yes
STU-0003373,25,1.0,63.6,48.9,10,5.9,40.1,no
STU-0003374,17,7.2,78.6,100,5,8.1,87.6,yes
STU-0003375,21,9.3,86.9,100,9,8.3,84.7,yes
STU-0003376,18,19.4,100,100,9,7.3,78.9,yes
STU-0003377,21,11.3,76.6,92.8,6,7.5,68.5,yes
STU-0003378,20,6.7,81.5,61.0,12,8.5,62.1,yes
STU-0003379,21,18.3,78.0,100,5,7.5,73.3,yes
STU-0003380,22,1.0,58.3,61.5,7,6.4,47.4,no
STU-0003381,17,17.3,99.3,98.2,6,6.0,74.2,yes
STU-0003382,21,2.8,84.1,100,4,6.0,77.6,yes
STU-0003383,21,12.4,76.9,100,11,7.1,76.8,yes
STU-0003384,23,7.6,72.9,97.6,10,5.8,80.2,yes
STU-0003385,25,1.0,56.4,34.3,9,6.2,40.8,no
STU-0003386,19,13.8,79.7,97.3,9,6.7,77.6,yes
STU-0003387,24,6.0,84.1,95.5,5,8.2,78.3,yes
STU-0003388,17,15.0,93.8,89.2,4,6.4,74.6,yes
STU-0003389,20,7.2,67.4,48.4,7,6.2,51.7,no
STU-0003390,19,8.6,67.2,86.2,10,6.2,62.2,yes
STU-0003391,26,7.3,89.8,65.5,4,8.1,68.0,yes
STU-0003392,17,15.7,90.8,100,5,7.8,86.5,yes
STU-0003393,24,1.0,68.8,69.8,14,7.0,58.1,no
STU-0003394,19,7.8,76.0,72.9,10,6.6,64.2,yes
STU-0003395,22,20.0,100,100,11,9.5,100,yes
STU-0003396,18,15.7,90.7,92.7,9,6.2,92.7,yes
STU-0003397,17,17.6,70.4,100,7,8.4,90.7,yes
STU-0003398,20,11.8,61.1,48.9,10,6.5,37.4,no
STU-0003399,20,14.2,82.3,94.2,13,7.7,87.5,yes
STU-0003400,24,5.5,73.0,37.9,13,8.4,44.7,no
STU-0003401,18,11.9,76.6,92.5,4,7.0,74.0,yes
STU-0003402,21,1.1,68.4,54.1,5,6.5,53.5,no
STU-0003403,17,6.5,64.3,24.7,10,8.5,50.9,no
STU-0003404,18,20.3,96.5,100,8,8.3,83.8,yes
STU-0003405,21,13.3,90.2,90.8,11,8.2,83.4,yes
STU-0003406,17,9.0,82.2,88.2,7,6.7,74.8,yes
STU-0003407,19,11.8,66.0,98.5,6,7.9,78.1,yes
STU-0003408,20,1.0,69.7,74.7,3,6.8,71.6,yes
STU-0003409,18,10.5,64.5,100,12,6.4,77.7,yes
STU-0003410,25,2.7,80.0,88.9,13,7.2,78.0,yes
STU-0003411,18,14.7,67.2,97.4,10,7.8,85.7,yes
STU-0003412,25,13.6,72.3,92.1,12,6.0,72.9,yes
STU-0003413,23,8.1,62.7,82.0,6,7.2,65.4,yes
STU-0003414,24,11.2,83.9,87.9,10,5.9,80.2,yes
STU-0003415,23,10.9,75.1,77.9,10,6.1,51.9,no
STU-0003416,20,13.9,92.7,100,5,6.7,84.1,yes
STU-0003417,20,1.0,73.3,72.0,13,6.6,66.0,yes
STU-0003418,20,10.6,86.1,100,13,7.1,100,yes
STU-0003419,21,6.1,75.3,68.0,5,7.6,63.4,yes
STU-0003420,26,23.8,76.8,100,8,7.3,100,yes
STU-0003421,20,12.5,76.0,90.7,12,6.1,70.9,yes
STU-0003422,20,10.3,68.7,84.8,10,6.6,70.6,yes
STU-0003423,18,1.0,49.3,23.4,4,5.5,9.9,no
STU-0003424,23,2.9,67.6,67.9,10,7.1,55.5,no
STU-0003425,23,29.2,100,100,14,8.2,100,yes
STU-0003426,26,7.0,70.9,66.9,10,7.0,57.4,no
STU-0003427,21,13.9,70.2,56.5,10,6.7,50.6,no
STU-0003428,18,18.2,100,100,8,8.2,86.2,yes
STU-0003429,23,9.2,64.5,97.8,5,6.0,77.3,yes
STU-0003430,26,7.9,80.0,90.9,3,7.9,70.8,yes
STU-0003431,20,3.5,68.1,87.7,7,6.0,67.0,yes
STU-0003432,18,12.2,84.9,92.7,6,6.5,70.7,yes
STU-0003433,18,6.3,55.3,58.8,4,7.3,63.4,yes
STU-0003434,21,8.1,51.6,75.5,7,5.7,54.7,no
STU-0003435,20,14.2,84.0,100,12,6.3,82.8,yes
STU-0003436,21,5.5,69.9,69.4,14,8.0,67.8,yes
STU-0003437,18,8.0,76.2,84.4,8,6.5,67.0,yes
STU-0003438,24,8.6,75.9,76.8,6,7.4,70.4,yes
STU-0003439,19,4.1,51.0,40.1,12,8.3,37.6,no
STU-0003440,26,10.6,77.2,82.1,12,6.4,78.7,yes
STU-0003441,17,12.0,81.6,80.4,7,6.1,75.5,yes
STU-0003442,25,12.4,80.7,100,6,8.2,77.8,yes
STU-0003443,17,18.5,77.7,100,11,6.7,90.5,yes
STU-0003444,19,19.5,87.3,100,3,6.8,86.4,yes
STU-0003445,21,20.0,83.9,100,9,7.0,83.6,yes
STU-0003446,23,7.7,75.6,100,11,7.3,80.7,yes
STU-0003447,24,5.4,78.4,74.1,7,7.1,58.8,no
STU-0003448,21,19.0,88.5,89.2,8,7.9,89.9,yes
STU-0003449,20,3.1,63.6,55.0,4,5.0,53.4,no
STU-0003450,21,14.6,77.2,93.7,12,6.4,75.7,yes
STU-0003451,20,1.4,77.5,63.7,11,6.6,60.7,yes
STU-0003452,26,14.0,75.3,100,11,7.7,77.3,yes
STU-0003453,19,7.3,82.9,98.5,5,7.4,81.0,yes
STU-0003454,19,14.0,89.9,80.3,6,7.8,70.5,yes
STU-0003455,21,13.4,90.8,91.3,13,7.7,94.8,yes
STU-0003456,20,5.0,70.4,66.3,4,6.8,69.2,yes
STU-0003457,18,12.0,81.3,98.3,12,6.6,83.9,yes
STU-0003458,19,10.0,70.6,100,4,5.2,82.6,yes
STU-0003459,19,15.1,83.8,89.8,12,7.2,89.3,yes
STU-0003460,24,19.5,87.7,100,4,7.9,91.6,yes
STU-0003461,25,13.4,84.9,100,5,7.4,80.5,yes
STU-0003462,18,1.5,56.4,56.2,13,6.6,45.3,no
STU-0003463,17,14.0,58.5,100,5,7.2,75.1,yes
STU-0003464,25,3.4,57.7,35.5,14,5.8,41.0,no
STU-0003465,23,21.0,95.2,75.5,7,7.0,78.1,yes
STU-0003466,20,3.2,60.5,57.5,3,7.3,50.9,no
STU-0003467,22,9.5,59.9,56.1,5,6.4,50.1,no
STU-0003468,25,16.5,82.7,63.2,14,7.9,71.7,yes
STU-0003469,17,2.9,61.7,60.5,14,8.1,60.4,yes
STU-0003470,19,1.0,56.2,53.5,8,7.0,45.5,no
STU-0003471,19,2.9,67.9,81.7,3,7.6,63.0,yes
STU-0003472,18,6.2,66.6,86.8,7,5.0,66.4,yes
STU-0003473,18,19.1,98.5,100,13,6.2,89.3,yes
STU-0003474,22,13.8,67.4,94.1,10,6.3,62.0,yes
STU-0003475,17,1.0,78.1,72.6,9,6.9,72.3,yes
STU-0003476,21,1.0,57.3,83.8,4,6.2,65.5,yes
STU-0003477,22,13.1,89.1,97.3,8,6.6,85.6,yes
STU-0003478,23,19.1,90.7,84.5,13,8.0,90.1,yes
STU-0003479,24,5.0,80.7,88.0,13,8.2,78.3,yes
STU-0003480,26,15.9,77.7,69.5,3,8.1,71.1,yes
STU-0003481,17,1.0,44.9,20,10,5.6,25.8,no
STU-0003482,19,1.0,61.5,38.4,3,7.2,39.1,no
STU-0003483,24,15.7,79.5,94.4,6,7.5,91.4,yes
STU-0003484,17,13.8,58.2,64.2,12,6.9,57.1,no
STU-0003485,20,10.3,82.3,94.5,9,7.8,83.3,yes
STU-0003486,21,9.6,64.8,58.5,5,7.3,57.3,no
STU-0003487,19,4.7,65.4,67.9,10,5.2,57.1,no
STU-0003488,21,11.1,46.3,58.4,11,7.3,51.3,no
STU-0003489,19,20.7,90.4,100,5,7.1,93.0,yes
STU-0003490,25,12.9,86.7,90.7,13,7.4,86.4,yes
STU-0003491,26,6.5,81.0,85.1,14,7.4,73.8,yes
STU-0003492,25,13.0,86.7,55.4,6,6.0,66.4,yes
STU-0003493,17,12.2,70.7,100,12,6.0,81.1,yes
STU-0003494,18,14.1,74.7,59.1,7,8.3,70.7,yes
STU-0003495,21,13.5,59.9,78.6,11,8.5,73.0,yes
STU-0003496,19,8.3,79.4,72.2,14,6.5,73.6,yes
STU-0003497,19,1.0,58.4,31.5,14,7.3,35.9,no
STU-0003498,26,11.9,59.9,67.9,7,5.9,64.1,yes
STU-0003499,24,9.6,83.2,100,8,6.2,89.9,yes
STU-0003500,22,16.7,72.3,87.0,13,7.1,81.8,yes
STU-0003501,20,12.0,77.3,77.2,11,7.8,61.8,yes
STU-0003502,22,16.6,81.4,85.4,13,6.4,66.4,yes
STU-0003503,22,4.2,63.1,64.1,4,6.8,63.0,yes
STU-0003504,25,9.9,77.7,96.1,13,6.5,82.2,yes
STU-0003505,23,11.2,85.4,73.1,3,8.1,71.7,yes
STU-0003506,26,6.6,73.1,71.9,6,6.7,61.4,yes
STU-0003507,20,3.4,52.0,25.2,14,7.0,36.5,no
STU-0003508,19,10.6,83.1,100,5,6.2,75.6,yes
STU-0003509,19,9.5,79.0,90.9,14,7.4,72.5,yes
STU-0003510,18,4.0,60.5,59.4,12,6.0,54.9,no
STU-0003511,23,16.9,73.7,97.7,6,5.2,76.2,yes
STU-0003512,21,17.8,74.6,93.8,13,6.9,72.4,yes
STU-0003513,19,2.2,68.9,46.2,3,7.2,44.9,no
STU-0003514,20,12.7,66.2,66.1,7,5.4,59.8,no
STU-0003515,19,6.8,53.0,72.9,11,6.7,49.6,no
STU-0003516,19,17.9,79.8,69.1,7,7.1,69.4,yes
STU-0003517,17,4.1,63.0,75.0,14,7.4,69.7,yes
STU-0003518,21,17.5,65.5,93.3,4,5.7,69.8,yes
STU-0003519,22,1.0,59.4,51.0,12,7.3,56.1,no
STU-0003520,24,19.0,95.2,100,6,7.3,81.3,yes
STU-0003521,18,6.6,71.0,57.3,4,8.2,58.0,no
STU-0003522,23,14.8,63.8,92.3,7,7.3,74.8,yes
STU-0003523,23,4.0,65.1,74.5,8,6.8,65.5,yes
STU-0003524,20,16.7,73.0,100,10,7.6,92.5,yes
STU-0003525,21,12.7,100,98.7,3,7.0,85.2,yes
STU-0003526,21,2.5,66.2,64.2,5,7.7,53.4,no
STU-0003527,17,16.1,82.5,92.6,9,7.8,84.2,yes
STU-0003528,20,21.7,96.4,100,6,6.7,82.3,yes
STU-0003529,23,1.0,81.7,74.9,4,6.7,76.5,yes
STU-0003530,23,11.9,77.9,85.7,11,5.4,66.9,yes
STU-0003531,20,1.0,54.6,49.1,11,8.0,52.4,no
STU-0003532,25,17.7,69.3,83.5,14,7.4,77.7,yes
STU-0003533,21,13.5,76.7,100,11,8.9,90.7,yes
STU-0003534,20,15.9,72.9,100,5,9.2,91.5,yes
STU-0003535,24,12.4,87.2,100,12,7.0,83.7,yes
STU-0003536,20,1.0,65.0,22.9,10,7.0,44.6,no
STU-0003537,20,5.8,60.2,87.7,4,7.8,68.9,yes
STU-0003538,18,21.3,83.5,83.2,7,7.8,85.8,yes
STU-0003539,19,18.4,89.6,77.7,7,7.7,86.1,yes
STU-0003540,20,12.4,65.1,100,14,7.8,72.0,yes
STU-0003541,18,18.1,92.5,100,7,7.6,91.8,yes
STU-0003542,25,6.1,86.9,100,6,7.6,77.3,yes
STU-0003543,21,15.7,83.4,100,14,5.5,74.5,yes
STU-0003544,21,21.4,87.5,95.2,11,8.6,90.1,yes
STU-0003545,19,2.5,76.0,69.6,10,7.1,69.8,yes
STU-0003546,26,17.8,78.3,96.0,5,6.8,83.0,yes
STU-0003547,19,10.8,72.9,73.4,10,6.4,61.4,yes
STU-0003548,19,20.7,91.2,100,3,9.2,93.5,yes
STU-0003549,26,1.0,55.5,40.8,6,6.8,32.3,no
STU-0003550,24,12.8,96.2,100,14,8.5,100,yes
STU-0003551,18,4.4,76.0,67.5,5,6.5,62.8,yes
STU-0003552,25,16.4,55.9,100,11,5.9,69.2,yes
STU-0003553,21,5.3,78.0,100,12,8.6,90.0,yes
STU-0003554,17,3.4,84.2,90.2,6,6.4,77.7,yes
STU-0003555,21,24.9,96.5,97.9,10,7.0,100,yes
STU-0003556,20,6.9,76.1,100,5,7.2,75.4,yes
STU-0003557,20,17.9,82.2,100,7,6.8,83.2,yes
STU-0003558,21,18.3,69.4,70.3,14,6.8,73.0,yes
STU-0003559,21,6.3,59.6,38.0,10,5.8,8.2,no
STU-0003560,18,16.5,70.2,100,9,7.1,88.5,yes
STU-0003561,20,26.0,82.9,100,11,7.3,100,yes
STU-0003562,19,7.8,71.9,76.7,7,5.8,61.4,yes
STU-0003563,19,4.6,59.6,87.0,11,6.8,66.1,yes
STU-0003564,19,1.0,75.5,45.6,6,6.7,52.2,no
STU-0003565,20,14.7,83.1,74.1,7,6.6,73.9,yes
STU-0003566,23,8.6,86.5,72.0,9,7.8,71.9,yes
STU-0003567,18,1.0,51.6,79.1,3,5.6,53.3,no
STU-0003568,21,1.0,61.9,25.7,13,6.5,39.1,no
STU-0003569,26,2.4,69.4,65.7,11,6.4,57.2,no
STU-0003570,20,1.9,79.8,78.3,11,7.0,72.8,yes
STU-0003571,18,13.6,90.0,60.8,6,6.9,67.1,yes
STU-0003572,21,7.3,79.9,81.6,4,6.4,63.0,yes
STU-0003573,24,17.1,64.8,100,4,7.3,81.1,yes
STU-0003574,26,7.0,74.8,86.2,7,7.5,78.5,yes
STU-0003575,19,9.4,79.3,69.6,12,8.2,66.1,yes
STU-0003576,17,17.1,89.4,100,9,7.2,89.1,yes
STU-0003577,19,3.7,80.5,64.3,3,8.0,63.3,yes
STU-0003578,20,5.7,49.5,46.8,3,6.8,53.6,no
STU-0003579,23,14.1,74.8,81.6,7,8.5,70.2,yes
STU-0003580,22,6.1,72.0,56.8,13,7.3,58.9,no
STU-0003581,22,12.1,71.4,100,12,6.5,73.9,yes
STU-0003582,17,13.2,79.4,69.3,9,7.8,75.8,yes
STU-0003583,26,10.5,57.9,62.6,8,6.4,59.7,no
STU-0003584,18,8.6,73.5,57.4,5,6.5,50.8,no
STU-0003585,19,7.4,59.1,88.5,3,6.3,77.1,yes
STU-0003586,25,17.2,73.1,69.0,5,6.9,60.5,yes
STU-0003587,25,9.3,60.5,76.3,11,7.0,62.2,yes
STU-0003588,22,10.5,77.7,70.6,5,7.0,69.1,yes
STU-0003589,24,3.3,71.5,84.1,9,6.3,74.1,yes
STU-0003590,23,14.1,66.0,80.7,5,6.2,63.0,yes
STU-0003591,21,6.4,58.3,45.5,14,6.7,50.9,no
STU-0003592,19,5.6,61.6,97.2,9,7.4,80.2,yes
STU-0003593,21,6.6,66.6,71.9,14,7.8,56.5,no
STU-0003594,19,9.8,71.9,89.3,12,7.4,73.3,yes
STU-0003595,26,2.6,55.3,50.3,4,6.5,45.4,no
STU-0003596,20,6.8,67.8,74.5,13,5.7,29.5,no
STU-0003597,19,16.9,75.6,100,11,6.8,82.6,yes
STU-0003598,17,17.1,85.5,96.2,11,7.6,81.5,yes
STU-0003599,19,1.0,72.1,57.4,14,6.3,55.8,no
STU-0003600,19,1.0,49.5,43.6,11,7.4,58.1,no
STU-0003601,24,1.0,74.6,100,13,5.5,68.4,yes
STU-0003602,18,16.9,76.3,80.0,9,6.5,77.0,yes
STU-0003603,24,1.0,53.7,66.7,13,6.4,49.1,no
STU-0003604,25,7.0,89.6,60.4,11,6.8,61.6,yes
STU-0003605,21,17.9,79.7,82.8,14,6.9,75.6,yes
STU-0003606,19,1.0,74.9,53.4,3,5.4,43.1,no
STU-0003607,24,15.0,73.2,79.3,4,6.5,65.4,yes
STU-0003608,22,17.6,71.4,87.0,14,7.0,83.8,yes
STU-0003609,24,1.0,64.2,54.6,9,5.9,56.7,no
STU-0003610,19,17.5,82.7,100,4,7.7,95.9,yes
STU-0003611,20,25.6,83.2,97.9,4,7.6,94.6,yes
STU-0003612,19,1.9,67.0,68.7,8,7.0,54.4,no
STU-0003613,21,16.7,81.8,95.8,11,7.0,69.7,yes
STU-0003614,20,10.2,77.0,83.4,7,7.8,70.0,yes
STU-0003615,25,1.0,61.2,51.0,10,6.8,53.6,no
STU-0003616,19,12.8,69.9,73.2,3,6.6,67.3,yes
STU-0003617,20,13.3,84.7,92.3,3,7.1,87.0,yes
STU-0003618,21,22.8,96.0,100,5,7.0,87.2,yes
STU-0003619,21,22.0,77.8,100,3,7.4,91.7,yes
STU-0003620,23,12.1,70.7,99.9,8,7.9,75.8,yes
STU-0003621,20,1.8,72.4,65.0,5,5.9,51.2,no
STU-0003622,19,8.3,69.1,86.4,9,7.5,65.4,yes
STU-0003623,19,5.3,72.0,82.3,8,6.0,57.2,no
STU-0003624,20,1.0,73.1,38.1,12,5.4,40.7,no
STU-0003625,21,5.9,61.5,88.1,10,7.4,57.6,no
STU-0003626,21,11.1,78.1,72.5,10,6.8,57.2,no
STU-0003627,21,5.9,74.3,85.4,4,6.3,69.6,yes
STU-0003628,18,10.7,66.5,86.0,11,6.2,79.2,yes
STU-0003629,25,12.8,74.8,75.4,5,8.0,36.7,no
STU-0003630,24,1.6,74.0,79.0,5,7.0,74.0,yes
STU-0003631,21,5.4,73.9,57.1,3,7.1,52.1,no
STU-0003632,25,14.3,83.3,100,5,7.1,74.3,yes
STU-0003633,26,3.2,87.3,63.3,8,7.2,66.4,yes
STU-0003634,20,18.7,91.1,100,5,6.8,81.4,yes
STU-0003635,19,6.8,60.9,74.0,3,5.9,62.0,yes
STU-0003636,20,21.0,98.2,100,9,7.9,85.4,yes
STU-0003637,20,2.7,77.3,98.0,12,7.0,68.2,yes
STU-0003638,20,7.6,82.6,100,4,7.5,77.0,yes
STU-0003639,17,10.5,50.4,55.3,13,7.1,48.0,no
STU-0003640,22,11.6,58.0,62.7,3,7.3,47.5,no
STU-0003641,26,3.3,51.1,36.7,4,5.9,40.9,no
STU-0003642,19,12.5,57.3,75.5,10,6.3,43.9,no
STU-0003643,24,8.6,67.4,75.2,12,6.9,69.1,yes
STU-0003644,18,6.8,75.8,56.2,4,7.5,59.9,no
STU-0003645,17,16.2,73.3,94.5,14,6.0,50.4,no
STU-0003646,19,17.7,92.0,100,13,7.9,93.0,yes
STU-0003647,21,19.8,92.6,100,14,8.7,97.5,yes
STU-0003648,22,12.1,85.6,100,14,7.9,82.1,yes
STU-0003649,22,18.5,79.6,86.1,9,8.5,86.0,yes
STU-0003650,24,22.4,81.6,93.3,3,6.7,85.7,yes
STU-0003651,20,27.6,94.8,100,8,7.7,100,yes
STU-0003652,19,1.0,65.8,49.2,13,6.7,50.5,no
STU-0003653,18,13.1,85.2,100,5,8.6,88.6,yes
STU-0003654,19,17.1,78.2,100,6,8.5,85.5,yes
STU-0003655,20,4.0,73.7,68.6,12,6.3,57.6,no
STU-0003656,19,10.5,77.4,77.4,14,7.1,73.2,yes
STU-0003657,20,15.0,97.2,100,12,7.6,85.6,yes
STU-0003658,22,12.8,68.9,85.4,3,6.8,73.4,yes
STU-0003659,26,3.7,75.0,77.1,7,6.8,64.3,yes
STU-0003660,19,17.5,81.4,100,4,7.2,83.1,yes
STU-0003661,21,5.8,79.3,84.6,5,8.3,77.7,yes
STU-0003662,21,3.7,64.4,87.1,10,7.2,42.1,no
STU-0003663,23,13.7,79.7,99.5,14,7.8,93.3,yes
STU-0003664,23,7.4,91.5,92.2,11,6.8,80.0,yes
STU-0003665,20,23.7,100,100,5,6.5,83.7,yes
STU-0003666,19,8.2,84.2,92.7,4,7.1,75.8,yes
STU-0003667,25,11.8,73.9,70.1,3,7.2,65.5,yes
STU-0003668,26,9.1,71.9,98.6,5,8.6,85.9,yes
STU-0003669,21,18.3,76.7,68.4,4,8.1,75.8,yes
STU-0003670,24,16.6,79.1,99.5,13,7.5,95.4,yes
STU-0003671,23,1.0,48.7,63.3,10,7.1,48.9,no
STU-0003672,24,8.1,92.4,96.0,9,6.9,75.3,yes
STU-0003673,21,19.5,77.9,100,7,6.9,79.3,yes
STU-0003674,21,19.1,97.1,61.5,3,7.4,61.5,yes
STU-0003675,18,15.5,60.1,51.2,10,7.4,68.0,yes
STU-0003676,24,19.6,75.4,68.5,10,7.2,66.3,yes
STU-0003677,25,3.6,49.5,58.6,12,5.6,56.9,no
STU-0003678,20,18.4,82.0,90.6,14,7.3,84.0,yes
STU-0003679,18,13.2,63.1,81.4,5,6.0,62.3,yes
STU-0003680,18,9.1,93.9,99.8,9,7.2,81.3,yes
STU-0003681,24,1.0,71.2,91.9,13,5.9,65.8,yes
STU-0003682,21,13.1,65.3,78.7,8,5.9,67.0,yes
STU-0003683,21,8.5,69.1,93.1,4,5.9,67.7,yes
STU-0003684,18,2.8,67.4,92.9,10,5.3,80.0,yes
STU-0003685,21,7.8,70.5,98.0,13,6.2,73.1,yes
STU-0003686,23,7.2,69.9,50.1,11,6.6,58.3,no
STU-0003687,17,17.8,84.5,82.7,6,6.6,71.8,yes
STU-0003688,21,9.0,73.1,58.7,8,6.0,61.5,yes
STU-0003689,17,12.5,93.5,89.8,9,6.5,87.5,yes
STU-0003690,26,5.0,72.0,70.2,11,6.8,58.0,no
STU-0003691,26,3.0,82.2,29.5,5,6.2,44.6,no
STU-0003692,18,14.0,73.1,82.3,5,7.9,76.8,yes
STU-0003693,26,6.7,47.0,74.3,4,5.0,48.9,no
STU-0003694,23,21.5,100,100,8,9.4,100,yes
STU-0003695,17,5.7,74.3,73.1,9,6.9,75.9,yes
STU-0003696,25,11.9,87.6,87.7,13,6.5,73.9,yes
STU-0003697,17,4.6,61.0,53.8,5,7.2,57.8,no
STU-0003698,20,12.7,78.2,80.4,11,6.1,63.0,yes
STU-0003699,18,9.8,74.2,96.0,12,6.3,57.6,no
STU-0003700,26,2.4,57.7,35.2,7,5.9,26.5,no
STU-0003701,23,5.8,70.0,66.3,14,5.9,55.3,no
STU-0003702,19,14.6,53.8,72.7,4,7.0,64.1,yes
STU-0003703,18,12.8,49.5,40.3,9,6.4,42.6,no
STU-0003704,24,1.0,54.3,46.0,12,5.5,32.5,no
STU-0003705,18,10.4,86.5,91.7,10,8.4,80.0,yes
STU-0003706,17,5.4,85.3,95.6,13,6.7,59.5,no
STU-0003707,19,16.9,78.6,97.7,7,7.8,91.3,yes
STU-0003708,21,15.9,100,99.4,4,7.2,95.4,yes
STU-0003709,21,3.2,81.9,98.9,9,6.7,81.7,yes
STU-0003710,20,2.5,61.0,77.8,5,8.6,70.8,yes
STU-0003711,17,1.4,71.1,22.5,13,6.9,29.3,no
STU-0003712,22,3.7,66.1,46.8,10,5.4,47.6,no
STU-0003713,23,15.2,63.0,69.7,9,7.2,76.7,yes
STU-0003714,23,12.8,72.0,61.3,9,7.8,79.8,yes
STU-0003715,22,14.5,69.0,71.6,5,6.0,65.3,yes
STU-0003716,21,2.5,70.4,35.1,10,6.0,52.5,no
STU-0003717,23,1.8,67.9,99.2,7,7.4,82.3,yes
STU-0003718,21,6.8,80.6,100,3,6.3,73.7,yes
STU-0003719,17,1.0,50.4,27.2,8,6.2,28.7,no
STU-0003720,17,10.6,97.5,97.8,6,8.2,87.6,yes
STU-0003721,21,20.7,95.7,100,10,7.0,91.4,yes
STU-0003722,21,13.8,75.0,84.1,10,9.8,76.7,yes
STU-0003723,20,13.9,88.3,82.1,5,8.9,67.1,yes
STU-0003724,17,11.6,74.1,94.1,11,8.3,83.5,yes
STU-0003725,17,5.4,71.2,59.9,11,7.0,55.2,no
STU-0003726,21,9.3,71.0,68.6,4,7.5,62.4,yes
STU-0003727,24,7.9,81.3,84.2,5,6.9,70.3,yes
STU-0003728,19,13.9,93.1,100,6,7.9,100,yes
STU-0003729,21,14.6,60.6,62.3,3,7.2,57.7,no
STU-0003730,19,1.0,61.4,35.2,5,6.6,33.4,no
STU-0003731,17,2.9,58.4,71.2,11,6.8,60.7,yes
STU-0003732,21,1.0,68.5,80.2,13,5.7,68.4,yes
STU-0003733,26,11.1,61.6,89.1,7,7.3,67.4,yes
STU-0003734,24,5.9,89.8,100,7,6.3,78.8,yes
STU-0003735,23,12.1,84.2,100,10,7.6,83.7,yes
STU-0003736,20,18.7,93.6,94.7,11,7.7,89.4,yes
STU-0003737,25,19.1,100,85.5,11,8.5,92.1,yes
STU-0003738,18,1.0,59.8,45.7,7,6.0,42.3,no
STU-0003739,18,16.1,83.0,79.2,8,8.4,84.8,yes
STU-0003740,18,7.3,70.2,87.5,12,7.1,73.6,yes
STU-0003741,21,14.3,100,77.0,11,7.4,78.6,yes
STU-0003742,18,1.0,59.1,78.0,14,5.7,69.7,yes
STU-0003743,19,6.1,69.1,65.5,4,6.8,58.8,no
STU-0003744,19,14.6,82.6,100,7,6.3,63.1,yes
STU-0003745,22,10.1,76.0,59.0,9,6.4,44.1,no
STU-0003746,21,10.5,91.5,100,3,7.0,73.9,yes
STU-0003747,19,10.3,92.1,95.0,14,6.1,73.5,yes
STU-0003748,26,4.7,54.3,20,3,7.4,23.1,no
STU-0003749,20,17.2,82.3,84.6,5,7.7,78.2,yes
STU-0003750,19,15.4,74.1,100,7,8.3,84.3,yes
STU-0003751,25,5.2,64.7,61.6,9,6.2,61.7,yes
STU-0003752,20,22.6,100,100,7,7.3,92.5,yes
STU-0003753,18,3.3,73.5,100,7,5.5,72.4,yes
STU-0003754,20,12.1,89.2,89.5,13,7.0,77.8,yes
STU-0003755,20,4.9,94.9,100,4,7.1,83.2,yes
STU-0003756,21,1.1,55.5,90.9,6,6.4,68.8,yes
STU-0003757,22,13.7,80.1,80.4,9,7.6,81.9,yes
STU-0003758,19,8.3,78.9,72.7,6,7.0,76.0,yes
STU-0003759,24,4.4,88.4,67.4,6,7.2,60.7,yes
STU-0003760,19,3.0,81.8,55.6,11,7.0,32.6,no
STU-0003761,19,10.2,89.7,100,7,7.5,81.1,yes
STU-0003762,23,4.9,63.6,87.6,6,6.2,68.0,yes
STU-0003763,26,1.0,42.8,49.0,12,7.2,46.3,no
STU-0003764,26,23.7,94.1,77.7,12,9.7,97.5,yes
STU-0003765,18,1.0,73.5,64.2,14,7.9,62.2,yes
STU-0003766,23,14.6,76.0,90.7,12,6.1,80.5,yes
STU-0003767,26,19.2,78.3,85.0,12,6.7,81.4,yes
STU-0003768,23,11.5,69.6,45.0,3,6.9,60.4,yes
STU-0003769,25,16.0,89.9,96.3,11,9.6,99.8,yes
STU-0003770,17,13.9,91.0,100,10,7.6,82.9,yes
STU-0003771,18,8.3,77.9,85.0,10,6.9,68.4,yes
STU-0003772,20,6.0,55.4,76.1,4,5.9,30.9,no
STU-0003773,20,10.0,90.8,100,7,7.3,86.5,yes
STU-0003774,20,9.5,94.8,100,4,6.7,87.4,yes
STU-0003775,21,12.5,85.5,99.0,14,7.9,83.2,yes
STU-0003776,21,7.0,68.9,69.7,3,6.2,67.1,yes
STU-0003777,17,10.6,78.3,91.5,6,8.1,81.4,yes
STU-0003778,23,7.3,69.4,100,12,7.8,77.7,yes
STU-0003779,17,14.3,82.5,75.2,10,5.6,63.0,yes
STU-0003780,24,15.8,94.4,100,13,8.6,94.7,yes
STU-0003781,18,1.0,40.5,33.1,12,5.6,34.9,no
STU-0003782,18,6.5,64.6,50.4,14,6.2,53.8,no
STU-0003783,21,17.3,100,84.9,11,6.8,92.6,yes
STU-0003784,26,3.8,88.9,69.7,9,7.5,66.4,yes
STU-0003785,20,1.0,65.3,63.3,14,7.0,66.0,yes
STU-0003786,23,14.0,89.6,100,9,8.2,83.9,yes
STU-0003787,25,15.0,69.9,81.2,14,6.8,68.9,yes
STU-0003788,20,11.7,87.7,55.6,10,5.9,61.6,yes
STU-0003789,22,8.3,78.9,77.9,8,6.6,73.7,yes
STU-0003790,26,14.6,81.0,69.6,11,6.6,73.4,yes
STU-0003791,18,23.2,90.9,100,14,7.4,86.4,yes
STU-0003792,21,23.2,100,100,7,8.3,97.4,yes
STU-0003793,17,9.1,82.3,81.8,3,7.7,75.2,yes
STU-0003794,19,13.5,93.3,100,13,5.9,76.1,yes
STU-0003795,19,7.5,68.4,93.4,7,8.7,76.9,yes
STU-0003796,26,14.1,97.0,72.0,4,6.9,77.3,yes
STU-0003797,24,14.4,66.9,73.0,5,6.9,71.6,yes
STU-0003798,22,14.2,69.7,78.7,10,6.9,57.9,no
STU-0003799,21,15.8,79.7,100,5,5.6,82.0,yes
STU-0003800,19,2.6,81.0,100,5,8.7,90.4,yes
STU-0003801,17,24.3,80.8,100,4,5.6,89.4,yes
STU-0003802,18,11.7,99.9,96.4,4,7.4,79.0,yes
STU-0003803,23,25.4,84.9,80.4,14,6.5,76.9,yes
STU-0003804,19,17.6,100,79.2,10,9.1,84.4,yes
STU-0003805,21,7.1,81.8,70.6,4,7.7,71.9,yes
STU-0003806,22,8.2,70.2,63.9,14,7.5,62.2,yes
STU-0003807,23,17.7,74.1,100,5,5.4,74.8,yes
STU-0003808,17,11.7,88.1,83.4,8,6.5,78.4,yes
STU-0003809,18,10.1,79.5,74.0,13,8.0,63.0,yes
STU-0003810,26,5.6,54.7,89.3,5,7.1,66.6,yes
STU-0003811,20,7.3,71.2,100,5,7.8,83.7,yes
STU-0003812,17,9.0,91.0,100,13,9.4,65.4,yes
STU-0003813,19,15.7,92.5,100,3,7.6,90.4,yes
STU-0003814,22,8.8,67.2,76.3,5,7.1,60.2,yes
STU-0003815,18,17.1,56.8,100,11,7.7,74.3,yes
STU-0003816,25,1.0,72.8,78.2,5,7.4,44.7,no
STU-0003817,26,17.4,80.4,100,4,7.6,93.6,yes
STU-0003818,24,3.9,57.6,61.1,8,6.9,55.8,no
STU-0003819,26,1.0,51.0,29.0,4,6.2,28.1,no
STU-0003820,20,8.5,77.5,85.7,12,6.4,81.2,yes
STU-0003821,18,1.0,88.2,95.7,13,8.9,85.9,yes
STU-0003822,19,7.2,77.8,46.7,8,7.7,61.6,yes
STU-0003823,18,15.1,75.4,100,14,7.6,82.1,yes
STU-0003824,22,18.4,80.2,100,8,9.1,86.6,yes
STU-0003825,19,14.0,100,97.1,3,7.6,98.2,yes
STU-0003826,22,1.0,80.2,72.7,12,7.7,70.2,yes
STU-0003827,26,5.5,58.4,63.1,14,7.0,61.4,yes
STU-0003828,26,5.2,73.4,100,4,6.6,81.3,yes
STU-0003829,20,5.6,79.8,66.7,7,7.7,69.6,yes
STU-0003830,23,7.2,68.4,49.3,7,7.9,60.9,yes
STU-0003831,21,23.4,98.7,100,10,7.1,100,yes
STU-0003832,20,17.2,89.9,89.1,9,7.4,84.1,yes
STU-0003833,20,18.1,88.3,100,5,7.5,83.7,yes
STU-0003834,25,17.1,77.0,93.8,9,7.1,79.7,yes
STU-0003835,24,22.9,91.0,100,11,7.2,100,yes
STU-0003836,18,8.6,80.7,48.5,6,6.6,50.8,no
STU-0003837,25,15.5,92.4,100,5,7.8,100,yes
STU-0003838,24,1.0,72.4,50.0,3,6.1,53.2,no
STU-0003839,24,6.0,89.7,100,13,7.9,85.1,yes
STU-0003840,18,3.7,74.2,87.6,3,7.7,68.1,yes
STU-0003841,21,13.7,77.0,96.6,12,5.7,86.6,yes
STU-0003842,24,12.8,97.7,86.6,7,7.8,94.8,yes
STU-0003843,20,8.6,73.8,67.8,11,6.1,72.0,yes
STU-0003844,17,13.8,94.4,84.9,9,7.8,87.3,yes
STU-0003845,18,7.0,73.8,33.1,11,7.2,54.7,no
STU-0003846,20,21.6,100,92.0,13,8.9,95.2,yes
STU-0003847,19,16.4,100,100,14,7.1,90.9,yes
STU-0003848,26,18.0,68.6,82.4,5,7.6,77.1,yes
STU-0003849,18,1.0,63.9,20,12,6.1,39.1,no
STU-0003850,20,31.1,100,100,11,6.8,97.2,yes
STU-0003851,22,1.0,53.1,75.7,13,6.9,58.8,no
STU-0003852,25,21.9,85.2,99.5,14,6.6,89.0,yes
STU-0003853,22,4.4,68.0,75.3,10,6.3,67.3,yes
STU-0003854,22,1.0,52.7,27.1,5,5.6,35.5,no
STU-0003855,20,1.0,76.6,89.7,12,7.2,65.5,yes
STU-0003856,25,3.6,59.5,78.3,12,6.8,59.4,no
STU-0003857,20,1.4,95.4,77.7,4,6.7,74.9,yes
STU-0003858,17,1.0,58.6,64.0,4,6.3,55.1,no
STU-0003859,23,10.3,50.4,90.3,6,6.7,67.1,yes
STU-0003860,19,10.6,74.6,80.8,11,6.6,75.7,yes
STU-0003861,25,7.9,85.3,100,4,8.4,71.4,yes
STU-0003862,21,11.6,79.6,92.9,7,7.7,85.5,yes
STU-0003863,21,5.2,67.1,76.4,8,7.5,64.9,yes
STU-0003864,19,14.8,100,99.4,7,8.6,100,yes
STU-0003865,20,13.6,74.4,100,12,6.1,73.0,yes
STU-0003866,21,13.7,90.2,100,6,7.3,89.8,yes
STU-0003867,20,8.0,80.9,100,4,6.1,68.5,yes
STU-0003868,20,5.7,81.0,74.5,6,6.7,67.5,yes
STU-0003869,18,18.2,90.7,94.6,11,6.4,93.0,yes
STU-0003870,23,18.6,96.0,77.7,4,6.8,84.6,yes
STU-0003871,22,1.0,57.1,64.2,3,7.1,57.2,no
STU-0003872,23,2.5,59.2,43.1,4,6.5,41.2,no
STU-0003873,20,16.5,68.4,70.7,5,5.7,71.3,yes
STU-0003874,18,10.8,92.9,90.4,5,7.0,78.9,yes
STU-0003875,25,9.1,52.4,50.1,12,7.7,52.9,no
STU-0003876,22,17.2,93.5,99.9,6,7.3,90.9,yes
STU-0003877,19,11.1,69.7,50.5,11,5.0,62.5,yes
STU-0003878,25,15.1,68.8,78.6,13,7.3,82.1,yes
STU-0003879,19,7.6,85.1,100,11,6.5,69.2,yes
STU-0003880,24,1.0,46.9,52.2,11,6.2,44.0,no
STU-0003881,18,13.7,79.5,96.1,11,6.2,83.5,yes
STU-0003882,18,4.7,78.2,100,6,8.3,81.9,yes
STU-0003883,19,9.2,84.3,99.3,3,6.3,70.1,yes
STU-0003884,18,3.1,96.9,72.5,12,7.2,68.9,yes
STU-0003885,20,18.2,85.9,96.1,11,6.0,79.7,yes
STU-0003886,24,1.4,49.7,46.1,12,7.3,38.3,no
STU-0003887,25,1.0,47.0,22.2,12,5.3,14.0,no
STU-0003888,23,17.7,68.3,100,7,7.0,84.1,yes
STU-0003889,18,9.3,63.9,55.5,14,4.5,42.8,no
STU-0003890,24,19.9,95.6,100,6,8.1,90.2,yes
STU-0003891,20,11.2,66.4,68.6,4,7.0,63.6,yes
STU-0003892,20,1.9,91.5,85.2,5,7.0,72.0,yes
STU-0003893,20,10.6,74.1,71.1,10,6.3,63.6,yes
STU-0003894,18,10.4,66.9,100,13,6.8,81.9,yes
STU-0003895,18,11.0,78.8,72.6,6,6.3,77.3,yes
STU-0003896,17,18.7,87.2,95.3,8,7.6,86.1,yes
STU-0003897,19,12.2,92.6,100,5,9.2,89.0,yes
STU-0003898,21,8.8,65.8,88.7,13,7.4,74.6,yes
STU-0003899,20,2.7,70.6,66.1,3,7.3,48.5,no
STU-0003900,25,3.8,66.2,84.1,11,7.2,71.0,yes
STU-0003901,19,15.0,85.0,97.1,11,5.7,81.1,yes
STU-0003902,18,21.3,90.0,100,6,8.8,100,yes
STU-0003903,18,6.1,59.1,61.9,6,6.2,60.4,yes
STU-0003904,18,18.7,83.3,100,6,7.4,83.4,yes
STU-0003905,18,1.0,49.2,33.9,10,5.5,34.3,no
STU-0003906,20,6.6,52.9,65.9,7,7.0,55.7,no
STU-0003907,21,25.5,100,100,3,7.8,100,yes
STU-0003908,21,8.9,71.2,78.9,11,6.3,56.9,no
STU-0003909,21,25.2,100,100,12,9.0,100,yes
STU-0003910,21,4.9,87.7,79.2,4,7.8,71.5,yes
STU-0003911,20,13.8,72.4,57.8,12,7.5,62.2,yes
STU-0003912,18,18.7,75.6,85.2,14,7.5,84.0,yes
STU-0003913,17,7.5,67.4,76.4,9,7.5,69.5,yes
STU-0003914,18,17.7,94.9,97.3,14,8.0,94.7,yes
STU-0003915,20,22.8,80.2,81.3,11,6.9,89.4,yes
STU-0003916,21,7.7,71.1,75.7,6,6.9,63.2,yes
STU-0003917,18,1.0,88.1,84.7,7,7.0,72.6,yes
STU-0003918,22,11.5,80.7,55.5,12,7.8,58.0,no
STU-0003919,22,11.5,85.6,100,3,8.1,90.7,yes
STU-0003920,25,22.9,98.0,100,3,6.7,89.6,yes
STU-0003921,20,4.7,58.9,64.1,3,7.1,62.9,yes
STU-0003922,26,11.7,82.3,100,5,4.9,69.5,yes
STU-0003923,20,19.4,93.6,100,14,7.2,89.1,yes
STU-0003924,17,16.0,90.3,98.9,8,6.8,87.3,yes
STU-0003925,19,21.0,94.5,100,14,7.0,84.6,yes
STU-0003926,20,15.1,86.6,100,9,8.0,90.7,yes
STU-0003927,20,4.7,53.2,56.6,12,6.3,34.5,no
STU-0003928,25,9.2,71.7,74.3,7,7.5,70.9,yes
STU-0003929,18,11.5,78.8,85.1,7,8.3,77.1,yes
STU-0003930,24,10.5,60.1,100,10,6.6,40.3,no
STU-0003931,21,12.4,66.8,84.1,3,7.9,76.9,yes
STU-0003932,19,18.6,100,100,6,7.2,83.2,yes
STU-0003933,22,7.4,68.0,65.6,9,7.2,64.7,yes
STU-0003934,21,13.3,81.3,84.9,11,6.9,82.7,yes
STU-0003935,18,16.6,69.3,100,14,7.0,85.7,yes
STU-0003936,23,8.3,75.3,100,6,5.7,83.2,yes
STU-0003937,20,10.5,71.8,62.8,11,7.6,59.5,no
STU-0003938,18,9.1,79.3,49.6,5,6.8,56.9,no
STU-0003939,18,10.1,83.1,100,12,6.9,69.9,yes
STU-0003940,19,25.2,71.3,100,8,7.1,90.6,yes
STU-0003941,19,9.5,57.1,49.6,10,4.8,53.7,no
STU-0003942,19,12.1,81.5,100,9,6.9,82.5,yes
STU-0003943,21,19.9,83.4,60.5,12,7.0,62.5,yes
STU-0003944,18,2.6,64.2,37.4,9,7.9,40.5,no
STU-0003945,18,1.0,71.4,78.8,7,6.7,71.5,yes
STU-0003946,18,10.1,100,100,11,8.0,84.8,yes
STU-0003947,20,6.2,59.9,86.6,7,7.9,72.0,yes
STU-0003948,19,12.6,62.4,81.0,10,6.7,73.3,yes
STU-0003949,20,2.5,83.3,56.7,6,6.1,59.3,no
STU-0003950,19,12.0,74.9,53.5,11,6.7,60.5,yes
STU-0003951,21,7.2,61.8,91.4,10,7.2,68.8,yes
STU-0003952,25,4.4,77.9,78.1,14,8.3,66.5,yes
STU-0003953,18,3.7,64.3,76.6,9,7.2,65.1,yes
STU-0003954,20,12.6,80.1,100,7,7.1,81.7,yes
STU-0003955,19,1.0,54.9,50.5,11,5.9,48.8,no
STU-0003956,19,1.0,74.7,61.7,9,6.3,47.2,no
STU-0003957,24,7.3,79.4,66.5,3,6.1,66.5,yes
STU-0003958,23,13.2,71.7,88.5,10,7.4,84.4,yes
STU-0003959,21,21.1,77.1,82.3,12,6.7,83.5,yes
STU-0003960,22,14.2,51.1,73.1,6,6.7,64.8,yes
STU-0003961,22,20.0,78.3,77.8,9,7.7,80.2,yes
STU-0003962,19,15.7,100,96.7,12,8.0,98.5,yes
STU-0003963,21,11.8,76.6,73.6,11,7.8,75.0,yes
STU-0003964,18,10.7,58.7,48.0,3,7.4,50.2,no
STU-0003965,18,10.4,82.1,95.6,12,8.6,79.1,yes
STU-0003966,19,11.9,91.6,100,12,8.8,86.7,yes
STU-0003967,17,2.0,48.8,39.9,4,6.4,40.2,no
STU-0003968,20,29.3,88.5,87.8,3,6.2,86.9,yes
STU-0003969,20,18.0,75.8,74.1,8,6.6,60.0,no
STU-0003970,26,15.3,74.4,73.4,9,6.7,81.2,yes
STU-0003971,22,3.7,71.6,100,13,6.9,77.3,yes
STU-0003972,20,1.0,65.8,36.5,4,6.4,49.0,no
STU-0003973,25,3.6,75.7,87.5,6,7.1,68.7,yes
STU-0003974,26,12.5,82.7,100,6,7.3,74.0,yes
STU-0003975,20,14.4,70.0,100,10,7.0,90.6,yes
STU-0003976,21,17.9,91.7,97.2,3,8.4,95.5,yes
STU-0003977,20,20.8,89.0,100,6,7.7,89.1,yes
STU-0003978,20,9.7,71.3,46.3,7,5.9,55.8,no
STU-0003979,26,12.0,70.9,84.7,4,7.7,73.1,yes
STU-0003980,26,16.1,66.3,62.1,8,6.5,71.7,yes
STU-0003981,26,1.0,59.4,51.7,4,5.9,52.8,no
STU-0003982,23,15.6,94.7,100,10,7.6,82.9,yes
STU-0003983,22,23.2,83.7,100,13,6.2,80.5,yes
STU-0003984,18,16.0,84.1,78.5,8,9.3,74.3,yes
STU-0003985,19,1.0,61.2,90.6,9,7.2,66.0,yes
STU-0003986,20,14.2,73.2,87.9,12,7.2,68.6,yes
STU-0003987,22,21.6,100,90.4,14,6.5,84.3,yes
STU-0003988,24,9.0,92.4,78.5,3,5.9,71.7,yes
STU-0003989,19,18.2,74.4,72.3,5,6.1,58.6,no
STU-0003990,21,1.0,74.5,20,14,8.2,51.0,no
STU-0003991,20,7.1,60.0,88.6,12,6.2,73.0,yes
STU-0003992,18,6.1,69.4,20,9,5.3,35.6,no
STU-0003993,20,6.9,62.3,44.0,7,7.3,69.6,yes
STU-0003994,20,6.5,74.2,84.0,13,7.7,66.5,yes
STU-0003995,19,3.7,78.1,47.7,14,7.1,63.7,yes
STU-0003996,24,1.5,63.4,43.2,10,8.0,65.4,yes
STU-0003997,24,14.7,88.1,99.8,9,7.9,90.3,yes
STU-0003998,23,18.4,86.6,100,8,8.3,92.3,yes
STU-0003999,21,11.5,90.4,95.5,3,6.7,90.3,yes
STU-0004000,22,16.7,90.6,84.6,6,8.0,94.8,yes
STU-0004001,25,18.8,91.4,100,13,7.0,94.3,yes
STU-0004002,19,18.6,100,92.2,13,8.1,90.3,yes
STU-0004003,20,26.2,100,96.5,14,8.9,89.9,yes
STU-0004004,20,25.2,78.5,72.3,5,7.2,69.6,yes
STU-0004005,19,12.9,58.7,37.3,3,7.7,55.5,no
STU-0004006,26,12.7,87.4,100,14,8.0,95.7,yes
STU-0004007,25,4.0,48.3,40.0,10,6.9,41.2,no
STU-0004008,20,1.0,77.9,55.2,12,7.2,56.6,no
STU-0004009,20,19.9,75.0,92.6,7,6.9,79.0,yes
STU-0004010,18,4.3,76.8,87.7,12,5.4,70.2,yes
STU-0004011,22,18.0,81.6,68.6,12,7.1,68.1,yes
STU-0004012,19,18.2,73.8,62.5,10,7.4,65.3,yes
STU-0004013,22,14.0,68.2,86.3,7,5.6,71.8,yes
STU-0004014,21,1.9,57.0,82.8,10,6.8,55.9,no
STU-0004015,18,7.6,70.0,63.2,9,8.4,76.3,yes
STU-0004016,23,15.0,70.5,96.7,12,7.9,81.7,yes
STU-0004017,25,1.0,64.0,68.8,14,8.2,54.9,no
STU-0004018,21,10.6,73.8,97.6,13,8.2,87.9,yes
STU-0004019,17,4.6,66.0,41.1,5,8.2,52.7,no
STU-0004020,24,16.9,89.3,91.2,4,7.8,96.3,yes
STU-0004021,21,18.1,85.3,100,11,8.7,83.4,yes
STU-0004022,24,16.6,82.3,78.6,9,7.8,74.8,yes
STU-0004023,19,11.2,74.5,77.8,3,7.4,76.1,yes
STU-0004024,21,5.7,75.1,74.0,11,4.8,56.4,no
STU-0004025,25,14.9,81.0,97.8,12,8.2,89.8,yes
STU-0004026,19,16.9,70.3,85.1,11,6.8,77.2,yes
STU-0004027,26,17.5,80.7,100,11,7.7,91.4,yes
STU-0004028,24,14.5,96.9,86.6,9,8.7,86.5,yes
STU-0004029,18,6.7,59.9,68.3,7,5.1,45.7,no
STU-0004030,26,16.7,75.4,61.0,14,8.2,56.9,no
STU-0004031,26,16.6,93.1,100,9,8.2,83.8,yes
STU-0004032,25,11.6,85.8,68.2,5,6.9,59.4,no
STU-0004033,25,14.1,69.5,85.5,5,4.9,65.6,yes
STU-0004034,20,1.0,65.0,100,3,5.7,64.7,yes
STU-0004035,23,15.7,67.1,90.1,14,7.0,75.4,yes
STU-0004036,21,3.2,48.0,32.3,3,7.7,32.8,no
STU-0004037,18,2.7,71.4,89.8,4,6.0,58.8,no
STU-0004038,23,20.2,81.5,93.9,3,7.3,88.5,yes
STU-0004039,19,9.3,98.0,50.0,9,7.8,53.5,no
STU-0004040,19,7.2,58.1,96.8,12,6.2,67.0,yes
STU-0004041,19,8.7,87.4,100,8,7.4,93.3,yes
STU-0004042,23,1.0,44.9,32.1,6,6.1,43.9,no
STU-0004043,18,18.8,84.3,100,11,8.8,92.0,yes
STU-0004044,24,20.9,99.9,100,14,8.1,94.5,yes
STU-0004045,20,17.6,78.1,71.2,7,6.9,75.1,yes
STU-0004046,25,1.0,47.2,22.6,8,7.6,38.8,no
STU-0004047,20,6.6,63.2,57.5,13,6.8,46.1,no
STU-0004048,18,17.2,74.9,99.1,8,6.8,79.3,yes
STU-0004049,21,10.7,83.7,100,12,7.6,73.2,yes
STU-0004050,22,11.1,73.1,73.6,3,9.3,70.5,yes
STU-0004051,21,1.2,87.9,96.3,13,7.8,83.8,yes
STU-0004052,22,6.6,90.9,93.1,5,7.8,80.8,yes
STU-0004053,20,13.5,75.2,77.9,4,7.8,78.0,yes
STU-0004054,21,2.3,60.7,39.5,3,8.4,48.5,no
STU-0004055,21,9.8,57.4,44.1,7,5.8,50.4,no
STU-0004056,26,24.0,76.4,99.2,3,8.4,93.4,yes
STU-0004057,24,5.4,50.2,56.0,8,7.8,53.7,no
STU-0004058,20,1.0,40.2,20,6,7.0,38.6,no
STU-0004059,21,3.1,70.4,23.0,5,7.5,44.5,no
STU-0004060,17,9.9,69.2,68.3,4,7.1,61.7,yes
STU-0004061,25,14.1,95.7,100,11,7.7,91.7,yes
STU-0004062,20,11.8,100,77.6,10,7.4,76.4,yes
STU-0004063,24,6.2,68.6,59.2,8,6.4,25.8,no
STU-0004064,25,24.4,86.4,96.7,8,7.7,90.8,yes
STU-0004065,21,3.4,79.7,71.9,8,7.4,71.0,yes
STU-0004066,22,17.2,84.8,90.6,4,6.4,74.9,yes
STU-0004067,23,3.7,58.4,64.8,12,7.0,56.3,no
STU-0004068,18,22.3,78.0,82.0,8,5.7,63.5,yes
STU-0004069,18,5.7,86.5,100,8,7.0,75.5,yes
STU-0004070,25,24.2,85.3,93.0,5,7.2,83.9,yes
STU-0004071,19,4.9,82.7,95.5,8,7.4,82.2,yes
STU-0004072,23,18.7,79.7,100,7,6.5,88.5,yes
STU-0004073,23,2.6,73.8,54.5,9,8.0,59.9,no
STU-0004074,20,15.1,81.1,100,7,6.3,73.4,yes
STU-0004075,18,7.7,83.7,67.2,11,6.7,64.5,yes
STU-0004076,23,14.9,78.4,78.1,5,6.0,60.5,yes
STU-0004077,22,1.0,76.5,99.2,5,7.2,71.9,yes
STU-0004078,17,1.0,64.5,81.5,4,6.8,57.5,no
STU-0004079,22,12.6,80.8,86.6,6,7.3,71.1,yes
STU-0004080,23,19.1,75.6,100,13,8.3,88.2,yes
STU-0004081,23,9.6,86.5,100,6,8.3,90.1,yes
STU-0004082,23,12.3,81.9,99.7,13,6.7,76.0,yes
STU-0004083,20,6.0,82.5,100,14,7.9,82.8,yes
STU-0004084,25,9.4,72.5,89.2,8,7.4,62.8,yes
STU-0004085,20,9.5,74.9,74.8,8,7.2,63.2,yes
STU-0004086,25,12.8,63.5,90.5,11,7.4,68.1,yes
STU-0004087,20,8.7,83.3,100,10,6.7,88.5,yes
STU-0004088,18,10.3,83.9,64.0,9,7.9,63.6,yes
STU-0004089,17,11.6,82.8,87.4,9,8.5,71.5,yes
STU-0004090,18,13.3,69.9,69.2,5,8.2,76.7,yes
STU-0004091,19,15.9,77.7,77.5,6,6.9,81.0,yes
STU-0004092,19,2.8,69.9,55.7,4,6.4,44.7,no
STU-0004093,21,6.4,79.7,100,14,9.2,87.6,yes
STU-0004094,24,9.4,79.6,100,7,8.4,84.6,yes
STU-0004095,21,9.0,93.7,95.2,5,6.5,89.8,yes
STU-0004096,21,9.2,63.1,86.2,5,5.3,75.9,yes
STU-0004097,22,2.2,72.9,63.0,8,7.5,58.5,no
STU-0004098,24,12.8,73.1,100,5,6.9,79.7,yes
STU-0004099,22,2.6,84.0,74.7,14,8.4,76.8,yes
STU-0004100,19,9.8,81.3,97.1,5,7.3,75.5,yes
STU-0004101,21,16.8,76.8,100,9,6.8,89.2,yes
STU-0004102,20,1.8,54.4,22.0,7,6.8,37.3,no
STU-0004103,20,7.8,62.4,62.9,12,7.3,50.5,no
STU-0004104,21,22.0,79.0,96.7,9,7.7,92.4,yes
STU-0004105,25,10.0,100,100,9,7.7,90.5,yes
STU-0004106,23,1.2,50.3,51.3,3,6.1,48.5,no
STU-0004107,22,19.9,98.2,100,13,8.2,99.6,yes
STU-0004108,24,17.2,88.7,93.3,9,7.0,89.6,yes
STU-0004109,21,1.0,43.1,31.2,8,6.3,32.1,no
STU-0004110,18,1.0,79.1,58.7,9,6.4,51.2,no
STU-0004111,20,14.6,75.6,100,4,8.3,85.5,yes
STU-0004112,17,7.8,76.2,90.5,9,8.0,90.3,yes
STU-0004113,21,16.2,79.2,100,3,6.8,80.1,yes
STU-0004114,18,7.1,78.6,32.7,13,7.2,52.0,no
STU-0004115,19,14.1,86.6,60.1,13,8.2,69.1,yes
STU-0004116,20,7.2,77.5,88.8,6,7.1,71.8,yes
STU-0004117,18,11.3,84.6,100,6,7.2,85.2,yes
STU-0004118,18,9.0,68.4,76.6,14,6.7,71.7,yes
STU-0004119,26,23.5,84.4,93.8,10,8.8,98.3,yes
STU-0004120,24,8.6,83.2,78.2,9,6.7,73.9,yes
STU-0004121,18,8.2,76.3,88.8,5,6.7,81.5,yes
STU-0004122,20,19.6,97.8,100,12,8.5,96.6,yes
STU-0004123,19,12.2,71.8,85.3,11,6.7,76.6,yes
STU-0004124,20,19.9,81.3,97.1,13,6.6,81.9,yes
STU-0004125,21,9.9,67.1,75.6,9,5.6,65.0,yes
STU-0004126,25,12.9,87.9,100,8,7.7,89.0,yes
STU-0004127,19,9.5,81.0,80.7,14,7.9,86.1,yes
STU-0004128,21,5.5,51.9,89.4,6,5.9,72.0,yes
STU-0004129,21,21.4,100,94.3,7,6.9,98.4,yes
STU-0004130,20,10.8,78.1,70.0,11,6.6,58.3,no
STU-0004131,21,22.8,82.3,100,12,7.3,87.4,yes
STU-0004132,18,9.7,72.8,62.5,10,8.7,67.1,yes
STU-0004133,21,11.8,79.9,92.4,10,8.0,78.8,yes
STU-0004134,24,2.1,51.2,46.3,8,5.2,30.1,no
STU-0004135,24,19.1,80.5,80.9,5,8.1,78.8,yes
STU-0004136,21,10.0,63.5,74.2,4,7.5,73.6,yes
STU-0004137,20,5.0,86.4,88.0,4,6.3,70.5,yes
STU-0004138,18,9.3,64.8,61.1,3,9.7,64.8,yes
STU-0004139,19,14.0,93.5,100,5,7.7,82.2,yes
STU-0004140,17,6.3,58.7,65.2,13,5.4,57.4,no
STU-0004141,25,7.7,74.0,78.0,10,6.8,55.6,no
STU-0004142,24,24.9,92.7,100,7,5.9,96.6,yes
STU-0004143,18,1.4,78.4,51.7,6,6.6,49.0,no
STU-0004144,17,5.0,71.2,37.9,14,6.8,52.3,no
STU-0004145,26,3.4,81.3,66.3,10,8.9,63.9,yes
STU-0004146,20,17.0,79.5,100,6,6.2,86.5,yes
STU-0004147,23,7.2,67.1,59.0,9,7.2,59.8,no
STU-0004148,18,8.0,86.3,87.5,7,6.6,60.5,yes
STU-0004149,23,8.3,86.0,92.5,6,7.7,70.6,yes
STU-0004150,25,16.6,85.4,90.0,7,8.6,78.6,yes
STU-0004151,18,1.2,55.5,49.5,4,6.9,41.3,no
STU-0004152,24,9.3,76.2,68.6,10,8.4,71.5,yes
STU-0004153,19,22.2,82.3,100,7,7.7,94.9,yes
STU-0004154,21,1.4,63.0,48.1,8,7.4,43.4,no
STU-0004155,18,11.3,72.3,88.1,5,6.8,72.2,yes
STU-0004156,21,10.4,78.5,100,9,7.8,79.0,yes
STU-0004157,18,5.1,75.3,70.6,9,7.9,77.3,yes
STU-0004158,20,11.5,93.3,97.2,3,6.9,79.8,yes
STU-0004159,21,11.1,71.2,57.5,6,7.2,59.7,no
STU-0004160,20,13.0,86.3,75.8,12,6.8,76.0,yes
STU-0004161,21,10.0,85.7,100,8,6.0,88.3,yes
STU-0004162,19,6.6,92.4,100,7,7.5,85.9,yes
STU-0004163,25,1.0,93.7,100,8,8.0,88.5,yes
STU-0004164,20,20.3,91.8,100,8,6.9,90.6,yes
STU-0004165,23,6.8,76.2,84.0,7,7.3,78.7,yes
STU-0004166,18,23.6,100,100,12,6.4,87.9,yes
STU-0004167,18,23.3,93.9,100,8,7.0,86.6,yes
STU-0004168,23,3.3,60.7,67.6,7,7.2,66.9,yes
STU-0004169,23,29.5,78.2,87.1,14,5.9,77.6,yes
STU-0004170,20,4.8,63.0,28.8,9,6.2,39.8,no
STU-0004171,20,10.8,71.3,55.6,9,6.7,63.5,yes
STU-0004172,17,1.7,68.8,92.6,10,6.7,64.8,yes
STU-0004173,24,20.8,88.0,89.0,3,6.4,68.6,yes
STU-0004174,22,2.5,72.8,59.1,6,7.9,55.5,no
STU-0004175,19,2.1,87.2,83.9,3,6.7,86.3,yes
STU-0004176,21,8.9,67.6,77.7,12,5.2,52.0,no
STU-0004177,22,1.0,55.8,68.3,13,8.2,64.3,yes
STU-0004178,20,1.0,54.1,45.5,5,7.1,36.5,no
STU-0004179,20,7.8,60.1,44.2,3,7.1,39.0,no
STU-0004180,17,23.1,100,100,10,9.0,89.9,yes
STU-0004181,24,13.1,67.6,82.9,5,6.8,81.2,yes
STU-0004182,19,6.9,75.5,81.3,6,6.6,65.3,yes
STU-0004183,19,8.8,90.8,56.8,6,6.4,65.6,yes
STU-0004184,19,16.2,79.4,72.0,3,8.4,57.4,no
STU-0004185,25,1.0,55.5,88.2,4,6.6,67.9,yes
STU-0004186,24,4.6,66.1,37.0,3,6.6,55.5,no
STU-0004187,25,18.1,72.0,81.9,13,7.5,67.9,yes
STU-0004188,25,17.9,85.7,96.8,9,6.9,78.2,yes
STU-0004189,18,15.3,91.7,100,3,7.6,92.5,yes
STU-0004190,22,5.9,87.5,67.5,14,8.9,67.5,yes
STU-0004191,18,10.7,72.3,72.3,7,6.8,68.3,yes
STU-0004192,25,6.9,82.6,81.2,9,6.8,72.7,yes
STU-0004193,26,9.5,77.2,100,5,5.8,75.4,yes
STU-0004194,21,15.5,85.8,94.7,10,8.3,90.1,yes
STU-0004195,18,13.2,89.3,93.5,3,6.6,74.1,yes
STU-0004196,20,14.5,91.1,100,13,7.7,94.6,yes
STU-0004197,20,15.7,98.0,92.7,4,7.5,89.1,yes
STU-0004198,19,11.0,67.7,85.7,5,6.6,91.0,yes
STU-0004199,21,2.9,68.0,68.5,12,5.4,66.8,yes
STU-0004200,18,14.8,75.5,93.7,12,6.4,79.8,yes
STU-0004201,19,16.6,94.5,100,13,6.2,76.7,yes
STU-0004202,23,17.4,94.6,100,10,6.9,79.5,yes
STU-0004203,26,4.1,74.6,100,4,7.3,72.8,yes
STU-0004204,21,7.9,48.5,80.0,3,7.2,64.1,yes
STU-0004205,21,19.9,100,65.9,7,8.5,85.5,yes
STU-0004206,23,8.9,59.1,59.8,8,8.5,74.4,yes
STU-0004207,20,1.0,65.1,72.8,5,6.4,71.0,yes
STU-0004208,22,13.1,78.4,60.0,7,7.6,70.3,yes
STU-0004209,20,4.4,58.7,59.6,12,6.3,58.6,no
STU-0004210,22,1.0,45.9,20,3,6.9,30.9,no
STU-0004211,20,14.4,77.6,100,13,6.1,80.9,yes
STU-0004212,22,1.0,71.0,87.1,8,8.2,72.0,yes
STU-0004213,18,13.1,90.0,100,12,7.9,88.9,yes
STU-0004214,20,6.2,69.1,82.5,10,6.9,75.7,yes
STU-0004215,20,12.0,74.5,74.3,14,6.4,66.3,yes
STU-0004216,26,14.7,68.6,78.2,12,6.9,68.3,yes
STU-0004217,21,2.9,54.5,20,11,6.5,30.7,no
STU-0004218,22,19.1,71.9,96.0,8,6.6,78.2,yes
STU-0004219,18,23.3,95.7,100,4,6.9,99.8,yes
STU-0004220,26,12.1,100,80.0,3,6.9,77.3,yes
STU-0004221,23,9.3,74.3,76.5,11,7.3,74.7,yes
STU-0004222,24,18.6,82.2,100,13,8.2,94.2,yes
STU-0004223,25,8.1,70.3,84.3,4,7.5,77.7,yes
STU-0004224,19,1.0,56.3,50.3,6,7.4,49.0,no
STU-0004225,22,7.4,90.8,81.1,5,8.4,74.2,yes
STU-0004226,22,2.8,67.2,58.1,13,6.8,53.2,no
STU-0004227,18,11.6,63.7,85.1,3,6.6,74.6,yes
STU-0004228,23,7.1,62.7,59.2,14,6.8,71.3,yes
STU-0004229,18,21.8,100,100,14,6.7,100,yes
STU-0004230,20,20.1,96.1,100,8,7.3,87.8,yes
STU-0004231,18,14.1,71.8,93.5,9,7.3,77.4,yes
STU-0004232,19,15.2,77.8,100,9,7.6,86.7,yes
STU-0004233,19,14.3,87.3,100,4,7.6,90.2,yes
STU-0004234,18,20.1,100,100,3,8.7,96.0,yes
STU-0004235,18,3.9,74.2,45.8,14,7.2,52.0,no
STU-0004236,20,10.1,68.1,77.9,13,7.3,73.2,yes
STU-0004237,24,6.0,72.4,42.9,7,7.1,49.0,no
STU-0004238,18,12.1,66.1,91.7,5,7.5,72.6,yes
STU-0004239,21,17.3,88.4,80.7,8,7.0,71.5,yes
STU-0004240,20,1.0,68.2,72.0,12,6.7,56.8,no
STU-0004241,20,18.5,82.1,100,6,7.5,91.2,yes
STU-0004242,22,9.7,80.5,77.8,12,7.0,68.4,yes
STU-0004243,18,4.9,74.1,73.4,12,5.9,67.2,yes
STU-0004244,22,19.4,97.1,100,6,8.0,96.3,yes
STU-0004245,20,1.0,56.4,45.6,7,5.6,43.2,no
STU-0004246,20,4.2,52.8,67.0,6,8.4,60.9,yes
STU-0004247,18,1.8,90.8,97.4,12,6.6,72.0,yes
STU-0004248,21,9.1,62.4,71.9,8,6.4,53.7,no
STU-0004249,23,12.8,80.6,96.3,7,6.6,74.8,yes
STU-0004250,21,17.0,90.0,100,4,7.2,84.6,yes
STU-0004251,24,15.9,75.9,80.2,3,6.6,73.7,yes
STU-0004252,23,12.2,84.0,100,10,9.3,91.9,yes
STU-0004253,18,12.3,77.4,78.6,7,7.2,79.0,yes
STU-0004254,21,18.6,98.7,96.1,11,8.5,97.9,yes
STU-0004255,18,19.4,69.0,94.1,6,7.1,65.8,yes
STU-0004256,21,13.5,73.4,82.4,3,7.1,72.3,yes
STU-0004257,19,1.0,54.7,58.4,8,7.7,55.9,no
STU-0004258,18,2.1,82.3,100,10,8.3,86.1,yes
STU-0004259,18,1.0,54.0,58.9,13,7.4,42.6,no
STU-0004260,20,13.7,70.3,74.9,5,6.7,78.9,yes
STU-0004261,26,21.3,94.2,100,11,9.5,100,yes
STU-0004262,21,16.4,90.6,100,7,8.5,99.8,yes
STU-0004263,22,1.0,58.4,20,4,4.5,33.4,no
STU-0004264,17,15.8,80.2,81.5,9,6.2,76.2,yes
STU-0004265,26,15.9,86.5,100,14,7.2,78.7,yes
STU-0004266,20,4.5,80.3,75.5,7,8.1,70.4,yes
STU-0004267,17,14.3,91.3,92.0,7,5.6,87.5,yes
STU-0004268,21,9.6,78.6,76.5,10,8.0,70.5,yes
STU-0004269,18,4.3,79.5,79.7,10,6.9,66.4,yes
STU-0004270,19,10.1,100,100,14,6.8,81.9,yes
STU-0004271,26,12.7,64.7,83.2,8,6.4,69.7,yes
STU-0004272,20,14.2,75.8,96.3,9,7.0,74.0,yes
STU-0004273,21,2.6,82.6,60.6,4,7.6,59.5,no
STU-0004274,21,8.0,74.2,73.5,9,6.7,59.8,no
STU-0004275,23,1.0,58.9,41.8,3,6.2,53.4,no
STU-0004276,21,5.8,72.3,77.3,12,7.7,67.1,yes
STU-0004277,20,8.2,71.6,53.0,3,8.4,56.0,no
STU-0004278,23,11.7,79.4,90.8,6,6.8,79.5,yes
STU-0004279,21,14.0,84.8,87.9,13,6.2,81.7,yes
STU-0004280,20,16.1,77.8,97.4,10,5.9,82.7,yes
STU-0004281,24,20.0,68.5,77.9,9,6.5,74.9,yes
STU-0004282,26,17.2,87.0,100,3,6.9,91.9,yes
STU-0004283,21,2.1,66.6,76.4,12,7.8,57.0,no
STU-0004284,21,12.9,82.7,86.8,14,8.4,74.3,yes
STU-0004285,18,13.2,90.7,98.0,10,7.4,88.6,yes
STU-0004286,18,1.0,71.1,26.9,3,7.1,56.9,no
STU-0004287,22,9.7,79.1,100,5,7.5,96.5,yes
STU-0004288,17,17.9,78.4,100,13,7.3,94.3,yes
STU-0004289,25,15.6,89.5,100,4,7.7,88.2,yes
STU-0004290,25,8.2,71.7,94.5,8,6.7,68.9,yes
STU-0004291,19,17.7,75.4,100,8,8.1,85.4,yes
STU-0004292,19,12.9,74.0,71.1,7,5.2,62.3,yes
STU-0004293,17,17.2,88.7,59.0,7,7.5,69.8,yes
STU-0004294,19,6.8,92.2,100,4,8.4,88.6,yes
STU-0004295,19,13.7,67.6,100,9,7.8,85.5,yes
STU-0004296,21,13.4,49.9,90.2,5,7.3,71.9,yes
STU-0004297,19,4.3,85.0,65.1,4,7.5,67.8,yes
STU-0004298,18,7.3,76.8,71.0,3,6.8,70.1,yes
STU-0004299,25,10.5,74.9,79.8,7,6.8,69.1,yes
STU-0004300,21,18.1,88.1,100,5,7.6,88.4,yes
STU-0004301,22,15.7,75.6,96.6,10,8.5,86.8,yes
STU-0004302,24,11.6,94.4,100,12,7.9,92.7,yes
STU-0004303,25,7.2,78.3,82.0,12,6.6,73.6,yes
STU-0004304,25,5.5,74.2,85.9,12,7.7,75.8,yes
STU-0004305,21,8.6,62.2,100,6,7.0,61.7,yes
STU-0004306,21,9.6,84.9,100,6,7.9,84.7,yes
STU-0004307,21,1.0,65.3,66.9,12,6.1,53.2,no
STU-0004308,18,10.9,78.9,100,10,7.7,88.6,yes
STU-0004309,22,18.4,100,96.6,6,10.0,99.2,yes
STU-0004310,18,21.7,84.2,100,13,6.3,79.5,yes
STU-0004311,19,13.0,71.8,57.6,12,6.5,68.1,yes
STU-0004312,25,6.9,65.9,82.5,11,5.4,67.8,yes
STU-0004313,21,12.9,83.0,100,4,7.5,93.5,yes
STU-0004314,26,11.6,82.4,48.5,10,7.2,61.0,yes
STU-0004315,20,1.0,51.7,69.0,8,5.9,50.5,no
STU-0004316,21,6.8,64.6,48.3,6,6.9,59.2,no
STU-0004317,26,10.2,68.6,81.0,12,6.7,74.6,yes
STU-0004318,25,17.2,86.5,100,7,5.9,83.9,yes
STU-0004319,17,1.4,61.6,74.7,14,6.5,56.2,no
STU-0004320,25,17.4,71.5,94.3,14,8.2,85.7,yes
STU-0004321,24,1.0,65.6,26.6,6,6.1,41.8,no
STU-0004322,21,9.4,89.0,85.9,14,6.9,77.6,yes
STU-0004323,21,1.0,76.2,92.3,12,6.6,73.1,yes
STU-0004324,19,11.0,78.0,82.1,5,6.6,72.0,yes
STU-0004325,20,17.7,96.0,100,12,8.9,93.8,yes
STU-0004326,18,4.6,78.1,70.4,12,6.8,67.4,yes
STU-0004327,24,1.8,67.3,65.1,11,7.0,42.3,no
STU-0004328,26,7.7,82.3,70.2,9,7.4,65.2,yes
STU-0004329,23,18.3,63.2,78.3,7,7.2,70.7,yes
STU-0004330,25,7.9,77.0,74.0,7,6.7,70.9,yes
STU-0004331,19,9.3,74.7,91.8,14,6.9,77.3,yes
STU-0004332,19,12.1,66.9,60.9,13,7.1,74.0,yes
STU-0004333,26,17.2,69.4,87.5,13,6.7,73.1,yes
STU-0004334,17,17.8,83.3,100,6,6.7,85.7,yes
STU-0004335,21,20.9,57.3,63.8,5,6.5,76.4,yes
STU-0004336,19,22.1,72.8,77.8,13,6.5,77.2,yes
STU-0004337,20,7.7,100,92.2,12,6.4,72.3,yes
STU-0004338,26,16.0,80.1,100,11,6.6,87.3,yes
STU-0004339,26,26.7,100,100,5,7.2,91.5,yes
STU-0004340,18,1.7,77.0,65.5,13,7.1,60.8,yes
STU-0004341,21,1.0,44.5,29.6,9,6.3,23.5,no
STU-0004342,26,15.9,86.2,100,6,7.4,84.7,yes
STU-0004343,18,16.7,84.2,100,8,9.7,100,yes
STU-0004344,25,13.5,94.5,100,4,5.8,93.2,yes
STU-0004345,25,7.6,66.6,54.5,3,7.5,71.9,yes
STU-0004346,19,13.8,76.1,64.0,7,6.8,70.0,yes
STU-0004347,19,10.2,52.0,66.8,7,4.8,53.8,no
STU-0004348,25,16.3,88.1,77.5,12,8.6,76.8,yes
STU-0004349,24,19.3,100,100,6,7.4,100,yes
STU-0004350,22,4.8,73.1,81.5,9,8.7,58.1,no
STU-0004351,24,10.7,79.1,97.6,4,7.8,86.7,yes
STU-0004352,20,14.8,94.5,100,6,8.0,94.1,yes
STU-0004353,26,21.9,85.6,96.7,6,8.1,83.7,yes
STU-0004354,24,7.2,55.0,71.0,10,5.4,53.7,no
STU-0004355,22,1.0,78.3,70.2,13,7.6,59.2,no
STU-0004356,23,5.2,59.3,78.4,7,8.1,70.3,yes
STU-0004357,20,11.6,91.7,100,7,6.0,91.9,yes
STU-0004358,18,1.5,67.9,56.7,3,7.0,59.5,no
STU-0004359,22,21.3,73.5,76.0,4,6.6,73.2,yes
STU-0004360,18,9.7,98.2,88.0,14,7.2,98.9,yes
STU-0004361,25,8.9,98.8,100,12,9.2,85.8,yes
STU-0004362,19,14.1,90.6,96.9,8,7.2,89.1,yes
STU-0004363,26,14.6,74.3,88.2,9,6.4,78.8,yes
STU-0004364,19,7.7,84.0,93.2,7,6.8,78.1,yes
STU-0004365,25,17.4,84.7,92.4,12,7.3,83.4,yes
STU-0004366,17,1.0,75.0,95.2,8,6.4,69.3,yes
STU-0004367,22,17.3,68.7,92.0,10,5.6,66.0,yes
STU-0004368,20,9.9,80.2,92.1,4,7.2,85.3,yes
STU-0004369,21,4.7,77.7,93.3,13,4.7,69.0,yes
STU-0004370,19,25.6,99.5,100,7,6.1,86.1,yes
STU-0004371,22,14.8,82.5,62.8,11,6.2,67.4,yes
STU-0004372,21,14.1,72.7,93.1,12,6.9,80.9,yes
STU-0004373,18,1.0,63.2,90.7,9,6.9,68.8,yes
STU-0004374,20,12.7,73.2,80.9,7,7.8,74.2,yes
STU-0004375,24,8.3,80.3,56.9,9,6.1,60.4,yes
STU-0004376,19,5.6,63.4,56.6,3,8.5,62.8,yes
STU-0004377,19,22.8,81.6,63.9,13,7.5,82.1,yes
STU-0004378,22,17.8,98.6,100,3,8.0,69.5,yes
STU-0004379,19,25.5,80.6,98.1,9,5.9,90.4,yes
STU-0004380,26,18.6,98.9,100,8,7.5,93.4,yes
STU-0004381,21,1.2,67.6,100,5,5.1,60.5,yes
STU-0004382,23,1.0,66.6,78.8,10,5.3,56.0,no
STU-0004383,26,12.8,93.9,97.1,7,7.5,98.1,yes
STU-0004384,18,10.9,62.3,83.0,14,5.9,66.5,yes
STU-0004385,18,14.3,69.3,86.0,9,7.3,77.0,yes
STU-0004386,25,16.4,89.1,100,5,6.9,85.9,yes
STU-0004387,25,23.0,77.6,100,8,6.6,84.0,yes
STU-0004388,20,1.0,73.6,94.5,11,7.1,77.0,yes
STU-0004389,17,3.2,59.0,98.7,6,7.0,65.4,yes
STU-0004390,19,4.6,65.5,61.1,10,5.8,44.3,no
STU-0004391,26,20.9,100,100,3,7.4,94.7,yes
STU-0004392,23,16.0,87.3,100,7,6.3,88.0,yes
STU-0004393,18,12.4,65.0,73.2,4,5.6,67.7,yes
STU-0004394,24,6.8,79.6,54.7,9,7.6,64.0,yes
STU-0004395,26,10.5,82.9,89.1,5,7.3,84.0,yes
STU-0004396,18,16.6,83.9,100,13,6.3,87.4,yes
STU-0004397,19,21.5,84.8,100,13,6.8,97.4,yes
STU-0004398,18,1.2,77.0,72.4,4,6.8,81.3,yes
STU-0004399,24,30.5,64.1,54.6,11,6.9,51.6,no
STU-0004400,20,7.2,93.6,87.5,7,6.6,64.5,yes
STU-0004401,26,10.0,43.7,60.5,12,6.7,57.3,no
STU-0004402,19,9.5,50.9,49.0,11,6.9,46.7,no
STU-0004403,25,15.2,86.7,79.7,9,7.1,74.9,yes
STU-0004404,26,8.9,96.9,100,6,7.7,92.2,yes
STU-0004405,23,17.4,72.1,100,12,5.5,72.6,yes
STU-0004406,20,1.0,58.4,53.8,4,6.9,40.6,no
STU-0004407,21,2.5,70.6,63.8,8,7.7,70.4,yes
STU-0004408,18,9.9,84.1,100,4,6.4,73.7,yes
STU-0004409,22,1.2,62.8,43.2,13,6.1,53.0,no
STU-0004410,23,13.2,74.4,95.1,7,5.9,77.6,yes
STU-0004411,19,19.9,79.8,100,7,6.8,91.4,yes
STU-0004412,23,10.7,83.3,100,6,7.6,77.1,yes
STU-0004413,20,1.0,79.4,54.5,5,6.8,47.7,no
STU-0004414,20,12.4,76.4,71.6,4,6.0,66.7,yes
STU-0004415,21,6.9,73.8,83.6,14,7.6,76.8,yes
STU-0004416,18,2.7,83.9,63.5,12,7.8,57.7,no
STU-0004417,23,7.8,60.9,66.0,4,5.9,54.4,no
STU-0004418,25,12.9,70.6,83.8,10,7.2,63.0,yes
STU-0004419,25,11.6,82.3,89.3,5,7.9,81.1,yes
STU-0004420,18,5.1,62.0,75.4,14,7.7,67.4,yes
STU-0004421,20,17.1,75.2,60.1,6,6.9,68.4,yes
STU-0004422,21,11.2,85.3,95.6,11,7.5,76.8,yes
STU-0004423,24,8.8,71.3,24.1,14,6.7,35.9,no
STU-0004424,19,5.5,76.5,72.6,5,5.1,51.7,no
STU-0004425,24,13.4,81.6,78.2,9,7.9,76.8,yes
STU-0004426,20,3.4,81.2,68.3,9,7.5,77.8,yes
STU-0004427,21,12.0,90.2,61.6,11,9.1,73.8,yes
STU-0004428,21,13.7,50.4,21.0,14,6.6,42.2,no
STU-0004429,20,18.6,76.4,83.0,14,6.7,83.4,yes
STU-0004430,22,12.0,84.0,85.4,13,6.8,79.9,yes
STU-0004431,17,16.8,78.6,100,3,7.1,87.8,yes
STU-0004432,26,8.0,100,67.6,3,6.5,66.9,yes
STU-0004433,25,8.2,67.3,37.0,3,6.5,48.4,no
STU-0004434,26,7.5,73.3,87.0,4,6.8,65.9,yes
STU-0004435,24,5.8,77.7,76.6,7,7.1,71.3,yes
STU-0004436,18,16.4,84.8,100,14,8.9,88.2,yes
STU-0004437,24,1.0,71.6,79.3,12,6.4,63.4,yes
STU-0004438,21,22.0,60.1,100,13,7.4,76.8,yes
STU-0004439,23,4.9,88.3,93.4,12,6.6,79.1,yes
STU-0004440,23,19.2,74.2,100,6,7.9,86.9,yes
STU-0004441,24,12.4,59.8,82.2,11,6.1,71.5,yes
STU-0004442,20,8.7,80.7,80.9,8,6.3,62.8,yes
STU-0004443,26,9.1,84.8,43.4,14,7.0,48.4,no
STU-0004444,18,18.9,94.3,68.7,6,7.8,76.3,yes
STU-0004445,25,14.9,88.9,64.3,12,6.2,66.2,yes
STU-0004446,21,9.1,76.4,87.7,8,7.8,73.4,yes
STU-0004447,20,12.2,76.6,64.3,8,6.1,61.2,yes
STU-0004448,19,2.7,69.9,78.0,10,6.3,84.0,yes
STU-0004449,20,8.4,92.2,100,10,6.8,94.8,yes
STU-0004450,26,22.9,90.3,83.6,3,7.4,82.5,yes
STU-0004451,19,16.2,83.4,100,6,5.6,81.1,yes
STU-0004452,21,12.0,96.7,58.8,5,8.9,77.8,yes
STU-0004453,19,12.2,77.9,92.9,14,8.7,91.4,yes
STU-0004454,20,1.0,35,36.7,7,6.3,46.1,no
STU-0004455,26,13.0,95.8,100,10,6.1,72.9,yes
STU-0004456,19,26.5,100,100,5,7.8,92.3,yes
STU-0004457,20,23.2,86.9,100,9,6.5,88.1,yes
STU-0004458,21,12.1,65.4,79.4,3,7.6,70.2,yes
STU-0004459,22,24.8,85.5,100,6,7.3,93.7,yes
STU-0004460,18,16.0,86.9,78.7,9,6.5,68.8,yes
STU-0004461,22,1.2,72.9,36.6,4,6.3,39.1,no
STU-0004462,26,25.7,91.4,100,4,7.3,92.5,yes
STU-0004463,21,19.2,71.8,85.2,9,7.5,73.0,yes
STU-0004464,25,18.3,79.5,100,11,6.9,75.1,yes
STU-0004465,20,11.7,64.7,80.1,13,7.9,75.1,yes
STU-0004466,23,5.4,63.7,62.0,3,6.9,51.2,no
STU-0004467,25,7.5,35,76.1,9,7.5,71.8,yes
STU-0004468,17,1.0,83.0,67.0,13,6.7,66.4,yes
STU-0004469,17,7.1,59.6,48.6,9,8.0,63.0,yes
STU-0004470,18,12.9,91.6,100,5,6.9,88.6,yes
STU-0004471,23,11.7,86.0,86.2,6,5.9,73.6,yes
STU-0004472,25,22.6,73.6,55.7,13,6.3,67.4,yes
STU-0004473,26,1.0,48.0,25.7,4,5.6,27.3,no
STU-0004474,21,12.6,79.0,76.5,9,7.4,67.0,yes
STU-0004475,17,23.9,95.4,100,3,7.6,97.5,yes
STU-0004476,18,5.8,69.8,78.8,7,7.2,62.9,yes
STU-0004477,26,11.3,75.1,77.0,6,8.5,76.3,yes
STU-0004478,18,16.8,99.1,81.0,13,6.6,69.4,yes
STU-0004479,21,1.0,58.2,54.9,9,7.6,64.3,yes
STU-0004480,21,8.3,65.4,47.8,13,6.8,53.5,no
STU-0004481,17,12.9,81.1,97.9,12,8.6,65.9,yes
STU-0004482,20,9.7,74.9,93.8,3,7.1,66.6,yes
STU-0004483,19,11.8,78.7,73.9,8,7.7,80.4,yes
STU-0004484,24,1.0,74.8,37.9,7,6.9,41.0,no
STU-0004485,18,18.9,89.7,100,9,7.6,90.9,yes
STU-0004486,23,11.3,95.1,100,3,5.3,81.7,yes
STU-0004487,19,14.8,88.4,92.5,14,7.5,88.7,yes
STU-0004488,18,9.6,59.0,50.0,4,7.0,53.3,no
STU-0004489,26,6.1,62.8,77.5,10,5.6,67.2,yes
STU-0004490,19,3.4,83.9,83.9,7,7.5,73.9,yes
STU-0004491,18,12.6,82.5,80.0,11,6.8,74.5,yes
STU-0004492,23,3.9,88.3,72.3,11,6.8,65.6,yes
STU-0004493,20,12.1,58.6,81.6,6,8.4,73.2,yes
STU-0004494,19,3.1,68.7,49.8,10,7.6,47.3,no
STU-0004495,18,22.3,96.7,100,11,7.6,94.0,yes
STU-0004496,20,16.4,81.1,100,10,8.0,95.0,yes
STU-0004497,23,6.2,60.3,81.8,7,6.8,69.4,yes
STU-0004498,23,6.7,67.8,80.7,11,6.5,71.4,yes
STU-0004499,18,17.5,81.4,65.3,11,5.3,70.3,yes
STU-0004500,17,12.0,74.7,75.8,3,7.0,64.3,yes
STU-0004501,20,10.6,78.3,70.3,3,6.7,71.6,yes
STU-0004502,23,13.9,82.5,81.7,13,7.1,79.1,yes
STU-0004503,19,9.8,83.6,100,3,6.2,82.8,yes
STU-0004504,24,17.0,91.0,91.5,10,7.8,76.1,yes
STU-0004505,24,6.8,73.8,75.8,12,5.1,66.4,yes
STU-0004506,25,12.9,81.3,100,4,7.1,86.4,yes
STU-0004507,19,17.2,87.1,97.9,11,7.6,89.2,yes
STU-0004508,20,12.7,83.0,64.6,6,6.2,58.1,no
STU-0004509,23,12.3,98.4,100,8,7.1,84.0,yes
STU-0004510,18,14.9,85.0,100,6,6.1,89.4,yes
STU-0004511,24,11.9,82.2,61.4,6,7.6,60.6,yes
STU-0004512,18,5.4,67.9,55.1,5,6.4,52.9,no
STU-0004513,17,8.1,100,80.4,5,8.4,87.7,yes
STU-0004514,19,1.0,47.7,55.3,8,6.9,52.0,no
STU-0004515,21,1.0,65.1,100,9,7.4,67.2,yes
STU-0004516,18,16.9,78.9,83.9,8,8.2,79.7,yes
STU-0004517,18,1.0,52.7,80.9,7,6.9,65.9,yes
STU-0004518,22,11.8,84.3,73.5,14,8.4,75.1,yes
STU-0004519,19,11.7,67.0,91.0,13,7.7,70.1,yes
STU-0004520,21,3.4,64.3,55.2,4,6.7,50.5,no
STU-0004521,23,18.8,100,83.2,6,6.7,91.7,yes
STU-0004522,21,1.0,62.0,37.6,7,7.4,43.4,no
STU-0004523,17,8.8,81.3,86.0,14,7.7,72.2,yes
STU-0004524,17,12.1,50.3,31.6,7,6.1,34.2,no
STU-0004525,24,14.5,92.6,100,14,8.0,92.7,yes
STU-0004526,20,12.9,94.0,96.8,14,8.0,85.5,yes
STU-0004527,26,9.2,75.1,71.6,6,6.7,62.3,yes
STU-0004528,18,19.7,79.0,61.5,7,8.8,67.3,yes
STU-0004529,26,16.2,66.5,97.4,3,7.3,87.9,yes
STU-0004530,20,22.4,88.4,100,10,7.7,91.4,yes
STU-0004531,24,7.7,75.6,100,10,7.5,85.4,yes
STU-0004532,18,6.1,82.9,62.5,4,8.1,62.7,yes
STU-0004533,21,8.9,99.6,100,14,8.9,80.5,yes
STU-0004534,18,16.1,96.5,100,9,7.9,87.2,yes
STU-0004535,19,14.2,83.4,100,9,7.7,80.1,yes
STU-0004536,20,13.8,62.5,85.0,3,7.9,77.0,yes
STU-0004537,18,19.8,94.4,100,5,7.4,100,yes
STU-0004538,24,21.1,98.6,100,11,5.2,93.4,yes
STU-0004539,25,4.1,58.7,34.7,14,5.7,34.7,no
STU-0004540,18,12.9,89.4,63.7,10,8.7,71.3,yes
STU-0004541,18,8.1,67.4,97.1,4,6.5,73.2,yes
STU-0004542,20,9.4,83.0,100,4,7.6,54.7,no
STU-0004543,20,7.1,78.3,83.8,3,7.2,74.1,yes
STU-0004544,19,12.9,100,89.6,5,8.0,82.2,yes
STU-0004545,18,1.0,59.6,66.2,6,7.2,53.2,no
STU-0004546,20,12.5,78.6,100,11,7.3,83.4,yes
STU-0004547,25,16.4,58.8,92.7,6,6.0,75.5,yes
STU-0004548,26,10.9,92.4,100,8,7.8,90.1,yes
STU-0004549,25,16.8,76.2,91.6,12,7.6,74.4,yes
STU-0004550,26,1.0,55.9,35.4,8,6.7,38.1,no
STU-0004551,18,11.5,60.7,89.4,9,6.6,79.2,yes
STU-0004552,23,16.9,84.8,89.9,3,7.4,87.3,yes
STU-0004553,23,10.7,75.5,50.1,11,6.7,57.6,no
STU-0004554,18,1.0,58.3,87.5,6,7.3,71.5,yes
STU-0004555,18,14.1,84.4,73.2,14,6.7,85.3,yes
STU-0004556,21,15.1,76.1,95.1,10,6.7,74.7,yes
STU-0004557,22,8.9,67.7,100,14,6.4,79.7,yes
STU-0004558,17,5.6,69.6,76.4,12,6.6,50.7,no
STU-0004559,22,6.4,64.6,100,11,7.6,74.9,yes
STU-0004560,23,23.2,99.4,100,5,7.8,91.6,yes
STU-0004561,18,10.3,81.5,100,6,6.6,91.6,yes
STU-0004562,21,1.0,74.3,47.4,4,5.2,47.4,no
STU-0004563,20,4.3,61.7,94.3,11,5.5,62.9,yes
STU-0004564,24,8.4,64.2,48.9,10,7.8,44.4,no
STU-0004565,19,11.7,83.7,100,3,7.4,85.2,yes
STU-0004566,23,11.3,86.7,85.2,6,7.2,73.5,yes
STU-0004567,24,12.5,60.0,97.8,4,7.1,76.6,yes
STU-0004568,18,5.9,73.8,54.8,12,6.8,54.7,no
STU-0004569,20,19.0,100,100,14,8.5,92.2,yes
STU-0004570,22,1.6,59.3,62.2,11,7.1,68.1,yes
STU-0004571,23,10.3,63.9,87.2,13,5.7,58.4,no
STU-0004572,21,8.6,74.8,86.5,3,5.7,74.5,yes
STU-0004573,26,8.1,63.1,50.9,13,5.7,56.2,no
STU-0004574,19,6.8,99.0,100,9,9.2,100,yes
STU-0004575,18,6.2,87.8,100,3,6.3,74.3,yes
STU-0004576,18,4.3,84.9,84.4,5,7.9,77.9,yes
STU-0004577,18,23.4,85.0,100,11,7.0,82.5,yes
STU-0004578,25,16.0,78.2,100,6,5.9,76.2,yes
STU-0004579,18,2.1,53.9,58.7,7,5.7,51.0,no
STU-0004580,22,26.1,85.9,100,10,7.3,92.8,yes
STU-0004581,24,24.8,86.3,100,8,8.4,96.9,yes
STU-0004582,20,11.0,86.3,92.4,9,7.1,71.3,yes
STU-0004583,20,4.0,88.4,92.1,9,8.8,86.2,yes
STU-0004584,20,13.5,85.4,100,14,7.9,82.4,yes
STU-0004585,20,24.3,99.2,100,12,7.7,88.4,yes
STU-0004586,25,1.0,64.0,81.4,6,7.4,71.5,yes
STU-0004587,18,12.0,97.3,100,6,7.9,87.4,yes
STU-0004588,19,11.2,100,100,11,8.3,93.3,yes
STU-0004589,19,14.0,73.4,90.6,12,6.5,68.3,yes
STU-0004590,23,13.2,82.8,98.3,13,6.6,79.6,yes
STU-0004591,18,8.8,68.4,63.5,4,7.2,66.9,yes
STU-0004592,19,12.7,75.1,96.1,12,5.9,73.1,yes
STU-0004593,21,18.0,87.5,100,13,8.1,98.9,yes
STU-0004594,22,14.7,67.3,64.9,14,7.4,65.5,yes
STU-0004595,22,1.0,46.1,77.4,8,6.9,75.5,yes
STU-0004596,24,1.0,61.9,52.7,3,6.1,49.8,no
STU-0004597,22,19.4,86.1,100,11,6.9,76.0,yes
STU-0004598,19,12.6,100,94.6,7,8.0,88.1,yes
STU-0004599,25,17.6,68.3,85.2,13,6.9,71.6,yes
STU-0004600,24,11.9,81.7,95.6,9,6.1,82.3,yes
STU-0004601,17,1.0,84.5,76.2,6,7.0,68.8,yes
STU-0004602,26,1.0,49.7,68.6,14,4.2,54.0,no
STU-0004603,26,9.6,79.2,100,8,7.9,89.3,yes
STU-0004604,23,1.0,63.0,69.6,12,7.0,62.5,yes
STU-0004605,19,17.0,89.2,100,13,8.1,92.1,yes
STU-0004606,19,8.6,61.4,100,13,7.3,80.4,yes
STU-0004607,21,8.8,71.2,84.4,4,6.2,63.6,yes
STU-0004608,22,21.8,93.1,100,6,7.5,98.9,yes
STU-0004609,21,14.1,88.6,100,3,8.1,68.3,yes
STU-0004610,19,13.2,70.6,100,11,7.9,81.1,yes
STU-0004611,24,8.3,51.8,45.2,9,6.8,50.4,no
STU-0004612,20,16.3,95.8,84.1,9,8.3,82.5,yes
STU-0004613,19,7.0,69.0,70.3,13,8.8,67.2,yes
STU-0004614,23,22.8,70.3,91.9,4,6.9,71.6,yes
STU-0004615,17,14.3,75.2,61.3,12,6.3,68.3,yes
STU-0004616,25,1.0,65.4,37.9,5,6.7,34.4,no
STU-0004617,25,19.7,88.1,93.2,11,7.4,94.5,yes
STU-0004618,19,17.4,92.1,85.4,13,7.8,83.1,yes
STU-0004619,21,10.6,86.7,77.9,9,7.1,62.8,yes
STU-0004620,20,18.8,93.6,100,8,8.5,96.1,yes
STU-0004621,18,3.6,82.0,49.3,5,6.2,42.2,no
STU-0004622,19,12.5,64.1,92.7,4,8.3,76.4,yes
STU-0004623,21,10.8,90.6,90.3,10,8.0,84.2,yes
STU-0004624,23,5.6,53.1,81.3,7,7.0,70.5,yes
STU-0004625,22,1.0,74.9,62.5,9,6.7,57.8,no
STU-0004626,18,25.1,100,100,7,6.5,92.7,yes
STU-0004627,21,21.6,84.4,100,10,8.5,87.4,yes
STU-0004628,17,11.7,66.4,53.5,13,6.3,61.3,yes
STU-0004629,20,19.5,95.4,100,10,7.3,88.7,yes
STU-0004630,20,24.2,80.4,100,11,8.2,90.0,yes
STU-0004631,18,5.9,76.0,75.3,5,8.6,68.9,yes
STU-0004632,20,5.7,50.7,29.4,4,8.9,53.7,no
STU-0004633,26,12.2,85.2,100,13,6.7,91.2,yes
STU-0004634,26,21.4,87.2,87.4,8,7.0,85.0,yes
STU-0004635,22,15.6,87.0,100,5,6.7,83.6,yes
STU-0004636,20,9.0,78.0,100,13,7.8,76.9,yes
STU-0004637,20,16.8,83.0,97.3,5,7.1,85.9,yes
STU-0004638,21,5.2,55.0,49.1,6,6.1,47.4,no
STU-0004639,23,12.9,61.4,88.5,8,6.7,64.8,yes
STU-0004640,18,1.0,86.0,100,14,8.3,86.5,yes
STU-0004641,25,1.0,72.9,44.4,13,7.5,52.5,no
STU-0004642,21,10.9,90.7,84.3,8,6.4,74.5,yes
STU-0004643,25,1.0,80.2,100,13,6.3,73.4,yes
STU-0004644,18,9.7,75.1,82.4,12,5.8,65.2,yes
STU-0004645,17,11.1,88.6,100,12,7.3,77.8,yes
STU-0004646,22,23.0,100,100,5,8.8,100,yes
STU-0004647,18,17.7,99.7,100,3,8.1,93.3,yes
STU-0004648,17,1.0,72.1,54.2,4,5.7,51.4,no
STU-0004649,19,2.7,53.6,49.3,11,6.5,41.3,no
STU-0004650,19,4.3,80.1,72.1,14,6.9,55.1,no
STU-0004651,17,9.9,81.4,100,5,6.7,77.9,yes
STU-0004652,17,15.7,74.8,78.7,9,6.4,63.2,yes
STU-0004653,25,4.3,64.3,65.6,14,6.1,54.7,no
STU-0004654,20,20.5,90.3,88.7,12,7.8,91.2,yes
STU-0004655,21,6.9,58.1,64.0,7,7.4,62.0,yes
STU-0004656,19,15.8,73.7,100,14,8.0,82.7,yes
STU-0004657,23,1.0,68.2,91.1,10,5.6,64.7,yes
STU-0004658,24,1.0,59.1,23.5,14,6.2,33.6,no
STU-0004659,21,15.8,81.8,100,11,7.6,98.9,yes
STU-0004660,25,11.0,70.5,100,14,6.7,86.5,yes
STU-0004661,20,17.2,77.6,91.6,14,7.3,75.4,yes
STU-0004662,20,12.6,73.1,91.4,5,6.9,74.3,yes
STU-0004663,24,15.1,86.4,100,11,7.0,83.4,yes
STU-0004664,20,6.7,78.4,66.3,12,6.8,58.5,no
STU-0004665,18,25.2,100,100,11,6.9,99.6,yes
STU-0004666,23,11.5,81.1,100,11,8.0,80.0,yes
STU-0004667,21,7.0,89.1,100,3,7.7,88.4,yes
STU-0004668,21,17.2,77.4,100,4,7.1,77.9,yes
STU-0004669,22,25.3,87.1,94.3,11,8.9,89.4,yes
STU-0004670,18,3.1,71.7,100,9,6.1,77.9,yes
STU-0004671,19,1.0,64.1,57.0,10,8.2,49.0,no
STU-0004672,18,11.0,54.4,100,8,8.1,75.2,yes
STU-0004673,19,14.5,87.8,100,3,8.3,93.1,yes
STU-0004674,18,4.4,52.4,46.9,12,7.8,47.6,no
STU-0004675,21,12.1,71.1,82.3,10,6.9,75.9,yes
STU-0004676,19,17.7,90.5,100,9,7.0,84.0,yes
STU-0004677,25,4.0,59.8,73.3,10,5.6,58.7,no
STU-0004678,18,15.1,100,90.1,11,7.3,89.5,yes
STU-0004679,21,24.4,93.9,94.6,3,7.1,78.6,yes
STU-0004680,20,13.8,77.2,93.3,8,6.6,86.7,yes
STU-0004681,20,11.1,72.6,87.0,8,8.3,87.6,yes
STU-0004682,22,21.4,85.0,100,14,7.1,85.3,yes
STU-0004683,23,13.6,95.6,100,14,7.5,90.9,yes
STU-0004684,25,16.7,88.0,100,14,8.2,91.6,yes
STU-0004685,26,1.0,50.8,20,6,5.9,40.5,no
STU-0004686,23,14.8,75.1,91.2,7,6.6,77.8,yes
STU-0004687,23,1.0,52.4,49.1,10,6.5,24.4,no
STU-0004688,23,6.3,79.7,86.1,11,6.9,74.5,yes
STU-0004689,18,9.3,65.5,89.4,6,6.4,65.8,yes
STU-0004690,19,13.3,84.7,100,14,6.8,83.1,yes
STU-0004691,24,20.2,100,100,3,7.9,91.8,yes
STU-0004692,20,15.3,86.5,100,10,7.5,81.1,yes
STU-0004693,24,23.6,100,100,10,7.8,93.3,yes
STU-0004694,26,11.6,60.4,74.5,3,7.6,58.5,no
STU-0004695,19,22.0,76.1,93.6,14,6.5,84.8,yes
STU-0004696,17,8.9,77.8,44.4,14,8.3,50.7,no
STU-0004697,19,1.0,67.3,30.8,7,7.5,53.0,no
STU-0004698,18,1.0,59.6,79.9,8,7.8,58.2,no
STU-0004699,20,1.0,82.3,64.5,7,7.7,59.4,no
STU-0004700,18,1.0,63.3,94.1,3,5.9,61.5,yes
STU-0004701,21,13.9,78.9,82.6,10,7.9,78.4,yes
STU-0004702,22,1.0,61.1,91.5,11,6.8,69.7,yes
STU-0004703,22,23.0,81.5,87.3,5,8.5,89.6,yes
STU-0004704,17,4.0,66.1,100,5,7.1,74.0,yes
STU-0004705,19,11.7,92.3,100,8,7.6,93.3,yes
STU-0004706,23,9.4,73.6,88.6,10,7.3,78.3,yes
STU-0004707,24,9.1,89.0,100,3,6.2,93.0,yes
STU-0004708,23,4.3,89.6,100,3,8.7,77.2,yes
STU-0004709,24,16.3,100,100,5,7.0,91.9,yes
STU-0004710,18,6.4,69.1,100,9,7.1,81.1,yes
STU-0004711,18,8.5,78.2,100,11,5.4,73.7,yes
STU-0004712,17,14.6,85.9,100,8,6.7,91.0,yes
STU-0004713,24,18.4,82.4,100,13,7.0,83.9,yes
STU-0004714,18,1.0,59.1,63.5,7,6.9,59.5,no
STU-0004715,24,1.0,55.3,53.6,5,7.3,53.2,no
STU-0004716,17,1.0,66.6,55.3,4,5.8,47.2,no
STU-0004717,18,20.0,67.1,70.1,5,6.4,69.0,yes
STU-0004718,21,4.2,60.6,94.4,11,4.9,78.2,yes
STU-0004719,20,2.4,55.7,28.8,7,5.0,30.3,no
STU-0004720,21,16.5,86.3,70.4,5,8.1,66.5,yes
STU-0004721,21,3.9,78.4,68.2,9,4.8,53.8,no
STU-0004722,25,13.1,81.4,97.5,11,7.3,84.2,yes
STU-0004723,26,19.1,76.8,100,8,6.3,70.9,yes
STU-0004724,24,26.7,84.0,96.6,10,7.4,89.2,yes
STU-0004725,19,12.2,66.2,58.2,3,5.1,58.8,no
STU-0004726,18,2.1,72.5,34.4,4,6.6,45.3,no
STU-0004727,20,9.6,75.0,100,14,6.3,79.8,yes
STU-0004728,18,16.9,83.5,100,7,9.1,83.6,yes
STU-0004729,24,10.7,62.0,52.9,12,8.0,60.9,yes
STU-0004730,25,21.0,74.1,69.0,6,6.3,75.4,yes
STU-0004731,26,11.0,79.3,73.5,14,6.3,68.5,yes
STU-0004732,19,13.5,67.6,77.5,14,7.1,72.7,yes
STU-0004733,24,14.6,67.9,100,14,6.3,83.6,yes
STU-0004734,18,13.9,78.9,100,14,6.9,69.6,yes
STU-0004735,25,18.1,80.7,80.4,10,7.2,76.3,yes
STU-0004736,17,1.0,76.7,92.8,3,7.0,65.6,yes
STU-0004737,20,9.4,71.1,59.5,3,9.3,68.2,yes
STU-0004738,25,8.8,85.7,100,8,7.3,78.2,yes
STU-0004739,20,12.5,72.2,82.4,6,7.3,72.0,yes
STU-0004740,19,9.0,77.9,41.3,13,7.2,62.6,yes
STU-0004741,21,13.4,97.0,100,3,8.0,80.7,yes
STU-0004742,18,1.0,61.6,72.6,6,6.7,61.6,yes
STU-0004743,19,22.0,97.1,100,7,7.3,94.2,yes
STU-0004744,24,3.5,68.2,51.7,10,7.2,45.7,no
STU-0004745,22,1.0,56.3,29.0,7,7.6,47.0,no
STU-0004746,23,23.9,83.3,100,4,7.5,93.5,yes
STU-0004747,18,2.8,65.3,70.5,7,6.9,62.1,yes
STU-0004748,21,14.7,81.0,100,4,6.8,74.5,yes
STU-0004749,21,16.3,89.5,97.2,4,6.1,86.7,yes
STU-0004750,21,15.4,67.3,50.5,12,7.3,60.0,no
STU-0004751,20,5.9,68.9,66.1,10,7.9,61.9,yes
STU-0004752,17,6.1,61.9,64.8,5,6.5,48.4,no
STU-0004753,21,13.0,96.1,100,12,7.4,79.2,yes
STU-0004754,26,14.0,85.5,100,6,7.6,94.8,yes
STU-0004755,22,21.1,79.6,67.4,11,7.3,62.7,yes
STU-0004756,18,14.6,63.0,90.9,12,7.4,84.0,yes
STU-0004757,20,14.8,74.3,98.0,11,7.6,89.3,yes
STU-0004758,18,4.5,57.6,48.4,8,7.2,58.8,no
STU-0004759,19,10.3,64.6,53.0,4,7.9,66.2,yes
STU-0004760,25,1.6,55.4,29.2,7,6.7,35.2,no
STU-0004761,18,4.8,78.7,93.9,9,7.2,71.2,yes
STU-0004762,22,3.6,62.6,73.0,8,6.2,59.6,no
STU-0004763,23,18.2,82.2,89.3,10,8.5,90.9,yes
STU-0004764,24,5.6,60.9,76.4,10,5.9,57.4,no
STU-0004765,18,17.5,64.2,87.7,4,6.6,69.2,yes
STU-0004766,19,5.9,66.1,93.6,3,8.1,70.1,yes
STU-0004767,24,4.9,74.3,100,4,6.3,73.8,yes
STU-0004768,21,16.1,67.3,100,7,6.2,80.3,yes
STU-0004769,17,12.1,69.0,54.6,7,7.1,64.4,yes
STU-0004770,17,15.8,100,100,14,7.6,91.8,yes
STU-0004771,26,17.1,95.1,100,8,6.0,78.2,yes
STU-0004772,26,14.6,62.8,63.9,3,6.6,70.9,yes
STU-0004773,17,15.2,68.3,62.0,6,6.8,66.9,yes
STU-0004774,19,4.7,80.7,100,13,6.3,75.6,yes
STU-0004775,17,7.9,83.6,61.6,8,6.0,59.6,no
STU-0004776,21,1.0,62.3,35.6,12,8.1,48.4,no
STU-0004777,20,2.6,56.6,30.9,4,6.8,44.4,no
STU-0004778,20,1.0,74.9,84.7,12,8.1,81.2,yes
STU-0004779,18,11.9,72.3,58.5,13,7.3,60.2,yes
STU-0004780,18,20.1,95.7,100,3,7.4,86.1,yes
STU-0004781,26,13.7,76.4,79.2,3,8.3,76.9,yes
STU-0004782,17,10.0,78.7,100,13,6.4,88.5,yes
STU-0004783,21,13.1,85.0,57.2,13,8.1,59.9,no
STU-0004784,25,1.0,74.9,71.8,7,8.0,81.0,yes
STU-0004785,24,7.0,81.6,63.5,10,6.9,59.5,no
STU-0004786,24,6.9,84.4,66.9,13,5.7,47.1,no
STU-0004787,23,20.0,87.9,91.6,4,6.8,86.7,yes
STU-0004788,20,12.1,80.8,92.6,3,6.6,60.1,yes
STU-0004789,19,5.5,71.0,70.3,9,6.6,58.0,no
STU-0004790,20,23.2,82.4,92.4,6,8.2,89.7,yes
STU-0004791,19,10.3,61.9,73.3,3,7.4,83.7,yes
STU-0004792,20,2.1,69.3,60.1,6,7.7,54.4,no
STU-0004793,24,9.3,86.9,100,12,6.4,85.7,yes
STU-0004794,20,10.1,96.3,90.5,3,7.9,94.6,yes
STU-0004795,19,1.0,71.0,45.7,10,7.0,47.3,no
STU-0004796,26,17.0,69.2,45.8,12,8.3,53.2,no
STU-0004797,18,17.2,91.7,100,7,8.0,86.7,yes
STU-0004798,22,9.1,86.4,100,14,6.8,84.4,yes
STU-0004799,20,13.8,85.0,100,9,6.6,77.8,yes
STU-0004800,18,17.3,100,100,11,6.6,62.3,yes
STU-0004801,21,11.9,76.2,61.0,11,7.7,62.9,yes
STU-0004802,23,3.9,75.2,100,13,6.1,69.4,yes
STU-0004803,17,7.1,66.5,85.3,8,7.7,79.0,yes
STU-0004804,18,2.7,66.7,87.2,4,6.1,71.4,yes
STU-0004805,19,12.5,81.6,90.6,13,7.3,94.1,yes
STU-0004806,25,13.7,73.1,91.3,3,6.0,64.9,yes
STU-0004807,21,1.9,58.6,48.2,8,7.6,38.2,no
STU-0004808,17,13.8,81.5,88.3,8,7.1,73.7,yes
STU-0004809,20,27.7,81.5,100,13,7.4,92.7,yes
STU-0004810,18,11.0,98.4,100,6,7.6,85.7,yes
STU-0004811,21,15.0,71.4,100,11,6.1,83.7,yes
STU-0004812,26,10.7,67.5,90.4,11,7.4,77.3,yes
STU-0004813,19,17.2,86.1,100,4,6.5,84.1,yes
STU-0004814,25,1.0,35,20,7,6.1,14.0,no
STU-0004815,26,13.0,87.7,73.7,10,9.1,84.1,yes
STU-0004816,19,10.1,79.1,46.4,8,6.6,58.2,no
STU-0004817,20,19.5,69.9,100,9,7.2,92.3,yes
STU-0004818,18,1.0,64.9,100,12,6.4,79.2,yes
STU-0004819,21,19.4,82.8,100,10,8.1,98.2,yes
STU-0004820,21,17.4,82.7,82.6,8,8.5,83.3,yes
STU-0004821,17,1.0,72.9,87.0,5,7.0,68.8,yes
STU-0004822,20,1.8,82.3,84.5,4,7.1,72.3,yes
STU-0004823,19,1.0,74.7,38.0,4,6.2,38.7,no
STU-0004824,19,1.0,72.2,91.8,8,6.1,78.4,yes
STU-0004825,22,14.9,83.8,100,12,6.9,70.2,yes
STU-0004826,25,2.6,65.7,61.9,6,6.2,46.2,no
STU-0004827,19,1.0,71.1,75.0,8,5.4,58.7,no
STU-0004828,24,12.0,69.4,59.2,11,6.4,59.4,no
STU-0004829,22,8.8,71.7,52.9,13,7.2,66.4,yes
STU-0004830,19,5.3,44.3,27.0,7,5.3,29.4,no
STU-0004831,21,4.1,76.1,84.0,8,8.0,73.4,yes
STU-0004832,20,12.2,73.2,90.3,5,7.0,71.6,yes
STU-0004833,22,10.7,60.4,28.7,3,7.5,43.5,no
STU-0004834,21,10.6,93.7,100,10,8.2,95.2,yes
STU-0004835,25,2.3,75.2,66.3,5,7.7,69.5,yes
STU-0004836,25,24.6,94.4,90.9,10,7.4,86.0,yes
STU-0004837,19,10.2,89.5,91.2,10,8.7,97.1,yes
STU-0004838,24,5.0,58.9,46.1,14,6.5,48.7,no
STU-0004839,21,19.7,97.9,100,10,7.6,99.3,yes
STU-0004840,25,14.3,60.6,52.3,6,6.1,51.1,no
STU-0004841,25,18.4,89.8,100,11,8.0,100,yes
STU-0004842,19,8.4,69.6,75.8,6,6.1,67.8,yes
STU-0004843,18,3.2,68.5,67.5,6,6.7,61.2,yes
STU-0004844,17,2.9,84.4,53.2,6,7.7,62.6,yes
STU-0004845,20,3.8,78.4,83.4,13,5.5,63.6,yes
STU-0004846,17,5.6,59.9,42.3,4,7.1,43.8,no
STU-0004847,19,11.9,73.6,83.0,6,7.2,78.8,yes
STU-0004848,21,16.4,84.4,96.0,3,6.8,84.6,yes
STU-0004849,20,4.6,79.2,92.9,13,6.5,66.7,yes
STU-0004850,23,13.8,84.2,100,6,7.4,79.4,yes
STU-0004851,26,10.2,50.1,58.1,4,7.1,59.0,no
STU-0004852,24,10.9,77.1,85.3,14,7.7,74.4,yes
STU-0004853,17,10.9,80.4,100,8,7.8,92.4,yes
STU-0004854,20,8.6,81.3,60.4,12,8.8,68.7,yes
STU-0004855,17,13.5,95.0,86.7,14,7.7,80.6,yes
STU-0004856,25,9.2,88.2,76.2,11,7.8,78.8,yes
STU-0004857,23,12.3,82.3,73.4,11,8.2,62.0,yes
STU-0004858,20,5.3,73.9,73.1,7,6.6,64.7,yes
STU-0004859,26,1.0,70.1,50.9,4,5.8,53.6,no
STU-0004860,24,11.7,74.5,100,14,8.5,85.5,yes
STU-0004861,24,11.0,82.0,56.6,5,6.9,57.8,no
STU-0004862,19,5.1,78.2,100,7,5.3,67.9,yes
STU-0004863,18,1.0,61.4,50.4,9,7.7,56.7,no
STU-0004864,19,4.1,57.3,63.6,13,6.2,48.5,no
STU-0004865,21,17.1,85.4,100,5,7.9,70.0,yes
STU-0004866,19,4.4,61.8,97.9,12,6.5,68.8,yes
STU-0004867,20,12.6,98.2,100,7,8.4,85.4,yes
STU-0004868,21,2.8,63.9,42.6,12,6.4,59.7,no
STU-0004869,17,20.8,79.4,100,14,6.7,85.0,yes
STU-0004870,18,12.9,83.7,94.6,10,6.2,76.0,yes
STU-0004871,24,6.6,72.7,54.1,6,7.8,52.6,no
STU-0004872,19,12.7,65.3,96.3,5,7.0,51.6,no
STU-0004873,18,2.6,64.2,38.8,8,5.6,43.1,no
STU-0004874,17,8.3,61.1,56.5,14,7.5,60.0,no
STU-0004875,19,3.1,64.8,63.9,6,6.0,63.9,yes
STU-0004876,26,1.7,59.1,62.1,7,7.5,62.5,yes
STU-0004877,21,17.9,71.2,79.6,4,8.0,79.6,yes
STU-0004878,20,13.3,70.8,73.8,10,6.2,63.9,yes
STU-0004879,24,2.1,63.9,46.4,14,7.6,41.2,no
STU-0004880,20,10.6,90.8,93.0,12,7.0,84.9,yes
STU-0004881,21,13.2,58.1,63.4,9,6.9,58.9,no
STU-0004882,24,6.7,95.2,97.2,4,8.4,88.2,yes
STU-0004883,18,1.0,66.4,42.8,11,7.7,10.4,no
STU-0004884,22,10.9,65.8,86.9,13,6.4,71.9,yes
STU-0004885,18,7.3,82.9,97.4,14,7.4,85.8,yes
STU-0004886,21,1.0,54.5,57.3,10,6.7,52.5,no
STU-0004887,18,14.8,91.4,100,6,7.1,87.4,yes
STU-0004888,23,12.7,78.3,99.5,5,7.6,91.3,yes
STU-0004889,26,12.9,78.3,67.8,3,7.6,60.9,yes
STU-0004890,20,7.1,70.6,72.2,10,5.8,59.5,no
STU-0004891,18,6.5,71.3,74.0,4,6.9,76.1,yes
STU-0004892,22,16.1,68.9,76.1,13,6.8,71.3,yes
STU-0004893,22,12.8,77.5,100,10,5.5,81.4,yes
STU-0004894,17,8.1,55.5,51.7,6,7.8,48.7,no
STU-0004895,20,22.5,88.1,100,11,7.5,90.9,yes
STU-0004896,23,1.0,73.1,100,13,6.6,67.8,yes
STU-0004897,18,17.8,89.3,100,7,7.5,96.0,yes
STU-0004898,19,31.1,100,100,6,6.4,94.4,yes
STU-0004899,19,22.5,100,100,3,7.9,100,yes
STU-0004900,19,8.6,72.0,25.2,8,7.7,46.6,no
STU-0004901,26,15.1,62.4,67.3,5,6.3,56.1,no
STU-0004902,20,12.6,69.4,96.1,9,8.4,54.5,no
STU-0004903,25,3.8,83.4,58.7,10,7.6,59.0,no
STU-0004904,20,13.8,68.9,49.6,14,6.5,49.9,no
STU-0004905,24,14.6,67.6,100,9,7.4,71.9,yes
STU-0004906,26,9.7,67.1,94.6,12,6.5,74.8,yes
STU-0004907,24,5.3,71.3,86.8,14,6.8,68.6,yes
STU-0004908,20,16.3,54.4,39.0,8,7.4,47.9,no
STU-0004909,20,6.4,65.6,58.9,6,7.2,52.3,no
STU-0004910,21,15.9,78.8,82.3,4,6.1,64.4,yes
STU-0004911,19,11.6,88.1,66.1,11,6.8,76.2,yes
STU-0004912,19,17.0,85.0,88.7,12,7.7,69.3,yes
STU-0004913,18,10.1,80.5,100,7,8.3,89.9,yes
STU-0004914,19,1.1,75.7,83.4,4,7.0,65.3,yes
STU-0004915,18,5.1,68.8,79.5,4,7.1,54.2,no
STU-0004916,25,36.6,86.0,100,3,7.2,78.6,yes
STU-0004917,25,25.1,95.1,100,5,5.9,96.9,yes
STU-0004918,22,7.3,73.8,25.9,14,6.5,36.4,no
STU-0004919,18,17.4,80.6,86.7,8,9.3,79.7,yes
STU-0004920,18,6.5,68.1,65.2,5,6.7,54.5,no
STU-0004921,18,3.9,74.0,47.6,4,7.3,52.9,no
STU-0004922,18,16.2,82.1,90.7,5,7.6,77.2,yes
STU-0004923,21,8.9,63.2,100,12,5.8,74.7,yes
STU-0004924,21,17.9,82.1,100,13,6.7,82.6,yes
STU-0004925,20,3.3,72.6,74.8,7,8.8,73.6,yes
STU-0004926,20,14.3,69.1,65.7,5,7.3,62.2,yes
STU-0004927,18,1.8,64.4,66.5,4,5.7,55.7,no
STU-0004928,21,17.6,76.9,100,3,7.9,89.6,yes
STU-0004929,20,13.3,90.0,100,3,6.1,81.6,yes
STU-0004930,25,16.7,94.6,100,11,5.5,92.6,yes
STU-0004931,19,8.8,78.7,88.4,9,6.8,64.8,yes
STU-0004932,21,9.0,84.3,89.1,9,7.6,89.7,yes
STU-0004933,19,11.2,64.1,75.5,13,6.7,62.8,yes
STU-0004934,21,11.0,74.1,99.6,4,6.9,56.9,no
STU-0004935,19,11.9,72.5,88.8,8,6.7,69.1,yes
STU-0004936,26,8.5,78.1,100,9,6.1,86.2,yes
STU-0004937,18,17.3,87.2,91.0,5,7.0,82.0,yes
STU-0004938,18,1.4,47.8,53.5,11,5.3,47.1,no
STU-0004939,18,4.1,77.9,74.6,4,5.7,60.0,no
STU-0004940,25,1.0,45.3,20,9,6.9,37.9,no
STU-0004941,23,14.6,55.2,71.0,11,6.8,57.4,no
STU-0004942,19,2.5,73.2,84.1,9,6.3,63.6,yes
STU-0004943,26,10.3,71.0,65.1,4,6.4,58.7,no
STU-0004944,24,6.8,68.6,68.0,5,8.3,63.4,yes
STU-0004945,24,16.1,78.0,65.8,4,6.7,59.8,no
STU-0004946,22,12.3,88.0,72.7,7,6.6,71.4,yes
STU-0004947,17,2.8,67.8,45.4,3,7.3,58.5,no
STU-0004948,19,6.2,56.1,72.0,12,6.8,65.3,yes
STU-0004949,26,15.9,79.5,68.4,13,6.7,74.4,yes
STU-0004950,26,10.9,84.2,100,14,8.0,85.4,yes
STU-0004951,20,8.4,71.8,97.5,9,6.3,72.6,yes
STU-0004952,18,18.1,71.9,90.0,8,8.4,85.9,yes
STU-0004953,18,25.8,91.1,100,11,7.6,91.3,yes
STU-0004954,24,11.4,72.1,93.8,3,7.8,82.4,yes
STU-0004955,19,3.4,85.6,96.7,3,7.3,74.9,yes
STU-0004956,20,8.7,100,100,11,7.1,79.5,yes
STU-0004957,20,3.0,73.9,72.2,8,6.8,55.5,no
STU-0004958,21,9.7,81.8,80.8,7,6.0,63.4,yes
STU-0004959,17,10.3,79.9,51.5,11,7.0,58.1,no
STU-0004960,23,14.7,100,100,12,7.5,61.9,yes
STU-0004961,19,18.1,89.8,62.3,4,6.8,75.3,yes
STU-0004962,19,7.7,89.1,78.1,3,6.0,71.5,yes
STU-0004963,26,16.3,72.0,100,3,6.9,94.6,yes
STU-0004964,18,14.2,78.3,77.3,13,6.7,59.6,no
STU-0004965,17,1.0,66.2,33.9,9,6.9,31.4,no
STU-0004966,20,1.0,59.1,92.8,11,5.4,73.8,yes
STU-0004967,26,16.9,81.9,93.1,5,7.8,81.3,yes
STU-0004968,21,7.6,72.0,57.3,10,8.2,63.3,yes
STU-0004969,21,17.9,85.7,76.7,4,6.8,75.0,yes
STU-0004970,24,19.2,62.9,94.2,8,7.5,77.4,yes
STU-0004971,21,7.6,69.2,47.7,12,7.9,60.9,yes
STU-0004972,19,25.0,100,100,9,9.5,100,yes
STU-0004973,18,3.7,92.4,78.8,3,6.4,60.7,yes
STU-0004974,21,12.3,80.6,100,14,5.7,74.7,yes
STU-0004975,18,12.5,62.6,84.0,6,6.3,75.4,yes
STU-0004976,25,19.1,86.6,94.7,14,7.2,90.9,yes
STU-0004977,25,16.0,67.1,55.7,13,7.6,59.7,no
STU-0004978,18,16.3,93.7,88.5,11,8.2,89.3,yes
STU-0004979,18,13.7,92.2,100,6,8.3,92.5,yes
STU-0004980,17,7.9,100,76.5,6,7.9,80.4,yes
STU-0004981,17,9.5,78.8,75.4,10,8.0,64.7,yes
STU-0004982,26,8.3,85.9,72.8,14,6.0,67.1,yes
STU-0004983,25,18.1,96.8,100,10,8.1,93.0,yes
STU-0004984,19,10.7,68.2,76.5,8,6.9,61.2,yes
STU-0004985,18,2.2,68.1,82.9,7,8.6,72.5,yes
STU-0004986,19,15.0,67.4,70.0,3,7.7,66.6,yes
STU-0004987,26,24.8,93.0,100,14,8.2,95.8,yes
STU-0004988,20,6.8,76.6,100,11,6.3,73.1,yes
STU-0004989,20,1.0,64.9,39.9,3,7.7,47.3,no
STU-0004990,23,8.0,81.0,66.7,7,7.7,67.4,yes
STU-0004991,23,5.9,60.1,71.6,3,6.5,50.9,no
STU-0004992,23,11.5,76.0,89.0,7,6.4,47.2,no
STU-0004993,18,1.0,70.6,40.3,8,7.1,64.7,yes
STU-0004994,22,6.9,68.0,52.3,7,5.8,50.2,no
STU-0004995,22,6.4,64.3,77.8,12,6.5,55.5,no
STU-0004996,19,8.9,75.1,83.6,13,6.7,69.0,yes
STU-0004997,26,14.9,86.4,100,4,8.5,88.1,yes
STU-0004998,18,21.8,83.3,99.0,3,5.8,82.4,yes
STU-0004999,17,14.2,76.3,79.6,9,5.6,65.9,yes
STU-0005000,18,23.4,91.6,96.6,9,6.6,88.3,yes
STU-0005001,19,16.4,97.0,88.8,10,6.8,70.4,yes
STU-0005002,23,15.4,83.7,100,6,6.5,80.7,yes
STU-0005003,21,11.7,76.8,86.5,5,7.7,75.2,yes
STU-0005004,25,5.2,47.4,20,6,5.4,29.7,no
STU-0005005,18,4.9,72.9,96.1,12,5.7,79.4,yes
STU-0005006,18,9.9,88.0,100,6,7.2,84.1,yes
STU-0005007,26,1.0,61.2,31.0,5,7.2,38.4,no
STU-0005008,26,17.0,72.8,83.1,10,8.9,72.6,yes
STU-0005009,25,1.0,39.2,48.4,9,6.0,39.4,no
STU-0005010,20,11.5,77.4,82.2,6,8.2,83.5,yes
STU-0005011,18,2.7,75.9,71.7,7,6.2,60.8,yes
STU-0005012,17,8.8,76.7,46.7,5,7.0,58.4,no
STU-0005013,21,3.2,79.4,93.2,6,6.6,71.0,yes
STU-0005014,17,14.9,84.3,79.0,14,6.7,74.3,yes
STU-0005015,18,17.2,81.2,100,6,6.0,88.7,yes
STU-0005016,22,3.9,55.8,53.9,12,7.0,55.5,no
STU-0005017,20,18.6,94.4,78.3,14,7.4,77.4,yes
STU-0005018,26,16.0,85.6,100,3,5.9,90.7,yes
STU-0005019,24,10.8,72.1,90.3,12,6.7,70.7,yes
STU-0005020,20,13.6,93.7,100,11,7.1,57.2,no
STU-0005021,21,5.9,65.2,36.5,11,8.4,54.3,no
STU-0005022,17,1.9,74.9,68.5,4,6.8,71.0,yes
STU-0005023,20,6.0,84.9,100,10,8.1,91.3,yes
STU-0005024,23,10.5,68.6,51.2,10,7.4,53.4,no
STU-0005025,20,11.2,89.5,83.9,12,8.2,72.2,yes
STU-0005026,18,3.9,64.5,82.6,3,6.6,66.4,yes
STU-0005027,20,10.0,86.0,100,13,7.6,91.5,yes
STU-0005028,19,10.5,70.8,67.8,8,8.2,61.0,yes
STU-0005029,18,3.7,62.0,78.2,3,5.9,56.5,no
STU-0005030,19,5.4,95.9,85.2,10,7.2,72.9,yes
STU-0005031,19,1.0,73.3,40.7,12,5.9,43.2,no
STU-0005032,21,7.9,66.6,63.2,12,6.0,66.8,yes
STU-0005033,18,5.2,72.0,81.7,6,7.2,67.1,yes
STU-0005034,17,11.4,96.6,93.0,11,8.7,95.7,yes
STU-0005035,22,15.4,78.1,74.7,11,7.5,65.1,yes
STU-0005036,22,13.7,73.4,81.9,11,7.6,88.0,yes
STU-0005037,22,11.1,84.8,73.2,14,7.2,70.7,yes
STU-0005038,19,13.7,85.5,69.0,3,7.6,83.4,yes
STU-0005039,23,15.0,100,100,14,7.4,87.6,yes
STU-0005040,19,11.1,93.2,100,4,6.8,80.6,yes
STU-0005041,21,9.1,68.8,100,13,8.2,91.2,yes
STU-0005042,20,19.3,88.9,95.6,14,7.4,77.4,yes
STU-0005043,21,8.9,71.7,94.5,7,7.6,79.5,yes
STU-0005044,21,27.0,92.3,100,13,7.4,98.6,yes
STU-0005045,17,2.6,61.3,46.3,3,6.5,53.6,no
STU-0005046,18,9.8,62.7,51.1,12,6.2,49.4,no
STU-0005047,19,18.8,78.1,82.6,3,7.6,84.0,yes
STU-0005048,20,1.0,65.9,33.7,8,6.4,52.6,no
STU-0005049,18,16.5,95.0,100,11,8.4,100,yes
STU-0005050,20,1.6,70.9,66.0,4,7.7,58.0,no
STU-0005051,19,20.8,78.5,100,11,8.3,90.9,yes
STU-0005052,23,16.9,63.6,100,7,6.3,78.2,yes
STU-0005053,25,4.3,73.4,86.0,3,6.9,61.5,yes
STU-0005054,21,1.0,65.9,57.7,14,7.7,52.1,no
STU-0005055,19,3.8,61.4,49.2,8,6.9,48.9,no
STU-0005056,23,11.9,74.4,73.7,8,7.4,71.9,yes
STU-0005057,25,8.2,74.3,64.5,5,7.5,55.4,no
STU-0005058,21,13.3,60.4,89.1,12,7.4,76.2,yes
STU-0005059,25,15.4,90.9,82.6,4,6.8,80.7,yes
STU-0005060,17,10.8,56.4,83.0,6,6.9,63.1,yes
STU-0005061,20,8.1,89.1,100,13,6.7,73.0,yes
STU-0005062,25,2.6,47.4,49.6,12,6.9,46.2,no
STU-0005063,24,13.3,78.3,64.8,12,6.6,66.5,yes
STU-0005064,20,9.9,85.0,100,6,6.8,68.9,yes
STU-0005065,21,11.0,67.5,82.9,6,7.4,72.5,yes
STU-0005066,21,7.6,64.2,80.2,12,7.4,77.7,yes
STU-0005067,25,10.5,68.4,81.9,7,7.5,71.1,yes
STU-0005068,21,17.7,100,100,12,7.4,86.4,yes
STU-0005069,20,13.6,81.9,95.7,5,8.6,83.9,yes
STU-0005070,22,1.0,48.5,63.4,10,6.5,49.7,no
STU-0005071,21,8.7,76.5,100,10,6.1,69.4,yes
STU-0005072,20,25.0,100,100,10,6.6,92.1,yes
STU-0005073,20,9.4,83.8,77.6,8,6.3,76.0,yes
STU-0005074,19,1.6,79.9,79.2,10,7.3,71.5,yes
STU-0005075,18,21.5,88.6,100,3,8.2,88.6,yes
STU-0005076,17,8.3,62.7,77.8,14,6.2,59.9,no
STU-0005077,20,13.2,81.9,82.3,8,8.3,89.3,yes
STU-0005078,22,16.4,84.5,100,9,7.8,88.1,yes
STU-0005079,19,13.5,75.0,100,10,6.7,78.6,yes
STU-0005080,17,1.0,73.0,74.1,11,8.0,78.7,yes
STU-0005081,25,1.0,66.7,61.4,3,6.8,49.2,no
STU-0005082,25,17.9,49.7,86.8,10,7.1,74.5,yes
STU-0005083,19,28.4,100,100,8,7.2,98.6,yes
STU-0005084,17,16.9,90.1,100,8,7.5,89.7,yes
STU-0005085,25,12.2,78.8,100,13,7.4,78.0,yes
STU-0005086,21,9.1,73.6,78.9,13,6.5,64.5,yes
STU-0005087,21,15.4,72.5,82.2,3,7.3,76.9,yes
STU-0005088,20,18.9,98.8,100,11,8.2,100,yes
STU-0005089,25,5.4,73.2,58.2,11,6.3,62.4,yes
STU-0005090,22,9.1,89.5,82.3,6,8.1,76.9,yes
STU-0005091,19,1.0,61.2,26.4,8,6.8,40.4,no
STU-0005092,18,1.0,75.5,71.9,12,8.1,77.7,yes
STU-0005093,18,10.8,68.4,77.9,3,8.8,75.3,yes
STU-0005094,19,19.5,100,100,3,7.7,90.7,yes
STU-0005095,23,11.6,83.6,100,4,6.4,86.6,yes
STU-0005096,19,17.1,70.5,94.0,7,9.0,76.4,yes
STU-0005097,19,8.2,71.0,82.2,3,5.8,61.9,yes
STU-0005098,21,17.7,99.5,100,10,5.6,84.0,yes
STU-0005099,26,16.2,100,100,6,8.0,55.3,no
STU-0005100,25,8.7,80.9,95.0,14,7.1,87.2,yes
STU-0005101,24,1.0,35.4,41.1,7,6.2,33.8,no
STU-0005102,17,3.8,47.4,76.2,9,5.9,53.2,no
STU-0005103,25,12.6,73.9,77.3,4,7.9,73.9,yes
STU-0005104,19,14.6,100,100,9,7.6,80.1,yes
STU-0005105,22,15.0,77.0,99.8,13,7.8,80.6,yes
STU-0005106,26,10.8,89.4,99.8,12,5.5,78.6,yes
STU-0005107,25,11.6,99.1,100,13,6.3,83.3,yes
STU-0005108,20,5.9,71.4,53.9,6,5.4,56.7,no
STU-0005109,20,10.9,75.0,74.1,14,6.9,80.3,yes
STU-0005110,26,14.8,77.3,65.6,13,6.7,64.9,yes
STU-0005111,26,15.9,94.2,86.9,14,8.1,92.1,yes
STU-0005112,18,16.7,100,100,13,7.8,89.1,yes
STU-0005113,18,11.7,96.9,100,7,7.8,80.8,yes
STU-0005114,19,11.2,83.5,69.2,10,7.2,71.3,yes
STU-0005115,22,15.2,91.2,100,14,8.0,94.8,yes
STU-0005116,20,7.5,80.7,52.1,5,8.3,59.7,no
STU-0005117,25,6.4,55.6,35.7,14,6.8,34.8,no
STU-0005118,24,11.6,82.5,45.6,14,6.5,60.0,no
STU-0005119,24,20.4,83.1,100,7,9.1,90.2,yes
STU-0005120,20,10.4,80.9,60.5,7,8.0,65.5,yes
STU-0005121,22,5.3,77.3,94.4,12,7.0,69.6,yes
STU-0005122,17,11.5,79.4,94.3,9,8.4,80.0,yes
STU-0005123,24,8.6,87.2,91.2,8,7.4,77.6,yes
STU-0005124,24,1.5,45.8,33.1,7,6.2,31.3,no
STU-0005125,20,15.0,97.2,89.8,3,6.6,86.4,yes
STU-0005126,22,6.9,68.9,86.7,14,7.1,52.6,no
STU-0005127,22,6.2,89.4,96.7,8,9.1,71.0,yes
STU-0005128,18,13.3,63.0,88.1,8,6.8,73.2,yes
STU-0005129,22,13.4,72.3,95.4,4,7.1,80.9,yes
STU-0005130,19,18.9,80.1,100,5,5.4,71.6,yes
STU-0005131,26,18.6,91.7,90.2,5,8.3,92.5,yes
STU-0005132,25,7.6,93.0,100,10,6.0,77.6,yes
STU-0005133,21,10.5,79.3,76.1,3,6.3,68.2,yes
STU-0005134,21,12.5,54.6,70.0,10,6.8,57.9,no
STU-0005135,19,2.8,65.8,71.2,5,6.9,66.3,yes
STU-0005136,18,2.4,65.9,35.7,6,7.0,52.7,no
STU-0005137,21,19.2,77.4,61.4,4,6.0,89.5,yes
STU-0005138,17,1.0,63.7,24.4,3,6.6,35.7,no
STU-0005139,18,29.3,97.1,100,13,8.3,91.0,yes
STU-0005140,17,9.4,57.2,82.8,9,6.7,65.2,yes
STU-0005141,19,1.0,54.3,62.7,4,6.6,52.5,no
STU-0005142,22,16.8,77.5,100,8,7.8,82.0,yes
STU-0005143,19,16.0,79.3,100,12,7.9,74.5,yes
STU-0005144,17,13.2,89.7,100,7,7.4,84.4,yes
STU-0005145,21,18.1,84.3,100,14,5.6,87.5,yes
STU-0005146,21,1.0,74.0,66.9,5,7.4,67.8,yes
STU-0005147,17,19.9,88.8,100,8,8.4,95.7,yes
STU-0005148,20,15.3,81.2,97.5,9,8.7,86.5,yes
STU-0005149,22,16.9,81.7,100,9,6.9,83.4,yes
STU-0005150,19,12.8,98.4,100,6,6.6,91.2,yes
STU-0005151,25,1.0,52.3,62.3,5,6.0,41.9,no
STU-0005152,18,11.5,75.2,81.4,11,6.4,68.0,yes
STU-0005153,20,14.1,79.4,42.5,13,6.6,49.4,no
STU-0005154,24,3.7,66.5,96.0,12,8.2,76.7,yes
STU-0005155,18,12.2,94.6,100,8,7.5,68.0,yes
STU-0005156,25,14.6,79.0,75.6,8,5.9,67.0,yes
STU-0005157,26,5.5,72.5,71.6,11,6.1,67.4,yes
STU-0005158,26,1.8,77.1,54.6,8,7.1,64.2,yes
STU-0005159,20,12.1,52.9,68.3,3,6.7,66.6,yes
STU-0005160,17,21.7,82.4,100,13,7.3,93.0,yes
STU-0005161,17,1.0,50.5,49.2,6,6.0,48.5,no
STU-0005162,18,6.2,63.9,62.0,10,8.5,65.3,yes
STU-0005163,22,1.0,55.8,20.2,11,5.0,26.8,no
STU-0005164,24,1.0,39.9,34.9,5,5.9,38.1,no
STU-0005165,18,5.1,79.0,80.4,6,6.8,70.9,yes
STU-0005166,25,16.0,87.0,81.0,7,7.9,84.3,yes
STU-0005167,18,8.9,69.7,71.7,4,5.3,62.8,yes
STU-0005168,26,3.6,68.0,87.3,7,7.7,72.7,yes
STU-0005169,21,18.2,92.7,78.7,6,7.7,88.3,yes
STU-0005170,26,18.2,82.1,100,12,7.5,82.6,yes
STU-0005171,20,16.6,74.2,79.3,4,7.1,84.8,yes
STU-0005172,18,16.7,69.2,97.2,11,6.2,74.9,yes
STU-0005173,20,5.5,73.5,68.0,5,6.4,70.4,yes
STU-0005174,24,19.7,80.8,78.8,9,7.0,73.5,yes
STU-0005175,23,18.6,90.6,100,12,6.5,90.4,yes
STU-0005176,20,4.8,58.6,66.0,9,7.0,62.3,yes
STU-0005177,22,11.5,78.7,77.4,8,6.4,63.7,yes
STU-0005178,18,20.1,83.2,97.3,12,6.6,87.1,yes
STU-0005179,20,9.2,90.7,100,3,6.3,63.2,yes
STU-0005180,19,17.2,94.7,100,11,8.4,94.7,yes
STU-0005181,20,12.1,70.3,88.4,14,8.2,77.2,yes
STU-0005182,18,1.4,57.1,43.0,6,5.9,34.3,no
STU-0005183,18,7.9,74.8,45.2,6,6.1,56.7,no
STU-0005184,24,15.8,69.3,78.7,5,7.1,64.7,yes
STU-0005185,20,15.3,100,100,6,7.8,86.4,yes
STU-0005186,25,11.6,92.7,84.0,14,7.9,75.5,yes
STU-0005187,23,10.5,73.6,100,7,8.0,82.7,yes
STU-0005188,21,17.8,89.4,100,12,7.3,86.8,yes
STU-0005189,23,1.0,89.0,78.8,13,6.1,65.9,yes
STU-0005190,20,13.3,66.1,51.8,3,7.5,56.0,no
STU-0005191,18,13.0,81.3,87.4,10,6.9,82.2,yes
STU-0005192,24,15.0,86.0,86.6,6,5.5,89.7,yes
STU-0005193,21,4.4,63.3,78.7,8,7.5,67.7,yes
STU-0005194,24,14.1,100,100,13,8.3,89.7,yes
STU-0005195,22,11.9,78.2,93.1,3,5.9,73.3,yes
STU-0005196,25,3.7,58.7,48.9,14,6.8,43.5,no
STU-0005197,20,15.8,79.8,100,8,7.0,81.9,yes
STU-0005198,19,22.3,89.9,100,10,6.2,86.3,yes
STU-0005199,23,14.7,77.2,74.5,10,8.0,84.2,yes
STU-0005200,22,11.7,70.8,75.1,12,7.7,81.2,yes
STU-0005201,26,10.5,75.6,91.6,10,4.9,68.4,yes
STU-0005202,18,13.5,70.9,100,4,7.5,91.0,yes
STU-0005203,20,13.0,83.9,54.6,8,8.2,62.2,yes
STU-0005204,19,7.2,73.6,67.4,7,7.6,61.1,yes
STU-0005205,24,1.0,60.3,58.4,3,7.0,57.6,no
STU-0005206,24,14.8,89.9,100,8,7.8,98.6,yes
STU-0005207,19,12.7,68.0,90.7,10,7.0,72.5,yes
STU-0005208,18,13.8,64.2,33.2,3,7.0,67.4,yes
STU-0005209,18,9.6,80.4,100,13,8.4,85.2,yes
STU-0005210,24,12.8,75.8,85.3,13,7.0,73.8,yes
STU-0005211,17,6.5,80.0,99.3,14,8.5,83.4,yes
STU-0005212,24,8.9,65.7,90.4,11,7.2,69.1,yes
STU-0005213,22,11.4,86.3,100,13,5.9,81.0,yes
STU-0005214,20,7.4,76.6,74.9,3,7.5,67.7,yes
STU-0005215,26,19.8,88.7,100,7,7.7,90.4,yes
STU-0005216,25,12.7,79.7,88.2,10,6.3,67.3,yes
STU-0005217,22,3.3,71.5,65.1,12,4.9,33.7,no
STU-0005218,17,7.3,64.5,45.1,6,6.9,53.2,no
STU-0005219,18,9.1,80.9,87.3,12,7.2,90.2,yes
STU-0005220,22,19.6,91.3,100,7,7.0,94.1,yes
STU-0005221,20,1.7,57.3,76.5,10,7.6,55.6,no
STU-0005222,25,11.1,69.7,76.8,6,7.3,72.6,yes
STU-0005223,22,9.3,68.5,65.9,4,7.2,71.1,yes
STU-0005224,19,8.6,80.8,74.6,5,7.8,77.5,yes
STU-0005225,23,26.1,100,88.6,8,6.8,83.0,yes
STU-0005226,22,16.1,76.5,82.9,8,8.3,73.4,yes
STU-0005227,18,10.3,82.5,100,14,6.3,82.9,yes
STU-0005228,21,12.3,84.8,79.6,7,9.2,85.0,yes
STU-0005229,18,12.6,82.0,77.2,12,6.2,82.0,yes
STU-0005230,20,1.0,75.7,94.7,8,8.1,73.0,yes
STU-0005231,24,17.1,80.7,100,12,5.8,81.6,yes
STU-0005232,18,12.5,74.7,100,8,7.7,83.1,yes
STU-0005233,19,1.0,88.7,100,10,8.0,81.5,yes
STU-0005234,20,14.5,76.6,100,9,6.2,82.6,yes
STU-0005235,20,20.9,92.0,81.2,4,6.3,89.7,yes
STU-0005236,18,6.1,82.7,80.1,12,7.0,71.4,yes
STU-0005237,23,13.3,77.4,70.6,4,7.1,72.8,yes
STU-0005238,18,11.8,67.4,71.8,13,6.5,76.7,yes
STU-0005239,26,11.1,71.2,74.3,12,7.5,63.0,yes
STU-0005240,24,18.6,72.1,100,10,5.9,91.7,yes
STU-0005241,23,11.7,72.2,49.7,13,7.1,65.5,yes
STU-0005242,23,2.7,79.5,80.3,11,7.2,74.3,yes
STU-0005243,24,10.3,72.0,48.8,5,7.5,50.3,no
STU-0005244,20,5.8,71.4,49.0,7,7.1,56.6,no
STU-0005245,21,8.9,85.3,100,12,6.0,69.3,yes
STU-0005246,17,21.3,88.3,100,6,7.4,95.6,yes
STU-0005247,19,5.6,84.2,69.1,12,8.7,65.4,yes
STU-0005248,19,12.4,79.9,92.9,4,8.4,83.5,yes
STU-0005249,19,6.3,72.7,76.2,12,6.1,57.6,no
STU-0005250,24,13.6,78.2,100,10,7.2,79.9,yes
STU-0005251,18,10.2,77.9,100,8,6.9,82.8,yes
STU-0005252,20,20.9,69.7,92.1,13,7.2,82.8,yes
STU-0005253,19,1.0,65.9,86.8,14,6.6,58.3,no
STU-0005254,25,18.2,93.9,95.6,4,6.3,77.3,yes
STU-0005255,18,9.7,66.0,56.4,10,6.6,61.7,yes
STU-0005256,24,8.9,75.9,97.0,4,7.8,89.4,yes
STU-0005257,17,2.0,71.6,54.1,8,7.9,63.3,yes
STU-0005258,17,21.2,91.5,100,8,5.9,84.1,yes
STU-0005259,20,23.6,77.9,88.4,6,6.5,90.3,yes
STU-0005260,21,16.4,88.1,98.5,12,7.8,71.6,yes
STU-0005261,24,11.6,67.3,100,12,7.9,75.6,yes
STU-0005262,20,10.2,68.0,75.6,10,5.7,70.7,yes
STU-0005263,18,1.0,75.6,72.0,3,8.1,70.6,yes
STU-0005264,20,4.1,80.4,88.0,7,7.0,68.4,yes
STU-0005265,21,10.8,97.1,95.1,9,7.7,82.4,yes
STU-0005266,20,13.5,56.4,71.7,8,6.8,59.8,no
STU-0005267,20,16.2,61.1,95.5,11,6.4,76.0,yes
STU-0005268,21,7.6,71.2,74.5,10,8.1,65.6,yes
STU-0005269,20,18.1,60.2,80.7,11,8.3,71.9,yes
STU-0005270,18,8.7,70.3,45.9,9,5.8,55.0,no
STU-0005271,26,14.6,94.2,95.9,12,7.5,90.6,yes
STU-0005272,21,1.0,61.7,38.8,13,7.1,41.7,no
STU-0005273,25,8.3,72.0,69.6,8,7.1,61.8,yes
STU-0005274,26,5.1,84.0,70.1,5,7.8,69.9,yes
STU-0005275,22,27.9,100,100,7,9.3,100,yes
STU-0005276,23,1.0,64.5,41.9,6,6.1,51.8,no
STU-0005277,25,12.7,60.0,77.2,6,7.1,66.9,yes
STU-0005278,23,5.6,72.7,53.8,13,7.2,58.1,no
STU-0005279,19,9.0,81.0,71.4,10,9.1,85.7,yes
STU-0005280,18,14.0,85.0,84.1,3,8.3,81.3,yes
STU-0005281,21,24.0,81.5,100,11,6.4,87.7,yes
STU-0005282,18,4.1,69.1,83.1,7,6.6,67.9,yes
STU-0005283,25,1.0,69.4,61.4,4,5.6,57.7,no
STU-0005284,26,20.0,82.8,93.4,13,7.6,84.1,yes
STU-0005285,17,2.7,69.1,52.4,9,7.7,60.7,yes
STU-0005286,19,9.5,92.7,84.2,10,5.4,64.6,yes
STU-0005287,17,8.3,67.0,71.3,13,6.7,71.6,yes
STU-0005288,20,12.2,93.4,82.3,4,7.0,78.1,yes
STU-0005289,19,6.2,68.5,53.1,5,8.0,39.0,no
STU-0005290,18,10.2,68.1,55.4,7,6.7,54.2,no
STU-0005291,18,25.1,90.2,100,14,7.7,96.5,yes
STU-0005292,20,17.7,76.7,90.6,12,6.3,78.6,yes
STU-0005293,18,9.1,74.0,82.9,7,7.1,66.8,yes
STU-0005294,20,7.2,72.3,84.1,11,5.6,67.4,yes
STU-0005295,18,12.1,83.0,98.8,8,7.3,74.2,yes
STU-0005296,24,14.0,100,86.4,12,7.8,84.3,yes
STU-0005297,18,13.5,100.0,92.9,5,6.5,80.3,yes
STU-0005298,21,10.3,80.8,100,9,6.3,74.6,yes
STU-0005299,18,20.4,89.8,94.1,14,9.1,96.5,yes
STU-0005300,20,20.9,72.3,91.2,11,7.3,81.0,yes
STU-0005301,22,10.1,61.9,76.0,14,7.5,76.3,yes
STU-0005302,22,13.7,92.8,100,11,7.6,84.9,yes
STU-0005303,21,9.5,72.9,79.2,11,6.4,66.8,yes
STU-0005304,24,10.6,80.5,90.4,14,6.7,77.4,yes
STU-0005305,17,25.7,86.8,100,10,6.8,87.0,yes
STU-0005306,20,1.0,69.5,75.0,8,6.9,63.9,yes
STU-0005307,23,9.0,70.6,100,14,5.9,85.0,yes
STU-0005308,18,1.9,43.8,40.8,10,5.9,32.9,no
STU-0005309,22,1.8,71.9,55.0,13,8.5,24.0,no
STU-0005310,20,4.4,57.8,79.1,9,6.3,61.2,yes
STU-0005311,18,14.7,70.8,98.9,6,7.6,90.8,yes
STU-0005312,17,17.4,88.0,100,4,7.1,82.4,yes
STU-0005313,18,14.6,73.7,98.9,14,7.3,82.4,yes
STU-0005314,20,4.5,63.0,93.9,4,6.5,60.0,no
STU-0005315,19,19.0,64.3,96.2,7,6.9,77.8,yes
STU-0005316,19,4.0,68.5,56.0,3,6.1,45.1,no
STU-0005317,20,8.6,89.4,100,11,7.1,76.9,yes
STU-0005318,24,16.3,80.5,100,14,8.6,100,yes
STU-0005319,21,7.8,77.0,96.7,10,7.4,75.5,yes
STU-0005320,24,13.0,86.0,89.0,13,7.1,81.5,yes
STU-0005321,24,22.2,79.1,100,14,6.7,95.8,yes
STU-0005322,21,14.1,84.9,83.0,14,9.2,82.6,yes
STU-0005323,19,1.0,76.6,81.8,6,7.0,66.0,yes
STU-0005324,23,1.0,48.6,48.1,3,6.0,34.0,no
STU-0005325,19,24.7,88.8,100,10,7.3,80.9,yes
STU-0005326,19,9.0,74.1,100,4,6.4,81.0,yes
STU-0005327,19,12.5,79.6,91.2,6,7.9,88.2,yes
STU-0005328,18,11.1,82.7,52.9,9,7.5,65.2,yes
STU-0005329,17,1.0,52.6,20,13,5.3,26.4,no
STU-0005330,20,18.5,89.6,100,8,5.8,85.8,yes
STU-0005331,22,4.1,76.2,52.3,8,7.2,53.4,no
STU-0005332,21,16.5,92.2,100,7,9.4,98.0,yes
STU-0005333,26,9.1,75.3,100,7,7.3,88.5,yes
STU-0005334,21,4.4,80.5,75.3,10,7.8,69.2,yes
STU-0005335,18,21.3,86.3,100,11,7.8,83.8,yes
STU-0005336,17,24.7,100,100,6,9.7,100,yes
STU-0005337,20,4.9,83.3,100,5,7.5,69.2,yes
STU-0005338,17,5.8,73.7,75.4,9,7.7,61.5,yes
STU-0005339,20,13.2,87.4,100,6,7.6,46.2,no
STU-0005340,18,14.4,69.3,73.8,9,7.7,74.0,yes
STU-0005341,19,15.2,72.1,89.7,6,7.3,70.6,yes
STU-0005342,26,3.2,83.5,79.9,3,7.1,75.3,yes
STU-0005343,23,6.2,85.4,77.4,4,6.4,71.4,yes
STU-0005344,23,10.6,88.9,68.8,8,7.5,67.7,yes
STU-0005345,22,23.1,59.2,100,6,7.2,81.6,yes
STU-0005346,21,14.2,70.0,92.2,12,6.1,74.5,yes
STU-0005347,19,4.5,64.6,62.0,13,8.3,69.3,yes
STU-0005348,18,8.3,55.4,91.3,5,6.2,74.6,yes
STU-0005349,17,10.0,60.9,95.3,9,6.8,71.1,yes
STU-0005350,19,11.3,77.6,78.8,5,6.2,79.2,yes
STU-0005351,18,5.0,76.0,91.0,3,6.9,73.5,yes
STU-0005352,23,14.8,100,100,13,8.1,84.9,yes
STU-0005353,19,16.7,79.6,100,7,6.6,85.3,yes
STU-0005354,18,5.4,71.8,100,9,6.8,77.2,yes
STU-0005355,21,18.1,87.3,100,10,7.5,99.4,yes
STU-0005356,26,9.1,81.1,100,14,6.4,77.9,yes
STU-0005357,18,15.4,88.9,100,10,9.6,87.6,yes
STU-0005358,19,10.2,88.7,100,10,7.4,84.2,yes
STU-0005359,25,8.7,71.3,100,11,6.1,71.9,yes
STU-0005360,20,9.1,74.4,80.4,7,6.8,60.6,yes
STU-0005361,21,18.2,77.4,100,10,6.8,88.4,yes
STU-0005362,21,1.0,59.5,39.0,9,7.1,52.8,no
STU-0005363,23,15.8,87.9,84.3,4,8.1,82.0,yes
STU-0005364,19,5.4,71.5,83.0,5,7.4,66.1,yes
STU-0005365,18,1.0,62.5,34.7,9,6.4,43.2,no
STU-0005366,23,11.0,88.7,100,4,6.8,84.8,yes
STU-0005367,21,7.5,55.3,20,12,5.8,44.5,no
STU-0005368,20,8.2,51.9,72.5,5,6.9,60.4,yes
STU-0005369,18,9.0,77.8,98.9,12,6.3,86.8,yes
STU-0005370,20,1.0,60.0,71.7,9,6.6,52.3,no
STU-0005371,20,18.9,99.7,100,11,8.7,91.3,yes
STU-0005372,20,12.7,92.8,100,6,7.8,87.1,yes
STU-0005373,18,15.6,100,100,4,8.5,100,yes
STU-0005374,21,14.6,90.3,80.1,9,7.5,77.6,yes
STU-0005375,17,8.7,79.2,83.1,10,8.5,76.7,yes
STU-0005376,19,12.9,81.2,81.0,10,6.6,75.6,yes
STU-0005377,21,2.6,68.5,67.9,13,6.7,49.4,no
STU-0005378,21,15.0,92.2,99.2,4,8.4,87.3,yes
STU-0005379,19,21.5,100,99.9,5,7.9,86.8,yes
STU-0005380,19,13.5,100,95.4,10,6.9,93.6,yes
STU-0005381,26,13.0,65.5,85.0,4,5.9,65.6,yes
STU-0005382,19,17.2,86.9,100,5,6.7,66.2,yes
STU-0005383,22,4.7,70.0,68.3,13,6.4,71.4,yes
STU-0005384,17,2.4,74.4,84.9,5,7.3,58.2,no
STU-0005385,18,4.9,65.8,69.9,8,6.0,66.3,yes
STU-0005386,25,9.3,73.0,95.5,14,5.6,78.7,yes
STU-0005387,24,8.6,82.7,99.6,5,6.8,88.4,yes
STU-0005388,23,12.8,80.5,92.0,14,8.4,91.5,yes
STU-0005389,18,22.2,90.3,94.3,9,6.8,87.8,yes
STU-0005390,18,13.2,91.2,98.7,13,6.7,80.1,yes
STU-0005391,23,18.3,82.6,72.1,14,6.5,66.1,yes
STU-0005392,20,9.0,92.0,100,5,6.4,80.8,yes
STU-0005393,25,9.0,65.1,56.5,14,6.3,51.1,no
STU-0005394,21,10.3,65.0,89.6,12,7.9,78.8,yes
STU-0005395,20,2.8,70.1,50.3,9,5.0,39.9,no
STU-0005396,25,9.0,76.5,100,11,6.0,68.6,yes
STU-0005397,22,10.5,77.7,98.3,13,7.0,77.7,yes
STU-0005398,19,12.6,82.4,95.3,13,7.1,76.7,yes
STU-0005399,21,12.9,81.3,100,9,7.0,82.7,yes
STU-0005400,17,1.0,43.3,25.1,14,5.6,28.2,no
STU-0005401,26,13.9,100,100,4,7.3,92.7,yes
STU-0005402,20,3.8,55.2,40.6,3,7.3,50.1,no
STU-0005403,26,7.0,67.1,42.2,14,7.5,44.7,no
STU-0005404,21,10.6,80.9,94.0,12,6.9,81.3,yes
STU-0005405,20,2.6,80.2,71.5,6,6.7,69.1,yes
STU-0005406,21,11.5,74.0,97.8,3,7.1,79.1,yes
STU-0005407,23,17.5,79.4,87.4,8,9.4,82.6,yes
STU-0005408,26,10.6,71.4,61.8,7,6.2,59.1,no
STU-0005409,21,12.0,69.7,92.5,13,7.1,69.6,yes
STU-0005410,22,11.9,100,92.5,5,7.6,81.6,yes
STU-0005411,19,9.2,80.9,70.0,3,6.7,72.8,yes
STU-0005412,21,22.4,80.1,100,5,7.8,93.9,yes
STU-0005413,19,6.2,59.3,79.6,8,6.5,70.3,yes
STU-0005414,18,16.3,79.8,83.0,6,6.3,81.6,yes
STU-0005415,20,1.8,80.0,76.5,11,5.3,63.9,yes
STU-0005416,26,12.7,86.1,99.4,12,7.5,86.2,yes
STU-0005417,24,18.1,94.4,100,11,7.2,100,yes
STU-0005418,17,7.2,54.9,72.9,7,6.5,56.7,no
STU-0005419,21,5.4,63.9,75.5,12,7.5,61.8,yes
STU-0005420,22,6.1,56.2,57.6,13,5.5,44.2,no
STU-0005421,21,22.3,100,100,12,7.1,95.6,yes
STU-0005422,25,14.9,100,100,10,7.5,100,yes
STU-0005423,22,10.3,73.3,97.8,4,5.7,73.6,yes
STU-0005424,23,13.2,66.8,90.4,6,6.5,74.3,yes
STU-0005425,22,16.0,75.1,85.4,13,9.0,80.3,yes
STU-0005426,18,10.2,84.7,100,8,8.6,81.7,yes
STU-0005427,18,2.5,47.7,22.1,12,8.2,34.6,no
STU-0005428,25,8.0,66.1,58.3,10,6.6,42.9,no
STU-0005429,21,14.5,71.8,64.2,12,7.7,62.3,yes
STU-0005430,18,16.2,69.3,71.5,6,7.3,63.7,yes
STU-0005431,18,1.0,63.1,90.1,7,7.0,54.7,no
STU-0005432,19,16.2,93.7,90.2,13,6.7,83.4,yes
STU-0005433,25,13.1,69.9,84.6,9,8.7,40.3,no
STU-0005434,19,15.9,66.0,90.7,8,6.6,73.5,yes
STU-0005435,18,11.9,79.1,91.5,14,6.1,73.3,yes
STU-0005436,17,1.0,58.6,20,12,6.1,35.5,no
STU-0005437,20,7.4,81.9,86.4,10,6.8,60.9,yes
STU-0005438,18,6.0,68.4,87.1,12,6.1,60.9,yes
STU-0005439,23,18.7,97.6,100,6,9.0,85.7,yes
STU-0005440,20,16.3,87.3,94.8,3,7.2,91.3,yes
STU-0005441,19,12.2,100,100,14,7.3,67.8,yes
STU-0005442,26,1.8,55.1,69.5,12,7.6,61.6,yes
STU-0005443,23,1.0,49.8,48.9,10,6.2,46.4,no
STU-0005444,18,20.1,76.8,100,12,8.5,91.9,yes
STU-0005445,26,14.6,63.7,72.7,11,7.9,69.3,yes
STU-0005446,22,9.3,64.4,66.1,3,7.3,61.5,yes
STU-0005447,19,11.3,78.7,100,14,7.9,84.5,yes
STU-0005448,20,14.2,93.1,100,8,6.9,90.6,yes
STU-0005449,24,10.7,81.2,98.0,4,6.7,73.9,yes
STU-0005450,25,9.2,87.1,88.3,13,7.0,70.9,yes
STU-0005451,18,20.7,80.6,84.4,5,6.9,70.8,yes
STU-0005452,18,5.8,69.3,66.8,9,7.7,62.5,yes
STU-0005453,20,11.2,83.5,100,10,5.6,86.7,yes
STU-0005454,21,10.5,86.2,67.4,4,8.7,84.4,yes
STU-0005455,20,13.6,89.4,100,8,6.5,87.0,yes
STU-0005456,21,18.0,67.6,78.6,8,7.6,79.0,yes
STU-0005457,20,17.2,80.3,100,9,8.7,98.1,yes
STU-0005458,26,20.8,65.9,100,14,8.0,79.1,yes
STU-0005459,19,4.4,75.1,92.3,11,8.3,74.1,yes
STU-0005460,21,6.2,62.5,85.0,6,8.0,70.8,yes
STU-0005461,21,9.8,90.6,86.2,8,5.8,72.9,yes
STU-0005462,26,10.7,61.1,67.3,4,8.1,58.3,no
STU-0005463,17,10.4,80.6,100,14,6.1,82.4,yes
STU-0005464,25,4.5,73.9,82.1,4,6.5,65.9,yes
STU-0005465,24,12.8,96.8,100,12,7.3,92.1,yes
STU-0005466,22,10.6,62.2,56.6,12,6.7,58.1,no
STU-0005467,22,10.9,76.7,89.4,13,5.9,73.8,yes
STU-0005468,21,8.7,69.5,78.2,5,7.4,67.3,yes
STU-0005469,25,3.5,85.2,94.4,6,7.9,77.9,yes
STU-0005470,20,11.4,58.1,88.1,11,7.5,70.7,yes
STU-0005471,18,13.1,73.0,85.1,9,5.3,66.2,yes
STU-0005472,20,16.4,87.8,96.1,6,8.3,92.6,yes
STU-0005473,18,19.3,89.5,100,9,8.8,88.4,yes
STU-0005474,18,21.8,87.5,100,6,9.0,100,yes
STU-0005475,22,5.0,64.8,64.3,9,7.3,58.2,no
STU-0005476,22,14.0,79.7,68.9,4,8.3,67.1,yes
STU-0005477,22,1.5,48.3,34.9,13,6.8,43.2,no
STU-0005478,25,9.2,77.9,90.2,11,8.9,71.6,yes
STU-0005479,18,12.6,70.1,100,10,8.0,82.0,yes
STU-0005480,18,19.7,78.1,100,3,6.8,83.9,yes
STU-0005481,22,16.9,100,100,14,6.2,94.6,yes
STU-0005482,25,1.0,58.4,27.0,3,7.3,45.9,no
STU-0005483,18,1.0,74.1,100,4,6.1,65.2,yes
STU-0005484,25,12.0,89.8,99.5,12,6.8,57.0,no
STU-0005485,19,14.1,65.8,48.4,12,8.6,58.3,no
STU-0005486,26,6.6,76.9,20,7,7.4,43.8,no
STU-0005487,21,8.9,82.7,71.7,13,8.5,80.8,yes
STU-0005488,20,23.5,100,100,13,7.1,100,yes
STU-0005489,20,11.2,97.3,79.8,10,8.5,77.6,yes
STU-0005490,19,14.7,72.2,100,12,6.7,84.0,yes
STU-0005491,20,17.6,82.1,94.2,4,7.6,67.9,yes
STU-0005492,23,14.0,79.1,100,8,6.7,86.0,yes
STU-0005493,21,13.4,96.8,97.8,5,7.5,87.9,yes
STU-0005494,22,8.5,62.1,57.9,9,6.7,47.6,no
STU-0005495,22,7.6,87.3,100,9,7.3,80.0,yes
STU-0005496,21,20.9,78.3,100,4,7.8,87.4,yes
STU-0005497,17,14.3,93.8,90.4,9,8.8,93.6,yes
STU-0005498,18,5.6,73.4,63.4,6,7.3,59.7,no
STU-0005499,19,8.9,53.1,64.1,14,7.2,61.3,yes
STU-0005500,20,13.8,77.5,99.3,12,7.0,83.3,yes
STU-0005501,18,12.1,72.2,83.5,13,5.8,61.3,yes
STU-0005502,22,13.0,80.9,87.3,11,7.3,78.1,yes
STU-0005503,22,9.3,91.7,30.5,14,6.9,50.1,no
STU-0005504,23,14.1,100,100,7,7.9,97.3,yes
STU-0005505,24,16.5,79.6,97.1,12,7.9,85.5,yes
STU-0005506,20,21.1,100,100,6,6.9,94.0,yes
STU-0005507,17,5.5,75.4,63.2,4,7.0,63.6,yes
STU-0005508,20,21.6,87.7,85.7,12,6.6,81.4,yes
STU-0005509,20,7.0,78.0,85.3,11,6.9,67.2,yes
STU-0005510,24,12.6,73.9,99.3,5,9.0,79.4,yes
STU-0005511,19,1.1,77.3,67.0,5,6.5,62.9,yes
STU-0005512,17,15.4,67.7,86.2,4,6.1,73.0,yes
STU-0005513,24,13.2,95.1,100,13,8.0,100,yes
STU-0005514,21,12.4,79.2,100,9,7.7,90.3,yes
STU-0005515,19,5.2,67.5,53.3,6,9.6,61.5,yes
STU-0005516,20,11.3,80.0,87.9,8,5.6,73.3,yes
STU-0005517,17,14.3,68.3,93.0,4,6.1,64.2,yes
STU-0005518,20,12.9,94.8,100,5,7.4,90.6,yes
STU-0005519,26,4.2,35.4,57.1,10,6.0,51.4,no
STU-0005520,25,17.5,92.8,82.1,7,7.0,66.5,yes
STU-0005521,19,11.4,85.2,84.6,13,8.4,89.7,yes
STU-0005522,19,10.5,64.4,89.2,8,7.2,74.4,yes
STU-0005523,19,10.7,83.5,89.8,5,7.1,79.3,yes
STU-0005524,26,5.8,65.1,78.9,3,7.2,79.7,yes
STU-0005525,21,14.1,72.1,66.6,6,6.2,70.4,yes
STU-0005526,26,8.2,65.4,77.8,12,5.9,47.9,no
STU-0005527,24,12.7,75.6,70.4,13,6.1,65.2,yes
STU-0005528,23,12.2,69.3,84.3,8,6.7,74.3,yes
STU-0005529,18,1.0,48.0,65.9,9,5.6,41.5,no
STU-0005530,26,14.5,83.8,81.6,14,7.9,80.8,yes
STU-0005531,19,7.6,69.4,78.3,10,6.2,56.6,no
STU-0005532,18,25.0,75.5,98.4,8,7.0,91.9,yes
STU-0005533,19,16.8,80.2,96.8,12,6.2,75.1,yes
STU-0005534,24,9.3,78.8,75.8,4,7.9,75.9,yes
STU-0005535,21,23.4,88.2,84.1,13,5.9,81.5,yes
STU-0005536,25,16.5,67.3,84.8,6,7.3,71.3,yes
STU-0005537,26,20.5,78.7,98.0,8,6.9,90.0,yes
STU-0005538,20,9.5,67.6,60.1,6,8.4,64.2,yes
STU-0005539,19,12.2,83.0,86.3,9,6.6,80.9,yes
STU-0005540,24,6.9,56.9,87.0,8,6.8,59.1,no
STU-0005541,20,13.1,69.9,57.2,8,6.7,57.8,no
STU-0005542,22,23.9,90.1,100,3,7.5,80.3,yes
STU-0005543,23,14.2,71.5,100,4,8.7,85.5,yes
STU-0005544,18,1.5,62.2,50.1,10,6.5,49.7,no
STU-0005545,19,15.5,88.4,100,13,8.3,91.9,yes
STU-0005546,21,6.9,70.1,56.0,14,7.1,65.4,yes
STU-0005547,19,11.2,69.0,46.8,11,7.3,61.0,yes
STU-0005548,26,19.1,81.9,100,4,7.6,88.1,yes
STU-0005549,20,17.9,80.0,81.4,7,5.9,65.0,yes
STU-0005550,24,8.7,56.6,59.2,7,6.1,49.4,no
STU-0005551,21,7.0,72.1,95.6,4,6.6,76.9,yes
STU-0005552,25,9.1,72.8,93.0,13,5.9,67.8,yes
STU-0005553,21,3.2,58.2,69.0,9,6.0,65.8,yes
STU-0005554,26,13.9,81.3,91.4,14,6.1,75.2,yes
STU-0005555,20,19.3,76.5,100,7,8.0,100,yes
STU-0005556,26,5.3,72.0,87.5,3,6.7,61.9,yes
STU-0005557,17,20.5,99.1,96.2,11,7.0,86.4,yes
STU-0005558,21,22.9,73.6,100,14,6.3,89.6,yes
STU-0005559,25,22.6,97.2,100,11,7.3,77.9,yes
STU-0005560,18,12.1,90.6,70.4,13,7.7,69.1,yes
STU-0005561,18,5.9,75.9,89.1,3,6.1,77.7,yes
STU-0005562,19,3.2,63.1,69.8,11,6.9,62.3,yes
STU-0005563,24,2.7,56.8,77.7,10,7.1,68.1,yes
STU-0005564,21,5.4,69.2,100,8,8.0,72.5,yes
STU-0005565,20,15.5,85.9,80.2,14,7.9,73.5,yes
STU-0005566,18,20.7,80.6,100,14,7.6,98.4,yes
STU-0005567,25,6.8,70.7,76.3,3,7.7,58.6,no
STU-0005568,26,6.4,77.3,61.9,13,6.1,49.8,no
STU-0005569,21,1.0,68.8,67.1,13,8.8,66.6,yes
STU-0005570,22,10.1,99.8,87.7,6,8.7,73.9,yes
STU-0005571,17,23.4,84.3,100,3,8.3,100,yes
STU-0005572,18,12.7,84.5,90.7,14,8.3,82.6,yes
STU-0005573,19,10.4,62.6,74.1,6,6.7,76.1,yes
STU-0005574,26,1.0,63.0,45.1,12,5.8,41.7,no
STU-0005575,19,9.2,78.0,100,14,6.9,97.2,yes
STU-0005576,26,21.6,87.3,100,14,8.3,100,yes
STU-0005577,17,6.0,76.9,90.4,3,6.5,75.3,yes
STU-0005578,19,1.0,35,47.1,4,6.2,35.6,no
STU-0005579,17,9.6,85.3,66.0,12,8.0,65.6,yes
STU-0005580,21,8.5,90.1,89.2,14,7.5,77.0,yes
STU-0005581,17,15.1,100,84.2,5,8.9,82.3,yes
STU-0005582,20,17.6,77.8,100,4,7.5,78.2,yes
STU-0005583,24,13.4,70.9,86.5,14,6.9,69.0,yes
STU-0005584,19,23.6,99.4,100,5,7.5,94.2,yes
STU-0005585,19,6.5,62.1,94.7,12,5.8,67.2,yes
STU-0005586,20,12.6,66.5,67.6,10,7.7,75.3,yes
STU-0005587,26,3.1,84.6,78.8,5,7.8,73.8,yes
STU-0005588,21,14.6,83.3,100,14,7.3,75.0,yes
STU-0005589,21,5.9,80.3,100,13,7.8,78.2,yes
STU-0005590,20,19.8,95.9,86.8,7,8.6,91.1,yes
STU-0005591,23,6.6,83.8,89.7,12,8.2,80.2,yes
STU-0005592,18,5.2,61.4,100,7,6.9,75.9,yes
STU-0005593,23,6.9,72.4,86.2,12,5.7,66.1,yes
STU-0005594,17,9.8,76.5,100,13,6.9,82.3,yes
STU-0005595,19,1.0,43.0,20,10,6.4,29.9,no
STU-0005596,20,1.0,58.4,74.1,6,5.6,51.3,no
STU-0005597,21,1.0,73.0,69.7,11,6.2,64.0,yes
STU-0005598,22,17.1,100,98.5,6,8.3,92.6,yes
STU-0005599,21,15.0,82.8,86.9,10,8.6,89.3,yes
STU-0005600,18,16.4,84.3,100,3,9.2,98.0,yes
STU-0005601,26,6.8,72.7,82.1,14,5.3,60.4,yes
STU-0005602,21,16.9,75.5,84.6,12,7.0,79.2,yes
STU-0005603,22,5.8,63.5,57.0,13,7.3,57.0,no
STU-0005604,21,14.1,90.8,100,7,6.7,81.4,yes
STU-0005605,20,12.1,91.8,72.1,11,6.9,62.4,yes
STU-0005606,20,18.6,58.9,90.8,13,6.6,75.1,yes
STU-0005607,18,13.1,87.1,100,4,8.5,99.2,yes
STU-0005608,26,22.5,83.6,97.4,12,8.5,87.2,yes
STU-0005609,19,9.4,74.6,100,13,7.2,86.7,yes
STU-0005610,24,11.8,82.2,100,12,6.8,84.8,yes
STU-0005611,26,20.2,93.7,88.0,14,8.0,89.0,yes
STU-0005612,24,7.6,77.6,100,7,6.3,81.4,yes
STU-0005613,18,14.1,67.2,89.7,7,7.3,65.6,yes
STU-0005614,19,11.3,95.4,74.0,8,7.3,71.3,yes
STU-0005615,17,11.9,89.7,100,5,5.5,80.7,yes
STU-0005616,20,12.1,88.8,77.7,10,9.2,82.5,yes
STU-0005617,17,7.1,68.6,70.1,8,6.0,59.8,no
STU-0005618,18,1.9,65.2,28.8,6,6.6,43.1,no
STU-0005619,26,6.3,89.0,91.4,12,8.2,71.0,yes
STU-0005620,22,4.6,60.8,75.0,7,6.1,60.5,yes
STU-0005621,25,9.6,61.2,37.6,6,7.1,50.8,no
STU-0005622,19,2.0,59.5,67.5,13,6.3,64.1,yes
STU-0005623,26,6.5,70.9,83.6,4,6.4,71.0,yes
STU-0005624,19,9.3,85.9,92.5,10,8.1,81.4,yes
STU-0005625,23,16.5,97.8,100,11,7.6,71.3,yes
STU-0005626,19,11.6,92.5,74.7,10,6.6,73.7,yes
STU-0005627,23,10.7,79.9,85.2,11,6.2,76.6,yes
STU-0005628,19,3.0,69.8,100,4,7.4,79.8,yes
STU-0005629,19,13.6,75.3,85.3,3,5.9,69.8,yes
STU-0005630,23,13.6,80.2,88.2,9,6.6,78.6,yes
STU-0005631,20,14.0,88.3,100,13,5.3,73.6,yes
STU-0005632,21,14.3,83.4,88.3,14,7.0,80.5,yes
STU-0005633,17,1.0,58.6,66.5,11,6.2,48.6,no
STU-0005634,26,11.8,86.5,60.4,5,8.3,72.2,yes
STU-0005635,25,11.7,91.2,87.1,12,8.0,79.5,yes
STU-0005636,25,18.9,79.6,100.0,4,5.7,84.5,yes
STU-0005637,23,16.7,80.9,75.4,14,6.3,73.5,yes
STU-0005638,17,16.1,64.3,83.9,6,7.3,72.2,yes
STU-0005639,21,13.4,87.7,100,6,6.7,90.9,yes
STU-0005640,18,20.8,82.6,100,5,8.2,86.1,yes
STU-0005641,23,15.7,73.4,80.6,14,8.4,80.4,yes
STU-0005642,18,8.1,78.4,41.8,6,5.4,48.6,no
STU-0005643,22,6.4,78.7,88.0,5,6.8,75.5,yes
STU-0005644,25,11.5,73.9,79.0,11,7.1,74.6,yes
STU-0005645,17,1.0,70.0,69.5,10,6.9,51.4,no
STU-0005646,19,20.9,93.3,100,7,7.5,84.7,yes
STU-0005647,19,10.2,72.7,80.5,14,6.8,75.3,yes
STU-0005648,22,20.9,69.5,100,5,7.1,89.2,yes
STU-0005649,25,4.4,91.5,100,6,8.0,73.2,yes
STU-0005650,19,5.2,72.9,94.4,3,8.3,76.3,yes
STU-0005651,24,1.0,63.5,69.6,5,5.4,45.4,no
STU-0005652,24,11.0,58.9,59.2,4,6.1,53.0,no
STU-0005653,23,7.2,86.9,78.7,13,7.2,75.9,yes
STU-0005654,19,8.6,67.3,77.3,7,4.9,55.1,no
STU-0005655,20,11.6,79.6,100,11,6.7,84.6,yes
STU-0005656,20,10.7,97.7,81.4,3,9.2,85.1,yes
STU-0005657,26,3.1,55.8,89.2,6,7.8,63.6,yes
STU-0005658,20,2.2,51.3,76.9,8,8.0,58.7,no
STU-0005659,21,16.8,70.8,100,6,7.3,91.7,yes
STU-0005660,19,13.3,78.1,100,8,6.9,83.4,yes
STU-0005661,19,12.6,78.6,51.4,9,7.5,60.9,yes
STU-0005662,21,13.2,83.4,100,13,6.6,85.4,yes
STU-0005663,19,8.3,74.7,85.2,9,7.0,70.7,yes
STU-0005664,23,21.8,79.2,96.1,8,7.3,91.8,yes
STU-0005665,21,15.1,79.3,86.2,11,6.0,73.5,yes
STU-0005666,26,4.2,63.3,78.8,5,5.5,50.9,no
STU-0005667,22,10.5,93.2,100,14,7.6,81.6,yes
STU-0005668,20,6.8,78.3,82.0,5,7.3,65.7,yes
STU-0005669,22,24.9,82.4,100,7,6.8,100,yes
STU-0005670,18,16.9,78.8,100,14,7.5,82.2,yes
STU-0005671,17,18.5,68.1,80.2,9,7.8,79.4,yes
STU-0005672,21,19.5,80.0,100,14,6.7,82.0,yes
STU-0005673,23,9.3,79.4,100,5,6.9,82.2,yes
STU-0005674,26,18.2,75.4,100,8,7.0,76.9,yes
STU-0005675,26,14.9,87.8,100,7,7.7,99.1,yes
STU-0005676,20,4.5,74.5,82.0,6,5.8,72.9,yes
STU-0005677,21,19.0,80.7,93.6,4,6.4,80.2,yes
STU-0005678,23,1.0,53.7,28.8,8,5.9,36.4,no
STU-0005679,22,14.9,87.5,91.3,3,7.0,83.6,yes
STU-0005680,22,16.9,80.4,100,5,7.8,90.0,yes
STU-0005681,19,10.4,82.4,82.6,10,7.4,73.3,yes
STU-0005682,19,20.4,97.8,100,11,8.4,87.8,yes
STU-0005683,23,18.8,80.1,87.8,7,9.3,88.8,yes
STU-0005684,18,20.7,93.9,100,11,7.8,100,yes
STU-0005685,21,20.6,85.5,100,13,7.8,81.9,yes
STU-0005686,18,17.2,93.3,86.1,3,8.0,85.5,yes
STU-0005687,20,1.0,80.3,100,5,5.6,68.5,yes
STU-0005688,19,4.9,70.7,82.6,3,6.2,74.0,yes
STU-0005689,23,12.3,94.0,99.8,8,6.9,87.3,yes
STU-0005690,20,11.8,73.7,90.8,6,7.8,77.7,yes
STU-0005691,26,14.4,100,100,11,8.3,90.8,yes
STU-0005692,19,10.1,97.1,100,3,8.1,88.2,yes
STU-0005693,19,2.4,71.4,48.9,11,8.2,63.8,yes
STU-0005694,23,27.4,82.7,83.9,10,7.6,85.2,yes
STU-0005695,24,10.9,72.8,100,9,7.4,91.7,yes
STU-0005696,23,1.7,51.5,71.6,11,5.3,37.9,no
STU-0005697,19,10.4,83.7,91.4,14,7.6,80.5,yes
STU-0005698,19,17.7,99.1,100,6,8.0,83.4,yes
STU-0005699,18,2.1,98.1,100,11,8.1,76.7,yes
STU-0005700,21,5.8,78.1,71.2,13,6.5,55.9,no
STU-0005701,25,14.1,100,100,6,7.3,92.1,yes
STU-0005702,19,12.2,93.9,100,12,6.8,74.7,yes
STU-0005703,17,24.5,100,100,5,6.1,82.3,yes
STU-0005704,25,17.7,95.5,100,6,6.4,86.2,yes
STU-0005705,26,17.9,90.2,100,6,9.1,85.6,yes
STU-0005706,25,23.1,71.1,74.0,9,6.8,71.1,yes
STU-0005707,25,1.0,46.2,41.7,14,6.5,37.9,no
STU-0005708,22,23.0,85.7,100,12,6.5,89.5,yes
STU-0005709,20,16.9,100,100,6,8.3,96.5,yes
STU-0005710,23,22.0,95.6,100,10,6.5,93.5,yes
STU-0005711,20,17.0,98.1,100,7,7.5,93.3,yes
STU-0005712,23,12.8,81.4,93.4,8,6.4,81.5,yes
STU-0005713,18,14.3,94.2,89.8,6,8.4,95.9,yes
STU-0005714,24,13.0,86.8,100,6,7.9,84.5,yes
STU-0005715,17,6.2,64.9,51.0,3,7.7,62.5,yes
STU-0005716,23,9.9,71.2,31.2,11,6.4,48.1,no
STU-0005717,21,13.5,85.9,83.6,7,8.5,80.7,yes
STU-0005718,19,8.6,74.7,84.2,10,9.6,83.0,yes
STU-0005719,19,9.6,60.6,55.7,9,7.0,55.1,no
STU-0005720,20,11.1,58.8,79.4,14,6.3,58.7,no
STU-0005721,20,8.6,82.1,65.5,12,5.8,66.9,yes
STU-0005722,20,4.4,63.8,82.2,12,7.3,71.7,yes
STU-0005723,24,2.3,68.4,77.9,3,8.1,72.5,yes
STU-0005724,17,2.0,80.8,86.6,3,6.8,62.5,yes
STU-0005725,22,15.1,83.7,100,4,7.8,97.9,yes
STU-0005726,24,10.9,73.6,74.9,10,8.1,67.5,yes
STU-0005727,22,3.2,56.3,42.1,14,6.2,43.2,no
STU-0005728,26,12.6,55.8,38.0,8,7.9,58.4,no
STU-0005729,19,7.2,86.6,99.0,10,5.7,82.3,yes
STU-0005730,20,2.8,72.0,38.6,12,6.0,45.4,no
STU-0005731,24,6.9,59.3,59.1,11,6.4,56.4,no
STU-0005732,24,10.6,70.9,91.4,14,9.3,73.4,yes
STU-0005733,19,18.4,84.4,100,3,8.1,92.2,yes
STU-0005734,23,15.8,81.4,100,7,7.6,79.2,yes
STU-0005735,21,8.3,83.3,82.9,6,6.8,73.6,yes
STU-0005736,23,8.2,86.1,65.8,14,7.0,67.2,yes
STU-0005737,25,5.2,74.6,54.8,8,6.4,54.2,no
STU-0005738,21,31.0,100,100,7,7.8,92.4,yes
STU-0005739,23,16.5,67.0,100,14,6.3,78.2,yes
STU-0005740,20,1.0,66.6,62.6,13,6.3,50.5,no
STU-0005741,21,8.3,78.9,92.7,12,7.4,80.9,yes
STU-0005742,19,16.2,89.4,90.5,9,6.6,74.2,yes
STU-0005743,26,16.6,65.7,100,9,6.7,85.2,yes
STU-0005744,18,1.0,76.7,63.8,14,6.0,54.3,no
STU-0005745,26,10.1,72.1,93.0,8,6.7,69.6,yes
STU-0005746,23,10.5,72.6,94.9,12,5.9,76.9,yes
STU-0005747,21,6.5,85.4,82.6,9,8.1,84.7,yes
STU-0005748,18,7.7,78.0,82.6,7,7.8,69.0,yes
STU-0005749,19,14.3,57.5,64.9,11,7.0,65.8,yes
STU-0005750,18,8.7,81.4,100,8,7.1,83.2,yes
STU-0005751,21,7.8,74.2,48.1,6,7.1,55.7,no
STU-0005752,18,6.8,62.0,49.8,11,6.9,56.2,no
STU-0005753,24,1.0,69.5,66.7,12,6.7,51.6,no
STU-0005754,19,12.7,88.8,100,11,6.6,79.2,yes
STU-0005755,24,15.8,81.1,84.5,6,7.1,88.6,yes
STU-0005756,25,1.0,75.5,88.5,14,6.7,67.7,yes
STU-0005757,21,3.7,73.5,71.8,5,5.1,58.8,no
STU-0005758,25,8.4,55.0,53.7,7,6.5,49.5,no
STU-0005759,18,21.0,63.5,42.5,13,6.8,66.2,yes
STU-0005760,23,13.8,100,100,6,7.4,83.3,yes
STU-0005761,20,6.8,67.5,69.1,9,6.4,42.2,no
STU-0005762,23,23.2,87.2,100,5,7.3,91.8,yes
STU-0005763,18,25.7,90.0,100,6,8.0,92.5,yes
STU-0005764,19,21.1,68.6,67.9,13,6.8,69.9,yes
STU-0005765,20,6.0,70.9,35.3,8,6.7,50.2,no
STU-0005766,19,8.9,55.2,52.2,3,7.0,49.5,no
STU-0005767,24,5.2,72.3,90.0,9,6.4,77.1,yes
STU-0005768,26,9.2,92.0,100,6,7.6,83.6,yes
STU-0005769,19,13.7,77.6,100,12,8.0,90.6,yes
STU-0005770,20,17.0,86.2,100,11,7.2,84.8,yes
STU-0005771,25,21.8,77.4,100,6,6.9,96.9,yes
STU-0005772,20,16.5,93.7,100,8,7.6,86.1,yes
STU-0005773,20,13.9,76.3,95.3,9,5.4,72.2,yes
STU-0005774,19,12.6,100,100,8,7.2,96.1,yes
STU-0005775,22,12.7,88.1,100,9,7.0,86.1,yes
STU-0005776,19,20.6,98.4,96.5,11,7.3,95.2,yes
STU-0005777,21,13.4,76.1,100,11,9.1,88.4,yes
STU-0005778,26,3.1,67.6,75.3,13,6.8,56.8,no
STU-0005779,18,7.1,73.5,93.0,14,6.7,78.6,yes
STU-0005780,21,12.5,76.7,66.1,12,6.5,65.1,yes
STU-0005781,17,7.6,75.5,86.1,11,6.2,76.5,yes
STU-0005782,26,1.0,44.2,66.6,7,7.0,52.8,no
STU-0005783,23,10.8,74.4,69.7,13,7.5,68.8,yes
STU-0005784,22,14.2,96.6,70.2,4,6.7,79.2,yes
STU-0005785,22,1.0,64.3,53.4,10,7.0,53.8,no
STU-0005786,22,7.4,66.7,53.0,9,6.8,46.3,no
STU-0005787,18,5.7,87.4,81.9,10,6.4,64.5,yes
STU-0005788,21,10.8,78.3,89.5,14,7.8,75.4,yes
STU-0005789,19,1.4,71.9,44.1,3,6.9,64.9,yes
STU-0005790,21,11.8,82.1,99.6,7,8.5,91.0,yes
STU-0005791,18,14.0,58.7,78.1,10,7.5,67.5,yes
STU-0005792,26,16.3,94.5,95.1,5,7.8,76.0,yes
STU-0005793,23,7.8,65.5,77.3,10,6.7,64.7,yes
STU-0005794,20,15.1,100.0,100,11,7.8,91.6,yes
STU-0005795,21,11.4,82.0,78.0,10,6.5,73.4,yes
STU-0005796,19,1.0,66.7,49.5,4,8.2,53.7,no
STU-0005797,20,11.2,81.2,97.1,13,7.2,87.7,yes
STU-0005798,17,8.9,80.7,83.2,10,7.1,75.4,yes
STU-0005799,26,1.0,57.2,28.4,6,6.4,45.3,no
STU-0005800,26,6.8,71.6,75.5,13,6.7,63.9,yes
STU-0005801,18,4.8,65.1,36.8,5,6.5,44.8,no
STU-0005802,18,10.7,66.0,81.5,5,6.8,68.8,yes
STU-0005803,19,7.8,73.7,92.7,4,5.4,68.6,yes
STU-0005804,20,12.2,69.3,87.0,3,7.7,67.6,yes
STU-0005805,20,17.6,81.7,100,13,7.9,89.2,yes
STU-0005806,22,4.0,54.2,99.0,5,6.4,67.6,yes
STU-0005807,21,17.8,100,98.0,6,8.3,86.7,yes
STU-0005808,18,6.0,66.8,80.5,4,7.8,74.6,yes
STU-0005809,20,15.1,94.3,100,7,7.2,100,yes
STU-0005810,26,12.3,83.9,67.1,13,5.5,63.2,yes
STU-0005811,24,8.0,45.6,41.2,14,8.0,50.2,no
STU-0005812,18,17.4,80.4,51.8,4,7.3,60.5,yes
STU-0005813,25,1.0,71.1,89.3,9,7.3,72.5,yes
STU-0005814,18,11.8,79.9,95.7,9,7.7,75.1,yes
STU-0005815,21,9.1,70.7,81.8,9,6.6,66.7,yes
STU-0005816,20,1.0,68.2,45.6,9,7.2,34.1,no
STU-0005817,23,6.4,76.0,84.5,7,7.3,81.2,yes
STU-0005818,18,17.8,94.0,98.7,11,6.9,86.5,yes
STU-0005819,20,18.0,72.1,81.0,3,5.7,65.0,yes
STU-0005820,23,9.5,58.4,37.1,9,6.6,51.6,no
STU-0005821,17,16.4,100,95.2,14,7.4,81.7,yes
STU-0005822,17,10.1,58.6,39.8,10,7.4,50.2,no
STU-0005823,21,11.1,75.3,79.0,11,7.1,80.5,yes
STU-0005824,19,4.1,64.5,91.2,9,6.6,77.9,yes
STU-0005825,19,12.9,66.9,64.4,8,7.1,64.5,yes
STU-0005826,25,14.3,88.7,89.7,13,9.7,86.5,yes
STU-0005827,25,1.0,70.4,64.4,12,6.4,65.2,yes
STU-0005828,18,9.6,61.8,58.8,8,8.0,55.4,no
STU-0005829,22,1.2,72.1,54.2,13,7.9,48.3,no
STU-0005830,25,1.0,95.5,82.9,9,7.3,85.5,yes
STU-0005831,18,7.7,94.4,83.7,5,7.2,73.5,yes
STU-0005832,21,9.6,80.2,85.1,9,7.9,82.1,yes
STU-0005833,25,2.6,68.8,72.4,7,6.9,64.9,yes
STU-0005834,25,2.1,55.2,76.4,7,5.0,50.4,no
STU-0005835,25,12.6,78.1,66.1,5,6.9,61.7,yes
STU-0005836,18,15.9,73.4,86.1,5,8.0,79.3,yes
STU-0005837,18,26.5,90.6,87.8,12,6.7,93.6,yes
STU-0005838,22,9.4,78.8,100,13,7.8,80.3,yes
STU-0005839,20,16.7,91.3,95.4,9,8.1,100,yes
STU-0005840,23,20.5,97.0,100,9,8.3,95.8,yes
STU-0005841,20,14.5,72.0,100,10,6.3,94.3,yes
STU-0005842,20,16.2,93.6,92.5,13,6.3,79.1,yes
STU-0005843,20,12.1,85.4,91.4,13,5.2,79.9,yes
STU-0005844,21,23.6,90.6,100,3,7.9,66.4,yes
STU-0005845,20,15.0,80.9,100,9,6.3,78.5,yes
STU-0005846,17,18.8,70.5,100,4,6.5,82.2,yes
STU-0005847,17,25.5,100,100,12,7.7,87.7,yes
STU-0005848,21,18.9,87.5,100,10,8.2,83.4,yes
STU-0005849,19,25.4,100,100,4,6.8,98.2,yes
STU-0005850,24,16.1,89.8,100,7,8.1,90.8,yes
STU-0005851,20,14.0,76.9,90.7,5,8.8,93.7,yes
STU-0005852,17,26.0,85.8,100,12,8.2,84.9,yes
STU-0005853,20,4.2,64.7,98.6,8,7.2,66.7,yes
STU-0005854,25,11.8,95.0,100,13,7.1,79.9,yes
STU-0005855,26,11.0,84.7,100,12,8.0,92.7,yes
STU-0005856,21,3.5,59.0,86.6,6,9.0,73.3,yes
STU-0005857,19,2.9,77.3,96.9,3,6.1,89.6,yes
STU-0005858,17,18.1,98.8,100,5,7.8,90.4,yes
STU-0005859,23,5.2,58.3,54.4,9,9.2,67.7,yes
STU-0005860,17,8.7,65.6,89.5,12,7.6,68.6,yes
STU-0005861,23,18.2,100,100,5,8.8,95.2,yes
STU-0005862,24,26.5,98.0,89.0,11,6.9,79.3,yes
STU-0005863,19,10.5,68.8,73.9,11,8.0,73.0,yes
STU-0005864,19,10.2,91.6,100,6,7.8,73.0,yes
STU-0005865,24,2.9,59.9,46.1,5,6.6,44.9,no
STU-0005866,20,13.7,73.9,100,13,7.7,93.2,yes
STU-0005867,19,7.0,81.9,100,5,6.8,69.3,yes
STU-0005868,18,1.0,58.3,58.7,12,7.3,39.8,no
STU-0005869,18,23.2,82.0,100,14,7.3,80.4,yes
STU-0005870,20,1.0,66.4,62.5,13,5.4,44.8,no
STU-0005871,21,10.3,70.3,74.4,9,7.4,67.5,yes
STU-0005872,22,3.9,84.7,40.5,11,7.6,56.7,no
STU-0005873,19,8.0,66.3,62.5,10,8.4,64.9,yes
STU-0005874,18,1.6,73.0,75.6,13,8.2,59.6,no
STU-0005875,18,11.8,71.9,100,14,7.1,77.2,yes
STU-0005876,26,15.2,68.1,72.0,8,6.4,63.3,yes
STU-0005877,17,1.0,62.9,54.1,9,5.8,54.5,no
STU-0005878,19,1.0,69.1,66.2,10,7.9,56.6,no
STU-0005879,19,1.9,77.9,88.5,11,6.3,74.7,yes
STU-0005880,21,17.0,52.2,74.7,8,6.2,58.8,no
STU-0005881,24,9.3,79.3,94.9,10,7.4,74.5,yes
STU-0005882,21,4.5,84.1,89.2,14,8.1,80.5,yes
STU-0005883,22,12.6,83.8,99.7,9,8.0,94.6,yes
STU-0005884,21,10.2,90.9,90.1,9,7.2,84.3,yes
STU-0005885,20,10.6,91.4,82.0,14,6.3,78.5,yes
STU-0005886,20,24.8,65.9,91.1,12,6.1,85.7,yes
STU-0005887,23,19.5,77.1,74.1,8,6.9,66.2,yes
STU-0005888,18,1.0,56.7,38.2,7,6.6,32.2,no
STU-0005889,20,15.5,95.3,97.4,9,8.4,93.2,yes
STU-0005890,21,8.5,75.5,31.8,4,4.9,45.8,no
STU-0005891,20,13.7,81.5,100,4,6.5,77.6,yes
STU-0005892,25,13.2,97.0,100,6,8.5,89.0,yes
STU-0005893,19,18.4,85.8,100,4,7.7,98.9,yes
STU-0005894,18,9.2,77.7,100,9,7.9,77.0,yes
STU-0005895,25,1.0,60.9,34.1,13,5.9,37.6,no
STU-0005896,20,4.5,61.4,79.3,4,5.9,62.6,yes
STU-0005897,17,14.5,83.7,77.1,11,4.6,70.0,yes
STU-0005898,19,8.6,85.7,100,10,8.5,85.2,yes
STU-0005899,19,20.4,84.0,99.4,7,6.1,82.8,yes
STU-0005900,24,9.6,76.2,100,6,6.4,72.0,yes
STU-0005901,18,17.6,85.6,100,5,7.0,84.7,yes
STU-0005902,19,4.5,69.7,100,7,5.6,91.3,yes
STU-0005903,24,2.0,83.4,44.0,11,6.1,55.9,no
STU-0005904,17,1.0,50.3,44.5,7,6.4,51.4,no
STU-0005905,22,4.2,68.8,83.4,7,6.6,69.1,yes
STU-0005906,21,3.1,69.2,81.0,4,6.2,66.0,yes
STU-0005907,18,1.0,45.2,79.3,14,4.8,56.4,no
STU-0005908,18,3.0,52.0,69.1,7,6.6,44.4,no
STU-0005909,20,18.4,81.9,89.5,14,9.1,94.2,yes
STU-0005910,24,25.6,75.5,100,14,7.6,94.7,yes
STU-0005911,23,5.5,65.1,60.2,5,6.2,49.2,no
STU-0005912,25,7.6,69.0,96.3,9,7.1,78.9,yes
STU-0005913,17,1.0,58.4,50.9,9,6.5,47.6,no
STU-0005914,20,8.6,70.9,74.9,3,6.1,53.8,no
STU-0005915,23,9.1,78.2,89.1,6,7.1,65.6,yes
STU-0005916,19,11.7,79.3,86.0,9,6.6,76.6,yes
STU-0005917,25,11.2,63.2,39.9,6,6.7,53.6,no
STU-0005918,21,7.8,84.2,62.6,3,7.5,64.5,yes
STU-0005919,22,8.8,72.7,53.0,8,6.7,52.9,no
STU-0005920,17,12.5,79.7,100,3,8.8,96.9,yes
STU-0005921,22,18.1,88.3,99.6,3,7.1,95.3,yes
STU-0005922,17,3.9,56.9,44.7,9,6.1,42.1,no
STU-0005923,23,12.9,56.4,80.9,6,5.7,66.2,yes
STU-0005924,18,15.0,71.2,78.8,4,5.2,63.4,yes
STU-0005925,23,11.0,85.4,86.1,3,7.0,75.3,yes
STU-0005926,26,11.0,95.9,100,10,6.8,78.6,yes
STU-0005927,17,15.1,79.6,73.4,4,6.6,67.5,yes
STU-0005928,17,15.2,100,96.9,14,8.9,88.4,yes
STU-0005929,24,12.7,67.4,84.4,11,8.8,64.9,yes
STU-0005930,18,19.8,85.7,100,9,8.5,92.2,yes
STU-0005931,20,9.2,58.3,55.0,11,7.2,49.9,no
STU-0005932,21,10.4,73.0,100,14,6.6,84.3,yes
STU-0005933,20,16.1,92.3,97.2,5,6.8,87.6,yes
STU-0005934,18,16.7,93.9,100,13,8.8,57.8,no
STU-0005935,21,2.8,51.6,27.3,10,5.8,43.5,no
STU-0005936,19,1.0,58.8,35.9,14,6.6,52.6,no
STU-0005937,21,1.6,86.2,67.8,3,5.8,68.2,yes
STU-0005938,24,15.2,93.9,100,4,7.6,83.8,yes
STU-0005939,18,8.4,71.6,30.7,7,6.3,41.8,no
STU-0005940,19,18.1,89.4,100,3,9.2,97.5,yes
STU-0005941,24,14.4,69.1,81.6,8,7.3,65.0,yes
STU-0005942,23,15.1,69.7,90.8,7,7.0,74.4,yes
STU-0005943,23,1.0,55.7,40.8,14,6.2,49.4,no
STU-0005944,17,18.6,79.0,84.0,12,7.8,78.6,yes
STU-0005945,19,12.8,84.5,78.2,8,7.2,80.6,yes
STU-0005946,20,14.2,80.3,100,12,7.3,79.9,yes
STU-0005947,23,2.9,63.5,69.6,4,7.8,73.8,yes
STU-0005948,18,15.4,93.6,100,6,6.5,80.6,yes
STU-0005949,23,18.5,82.5,88.9,6,7.7,80.0,yes
STU-0005950,21,12.1,83.9,90.0,12,8.2,96.8,yes
STU-0005951,19,9.3,76.8,78.5,5,4.9,58.3,no
STU-0005952,22,11.9,86.2,72.9,13,8.0,70.3,yes
STU-0005953,22,16.0,86.0,83.7,13,7.9,64.6,yes
STU-0005954,24,18.9,87.7,100,7,8.1,91.9,yes
STU-0005955,18,9.0,90.2,61.6,14,6.5,65.1,yes
STU-0005956,20,1.0,68.9,23.8,11,6.4,36.4,no
STU-0005957,26,1.0,87.7,97.4,11,7.2,82.3,yes
STU-0005958,18,3.0,79.2,72.2,5,7.3,55.6,no
STU-0005959,21,4.5,61.9,60.7,4,6.8,55.1,no
STU-0005960,24,1.5,62.7,37.8,13,4.9,49.6,no
STU-0005961,22,12.8,95.2,100,12,6.0,81.9,yes
STU-0005962,18,1.0,70.3,65.6,5,6.8,61.0,yes
STU-0005963,19,11.5,64.1,82.3,3,5.8,66.9,yes
STU-0005964,18,7.7,69.9,72.6,9,7.2,66.1,yes
STU-0005965,25,16.4,83.7,72.9,9,7.5,73.1,yes
STU-0005966,18,11.3,64.6,81.9,10,7.0,56.9,no
STU-0005967,21,9.7,74.2,69.7,7,6.7,56.8,no
STU-0005968,19,17.1,93.9,100,7,9.0,100.0,yes
STU-0005969,22,19.3,100,89.4,6,7.8,78.2,yes
STU-0005970,19,25.1,80.4,100,3,7.3,100,yes
STU-0005971,25,9.7,76.7,83.2,10,5.9,65.7,yes
STU-0005972,19,6.5,69.1,44.9,7,7.5,51.2,no
STU-0005973,26,7.0,69.7,84.9,10,6.7,70.0,yes
STU-0005974,21,18.7,98.0,100,7,6.5,96.1,yes
STU-0005975,19,15.7,64.9,63.1,10,7.5,65.2,yes
STU-0005976,20,21.9,78.3,100,8,8.9,90.6,yes
STU-0005977,24,19.4,69.5,69.9,9,8.9,77.0,yes
STU-0005978,20,19.8,54.4,71.3,14,7.1,67.6,yes
STU-0005979,19,8.9,55.8,92.8,6,6.4,74.0,yes
STU-0005980,18,13.3,76.4,62.1,13,7.4,67.1,yes
STU-0005981,17,4.1,60.1,100,13,7.4,75.4,yes
STU-0005982,21,10.9,66.0,80.3,9,4.6,63.2,yes
STU-0005983,21,14.1,77.4,88.8,12,6.6,79.7,yes
STU-0005984,19,7.9,69.5,71.4,7,7.4,73.2,yes
STU-0005985,24,25.5,100,100,9,7.7,100,yes
STU-0005986,21,1.0,60.8,59.1,3,5.5,49.4,no
STU-0005987,20,12.9,70.7,93.0,13,7.6,61.9,yes
STU-0005988,19,9.6,81.3,76.5,9,7.5,77.5,yes
STU-0005989,17,17.0,81.5,58.3,13,8.0,69.6,yes
STU-0005990,17,1.5,73.3,57.4,10,6.0,52.5,no
STU-0005991,23,22.2,100,100,12,8.1,91.7,yes
STU-0005992,18,7.8,87.6,73.7,14,7.4,66.1,yes
STU-0005993,18,14.4,68.1,78.5,11,7.1,64.3,yes
STU-0005994,26,18.3,100,81.1,7,5.8,72.9,yes
STU-0005995,22,8.7,54.4,76.0,8,7.0,50.8,no
STU-0005996,23,17.7,73.1,100,4,6.2,71.7,yes
STU-0005997,21,1.0,47.6,26.8,13,6.8,34.1,no
STU-0005998,18,3.8,67.0,72.0,12,8.2,62.4,yes
STU-0005999,18,9.4,69.0,68.8,6,6.7,54.2,no
STU-0006000,25,14.5,80.3,100,12,7.9,87.5,yes
STU-0006001,21,11.2,71.2,73.3,9,7.6,68.4,yes
STU-0006002,18,21.0,70.9,100,13,7.5,100,yes
STU-0006003,24,4.4,54.8,56.1,13,7.6,60.1,yes
STU-0006004,24,14.7,88.1,94.2,9,8.5,73.9,yes
STU-0006005,18,4.5,71.5,86.7,4,7.3,72.9,yes
STU-0006006,19,11.5,51.7,87.8,13,5.5,51.8,no
STU-0006007,23,6.7,57.7,67.2,13,5.7,55.3,no
STU-0006008,19,17.2,73.0,86.4,5,6.0,76.8,yes
STU-0006009,21,4.1,76.5,71.3,12,6.8,57.6,no
STU-0006010,19,4.0,73.0,80.9,10,8.9,71.6,yes
STU-0006011,19,21.2,90.4,99.8,12,6.7,84.5,yes
STU-0006012,21,5.0,74.2,60.5,14,7.6,59.0,no
STU-0006013,17,5.9,61.8,58.3,8,7.5,55.2,no
STU-0006014,18,13.8,52.8,87.9,8,5.6,58.2,no
STU-0006015,26,7.2,72.2,85.4,13,6.8,71.9,yes
STU-0006016,18,14.8,82.3,93.3,10,6.9,77.9,yes
STU-0006017,26,9.8,90.8,100,9,6.6,83.8,yes
STU-0006018,17,9.0,66.7,51.4,7,6.6,33.5,no
STU-0006019,26,10.8,72.2,45.9,14,5.0,43.9,no
STU-0006020,19,11.0,91.5,87.8,6,7.9,67.5,yes
STU-0006021,20,7.6,82.6,100,13,7.9,78.9,yes
STU-0006022,25,22.2,79.6,100,6,7.6,91.0,yes
STU-0006023,23,8.2,63.5,53.0,8,8.3,55.5,no
STU-0006024,20,1.5,77.6,48.8,10,7.4,62.9,yes
STU-0006025,20,10.7,72.4,57.8,11,7.9,66.8,yes
STU-0006026,24,8.3,59.9,73.2,4,8.4,63.3,yes
STU-0006027,18,20.7,76.8,79.0,10,6.3,74.9,yes
STU-0006028,18,1.0,52.8,69.3,13,7.5,45.0,no
STU-0006029,26,10.2,91.7,100,12,8.7,76.3,yes
STU-0006030,25,13.8,51.8,66.9,12,6.0,53.6,no
STU-0006031,17,7.2,89.4,80.0,7,7.4,72.1,yes
STU-0006032,17,2.7,63.5,55.9,3,7.5,42.2,no
STU-0006033,26,13.7,62.1,81.7,3,6.7,66.4,yes
STU-0006034,18,25.1,96.3,100,3,6.7,87.7,yes
STU-0006035,23,13.9,77.1,68.1,5,6.7,71.2,yes
STU-0006036,23,20.0,79.8,100,14,8.4,100,yes
STU-0006037,18,1.0,59.5,53.5,10,7.4,44.1,no
STU-0006038,20,22.0,92.5,100,7,7.2,94.0,yes
STU-0006039,20,21.5,87.1,79.0,11,8.3,86.9,yes
STU-0006040,21,13.7,95.0,84.0,5,7.7,69.0,yes
STU-0006041,22,7.3,77.1,62.9,10,6.9,65.2,yes
STU-0006042,19,14.5,86.7,76.8,7,7.2,68.4,yes
STU-0006043,24,1.0,68.2,78.8,5,7.3,76.5,yes
STU-0006044,18,10.3,71.3,92.3,11,7.7,86.4,yes
STU-0006045,20,7.5,56.9,85.5,9,6.3,56.7,no
STU-0006046,26,12.2,81.5,94.6,9,6.3,81.3,yes
STU-0006047,20,10.0,88.1,100,6,6.7,94.7,yes
STU-0006048,18,12.2,68.3,100,12,7.4,87.6,yes
STU-0006049,18,18.9,75.2,89.9,12,8.0,72.5,yes
STU-0006050,20,6.4,69.7,96.0,10,7.1,86.2,yes
STU-0006051,20,20.9,91.2,100,13,7.1,92.6,yes
STU-0006052,21,18.2,81.6,93.6,10,6.3,87.6,yes
STU-0006053,19,9.9,73.9,87.6,7,6.8,86.5,yes
STU-0006054,26,17.7,91.5,100,12,8.1,88.4,yes
STU-0006055,20,15.6,82.4,96.5,5,6.7,80.2,yes
STU-0006056,24,3.4,70.9,60.3,5,7.8,61.6,yes
STU-0006057,26,5.5,68.3,56.4,3,5.7,64.5,yes
STU-0006058,21,7.4,66.8,100,3,7.0,67.2,yes
STU-0006059,25,20.4,99.0,100,4,7.3,86.0,yes
STU-0006060,20,6.4,65.6,65.1,7,8.6,63.8,yes
STU-0006061,23,7.5,72.3,67.3,6,5.9,61.4,yes
STU-0006062,25,9.4,86.1,99.4,13,6.0,72.1,yes
STU-0006063,18,6.4,66.8,100,14,5.7,78.4,yes
STU-0006064,18,13.9,97.7,100,5,8.2,92.6,yes
STU-0006065,18,5.4,78.9,97.5,11,7.4,81.2,yes
STU-0006066,24,15.4,60.2,100,4,7.4,76.5,yes
STU-0006067,24,6.0,60.9,74.6,13,6.8,67.3,yes
STU-0006068,17,17.8,73.3,75.9,12,9.4,75.0,yes
STU-0006069,26,11.8,92.3,100,9,6.8,79.6,yes
STU-0006070,18,22.4,89.4,87.8,11,7.6,94.8,yes
STU-0006071,18,4.4,73.0,66.6,5,6.6,55.6,no
STU-0006072,20,7.6,66.8,99.8,8,7.0,72.3,yes
STU-0006073,22,10.1,66.4,77.4,11,7.7,76.7,yes
STU-0006074,21,4.3,72.5,89.4,9,7.3,62.1,yes
STU-0006075,25,14.4,100,100,3,6.5,82.6,yes
STU-0006076,22,18.4,82.8,89.9,12,7.2,68.9,yes
STU-0006077,23,12.3,74.0,66.3,12,7.9,80.5,yes
STU-0006078,21,6.9,72.8,75.7,3,7.4,59.4,no
STU-0006079,18,10.8,78.8,91.7,12,7.4,75.8,yes
STU-0006080,22,6.3,74.0,84.9,8,5.4,63.6,yes
STU-0006081,20,14.8,74.7,94.0,10,6.5,90.4,yes
STU-0006082,25,8.2,73.2,99.0,10,6.1,70.8,yes
STU-0006083,20,19.1,80.0,96.4,5,8.4,88.2,yes
STU-0006084,22,20.5,79.6,82.4,6,8.8,87.2,yes
STU-0006085,17,4.7,82.2,56.8,5,7.6,67.6,yes
STU-0006086,26,4.0,68.7,20,7,7.7,35.8,no
STU-0006087,23,14.2,88.6,100,7,6.2,79.5,yes
STU-0006088,26,7.0,85.7,90.8,13,6.6,81.0,yes
STU-0006089,24,19.4,92.9,86.8,5,7.2,87.5,yes
STU-0006090,18,2.4,68.3,55.7,10,7.8,66.2,yes
STU-0006091,21,33.0,73.1,88.8,9,5.7,83.1,yes
STU-0006092,21,2.7,68.8,35.3,12,6.8,43.4,no
STU-0006093,18,5.9,68.1,41.9,7,7.2,52.4,no
STU-0006094,20,14.6,75.0,93.2,7,7.8,78.7,yes
STU-0006095,21,4.6,89.1,100,6,6.0,75.1,yes
STU-0006096,17,4.1,95.2,91.6,3,8.3,80.0,yes
STU-0006097,18,16.3,78.5,78.2,5,7.8,79.9,yes
STU-0006098,19,11.1,83.6,100,12,7.6,81.2,yes
STU-0006099,23,1.4,71.3,90.1,5,5.9,64.6,yes
STU-0006100,20,1.0,56.5,36.9,9,7.1,41.6,no
STU-0006101,17,3.1,42.8,52.0,12,6.9,28.5,no
STU-0006102,24,14.0,64.4,77.7,13,6.0,76.6,yes
STU-0006103,26,12.7,92.5,100,13,8.2,92.4,yes
STU-0006104,23,9.7,74.3,84.7,3,7.4,55.3,no
STU-0006105,21,13.9,57.4,75.8,11,5.7,57.8,no
STU-0006106,25,19.7,100,100,8,7.2,89.0,yes
STU-0006107,24,5.7,61.1,70.7,8,6.6,62.0,yes
STU-0006108,22,3.2,72.4,71.6,7,7.9,60.6,yes
STU-0006109,24,6.3,77.6,80.9,14,7.7,79.2,yes
STU-0006110,22,8.7,76.3,66.0,9,7.4,64.3,yes
STU-0006111,19,6.1,55.5,67.8,8,5.1,45.6,no
STU-0006112,23,7.9,77.5,70.4,13,7.6,72.0,yes
STU-0006113,26,10.7,74.2,100,10,6.9,75.7,yes
STU-0006114,20,16.6,87.3,100,5,8.9,100,yes
STU-0006115,21,7.6,83.2,100,5,5.8,77.6,yes
STU-0006116,21,1.4,58.7,54.7,5,5.4,45.7,no
STU-0006117,24,7.6,83.0,92.5,8,8.2,92.9,yes
STU-0006118,24,10.4,87.5,100,3,7.3,78.4,yes
STU-0006119,22,14.8,74.0,68.7,13,7.8,64.1,yes
STU-0006120,18,9.4,70.5,51.5,11,6.4,55.2,no
STU-0006121,20,6.4,57.7,66.5,5,7.1,51.9,no
STU-0006122,23,2.9,60.5,49.3,10,5.2,55.8,no
STU-0006123,24,12.3,80.3,100,5,8.0,88.6,yes
STU-0006124,19,11.4,73.5,80.1,10,6.3,67.5,yes
STU-0006125,21,1.0,52.5,73.6,6,6.7,64.7,yes
STU-0006126,20,12.4,84.8,97.7,11,7.1,85.8,yes
STU-0006127,23,1.0,68.5,84.4,13,6.5,63.0,yes
STU-0006128,23,4.5,67.9,89.1,13,7.9,73.5,yes
STU-0006129,23,17.3,69.8,100,8,6.6,83.5,yes
STU-0006130,20,24.6,96.0,100,4,8.3,100,yes
STU-0006131,18,1.0,65.8,52.5,11,7.0,46.4,no
STU-0006132,26,5.4,67.5,76.2,8,7.9,55.6,no
STU-0006133,26,17.0,73.5,56.9,3,7.5,77.7,yes
STU-0006134,21,14.0,84.7,91.2,11,6.5,72.7,yes
STU-0006135,22,8.4,60.5,61.8,10,7.5,48.1,no
STU-0006136,17,6.4,70.3,100,4,5.7,72.7,yes
STU-0006137,17,1.0,64.6,80.9,12,8.3,71.2,yes
STU-0006138,23,6.9,72.6,64.7,10,7.7,61.9,yes
STU-0006139,18,10.4,83.2,82.2,11,8.6,71.7,yes
STU-0006140,21,15.5,92.9,100,13,7.3,80.5,yes
STU-0006141,26,16.6,89.3,100,14,8.0,84.1,yes
STU-0006142,21,12.7,77.4,48.3,9,7.2,57.3,no
STU-0006143,26,14.9,80.8,93.5,14,8.5,80.0,yes
STU-0006144,21,35.5,100.0,100,10,7.2,96.9,yes
STU-0006145,26,17.7,93.9,89.8,11,7.4,90.1,yes
STU-0006146,18,4.9,78.6,87.6,14,5.5,51.0,no
STU-0006147,18,8.8,55.4,49.0,7,7.8,60.6,yes
STU-0006148,25,14.9,85.1,74.0,7,5.8,63.4,yes
STU-0006149,21,1.1,71.3,77.5,12,6.3,72.2,yes
STU-0006150,20,13.6,83.1,91.5,3,7.0,67.1,yes
STU-0006151,19,1.0,59.9,100,10,6.3,78.2,yes
STU-0006152,20,6.0,73.3,61.2,13,7.0,67.9,yes
STU-0006153,19,3.9,63.6,32.7,13,5.6,39.0,no
STU-0006154,17,3.5,84.8,99.3,10,6.9,81.1,yes
STU-0006155,21,8.3,61.4,100,10,7.3,71.8,yes
STU-0006156,19,11.7,64.8,64.1,6,7.1,57.1,no
STU-0006157,21,5.6,64.8,57.8,6,8.3,51.8,no
STU-0006158,23,11.5,60.5,79.5,14,8.6,69.4,yes
STU-0006159,20,20.1,83.2,81.0,11,6.5,84.4,yes
STU-0006160,20,13.9,66.1,87.0,12,7.1,71.9,yes
STU-0006161,26,8.5,62.8,51.2,11,8.3,55.8,no
STU-0006162,19,7.9,89.7,80.3,11,7.2,82.5,yes
STU-0006163,18,10.7,67.2,81.1,3,7.5,72.9,yes
STU-0006164,21,6.8,92.1,100,5,7.3,62.1,yes
STU-0006165,21,1.0,62.8,27.8,5,6.6,37.8,no
STU-0006166,25,14.4,95.9,100,10,7.7,93.9,yes
STU-0006167,22,11.0,48.9,76.7,3,8.1,67.1,yes
STU-0006168,21,1.0,61.7,30.8,7,8.0,44.3,no
STU-0006169,18,11.5,76.1,80.7,10,6.8,76.3,yes
STU-0006170,26,4.2,53.1,78.3,13,5.7,56.6,no
STU-0006171,21,21.0,91.8,95.5,10,8.5,83.2,yes
STU-0006172,21,16.8,84.9,81.6,10,5.9,73.9,yes
STU-0006173,20,20.2,100,100,6,7.2,89.7,yes
STU-0006174,18,13.3,74.6,79.2,5,7.5,66.2,yes
STU-0006175,21,16.6,64.6,72.7,7,6.4,61.9,yes
STU-0006176,24,27.0,82.2,100,3,5.4,86.2,yes
STU-0006177,23,10.1,78.1,77.5,8,6.1,63.1,yes
STU-0006178,17,22.5,86.4,87.3,8,8.7,85.9,yes
STU-0006179,18,4.4,67.2,42.3,4,6.3,42.1,no
STU-0006180,20,17.0,74.0,88.3,10,7.5,84.3,yes
STU-0006181,20,20.2,97.7,100,5,8.4,93.7,yes
STU-0006182,17,22.3,93.8,100,9,6.9,95.4,yes
STU-0006183,21,3.3,69.6,87.4,13,6.8,67.4,yes
STU-0006184,21,12.5,79.3,100,14,8.4,89.7,yes
STU-0006185,17,7.9,89.1,74.2,5,7.0,71.5,yes
STU-0006186,26,16.4,71.6,73.3,13,6.4,77.3,yes
STU-0006187,18,2.7,46.0,68.8,10,8.0,54.4,no
STU-0006188,25,18.5,85.8,91.0,11,8.4,78.7,yes
STU-0006189,22,1.0,70.3,74.6,9,6.6,55.5,no
STU-0006190,22,9.4,70.1,80.9,10,6.9,71.6,yes
STU-0006191,23,11.0,99.4,100,11,8.2,100,yes
STU-0006192,19,20.2,81.7,100,12,8.3,95.5,yes
STU-0006193,21,6.9,93.7,37.6,8,7.0,53.2,no
STU-0006194,21,17.7,100,90.5,7,9.2,98.8,yes
STU-0006195,19,9.0,65.0,41.4,14,8.0,45.5,no
STU-0006196,23,15.6,82.6,75.0,4,7.6,75.5,yes
STU-0006197,23,17.6,77.6,100,14,7.2,80.8,yes
STU-0006198,21,9.7,67.0,59.0,11,5.4,66.8,yes
STU-0006199,20,14.4,66.3,89.1,10,6.3,82.3,yes
STU-0006200,20,27.7,88.9,94.7,6,7.8,92.9,yes
STU-0006201,26,12.0,93.4,93.3,11,6.4,78.1,yes
STU-0006202,17,1.0,44.8,37.6,12,6.4,39.0,no
STU-0006203,26,15.0,100,97.7,12,8.1,88.3,yes
STU-0006204,19,2.1,74.9,94.7,5,4.8,62.1,yes
STU-0006205,26,15.0,66.4,97.8,11,8.5,81.2,yes
STU-0006206,21,20.3,94.5,100,14,6.9,95.7,yes
STU-0006207,20,17.8,78.2,71.7,13,6.3,64.0,yes
STU-0006208,21,8.4,89.5,66.5,5,7.2,67.7,yes
STU-0006209,25,9.7,81.6,89.5,7,7.3,80.9,yes
STU-0006210,22,4.4,64.9,85.2,7,7.0,82.4,yes
STU-0006211,22,7.0,57.2,86.5,6,7.7,69.6,yes
STU-0006212,21,10.0,67.9,100,3,7.1,90.0,yes
STU-0006213,24,12.3,85.7,76.9,5,7.1,73.3,yes
STU-0006214,23,21.4,84.7,84.6,3,7.1,81.5,yes
STU-0006215,20,14.4,87.3,100,14,5.8,84.0,yes
STU-0006216,24,28.3,81.5,100,10,6.5,86.3,yes
STU-0006217,21,2.9,93.3,100,5,8.0,83.6,yes
STU-0006218,18,5.2,75.1,100,12,7.8,83.1,yes
STU-0006219,18,14.4,74.8,100,10,6.3,77.6,yes
STU-0006220,25,4.4,73.9,64.0,13,6.3,63.8,yes
STU-0006221,23,11.6,100,100,5,8.9,86.3,yes
STU-0006222,19,23.8,66.6,100,5,7.8,87.2,yes
STU-0006223,17,1.3,58.1,42.0,4,6.4,53.4,no
STU-0006224,20,8.5,79.7,85.8,7,7.3,75.1,yes
STU-0006225,20,7.9,76.0,80.3,5,6.4,53.8,no
STU-0006226,26,14.4,76.6,100,4,6.5,96.9,yes
STU-0006227,23,1.0,75.3,58.1,14,6.7,49.5,no
STU-0006228,25,6.7,55.5,58.9,9,8.2,61.9,yes
STU-0006229,19,7.5,74.8,40.8,10,6.0,34.8,no
STU-0006230,21,12.7,81.3,88.4,9,8.1,91.2,yes
STU-0006231,21,16.1,85.9,91.3,3,7.7,91.8,yes
STU-0006232,20,8.7,100,100,12,7.4,83.8,yes
STU-0006233,24,10.0,70.2,76.4,4,6.6,71.6,yes
STU-0006234,18,12.6,72.8,86.5,6,6.5,76.8,yes
STU-0006235,17,8.7,85.4,95.7,5,6.7,76.6,yes
STU-0006236,18,17.3,72.1,69.0,3,7.9,81.4,yes
STU-0006237,21,12.6,68.8,98.8,11,7.3,76.1,yes
STU-0006238,18,10.2,82.6,77.5,10,6.5,58.7,no
STU-0006239,26,2.7,74.0,61.7,13,6.4,55.9,no
STU-0006240,24,19.6,82.3,96.8,8,7.5,92.9,yes
STU-0006241,24,1.0,65.2,86.2,3,7.9,71.7,yes
STU-0006242,24,20.7,90.1,100,6,5.9,80.8,yes
STU-0006243,20,3.3,76.0,69.4,12,5.4,55.4,no
STU-0006244,18,14.0,69.8,29.3,11,5.6,54.4,no
STU-0006245,19,15.5,100,100,9,7.5,97.6,yes
STU-0006246,22,15.1,72.9,93.3,7,7.8,83.0,yes
STU-0006247,19,13.0,83.3,91.5,9,6.0,79.9,yes
STU-0006248,19,1.0,76.2,60.5,6,6.3,45.2,no
STU-0006249,18,16.6,85.2,100,4,8.6,91.1,yes
STU-0006250,26,21.8,71.1,70.2,13,7.3,64.0,yes
STU-0006251,20,15.1,84.9,100,11,6.9,86.9,yes
STU-0006252,19,15.8,97.0,100,6,7.1,94.1,yes
STU-0006253,21,12.0,64.0,100,13,7.0,76.2,yes
STU-0006254,26,13.4,81.1,63.6,8,6.5,65.3,yes
STU-0006255,25,14.5,88.3,100,4,8.4,82.9,yes
STU-0006256,19,8.9,82.0,68.4,6,5.6,68.1,yes
STU-0006257,24,17.6,97.8,100,7,6.6,92.3,yes
STU-0006258,20,11.1,60.2,42.5,9,8.4,69.4,yes
STU-0006259,18,16.5,94.3,100,7,7.8,89.9,yes
STU-0006260,25,17.9,85.8,100,6,8.5,83.3,yes
STU-0006261,20,1.0,63.2,43.1,13,6.7,46.8,no
STU-0006262,17,23.6,70.3,92.5,6,7.2,86.3,yes
STU-0006263,23,13.8,70.8,74.0,12,8.2,75.0,yes
STU-0006264,26,7.4,68.1,85.1,4,8.0,82.7,yes
STU-0006265,23,2.8,60.9,49.5,11,6.8,52.1,no
STU-0006266,22,8.2,89.4,65.7,12,7.5,74.4,yes
STU-0006267,18,18.1,71.6,100,11,7.2,96.9,yes
STU-0006268,25,7.8,74.4,32.8,6,7.3,42.3,no
STU-0006269,21,3.8,61.5,49.7,4,6.9,50.8,no
STU-0006270,21,1.0,66.4,34.5,13,7.1,47.6,no
STU-0006271,23,19.4,85.6,100,5,7.8,95.3,yes
STU-0006272,22,19.3,77.8,48.0,7,6.4,60.7,yes
STU-0006273,21,1.0,71.0,66.3,10,6.6,54.5,no
STU-0006274,18,3.9,47.9,20.9,6,6.4,31.4,no
STU-0006275,21,10.0,100,100,13,6.7,91.6,yes
STU-0006276,17,18.4,93.5,97.6,10,7.2,92.5,yes
STU-0006277,21,9.1,59.4,69.8,13,8.7,63.7,yes
STU-0006278,24,9.2,77.5,79.7,5,5.0,71.3,yes
STU-0006279,17,1.8,69.8,60.1,14,7.4,69.8,yes
STU-0006280,21,12.5,63.0,48.8,7,6.8,50.3,no
STU-0006281,20,15.3,100,100,13,7.6,90.3,yes
STU-0006282,26,12.1,84.0,56.0,13,6.1,58.6,no
STU-0006283,22,17.0,83.6,100,3,6.5,85.1,yes
STU-0006284,21,10.5,92.3,100,9,7.3,83.8,yes
STU-0006285,21,8.6,87.5,79.4,8,7.5,75.8,yes
STU-0006286,25,15.7,90.5,96.3,13,7.1,88.8,yes
STU-0006287,18,8.5,79.6,87.3,14,7.3,83.2,yes
STU-0006288,24,10.4,70.9,82.2,10,7.9,78.3,yes
STU-0006289,22,23.3,92.2,100,11,6.6,99.8,yes
STU-0006290,18,12.1,80.4,75.7,10,6.7,65.9,yes
STU-0006291,24,7.5,71.6,40.2,10,6.1,54.1,no
STU-0006292,26,9.8,62.4,100,11,5.0,69.1,yes
STU-0006293,18,8.8,57.6,84.6,4,7.0,64.9,yes
STU-0006294,18,5.3,88.2,100,13,7.2,85.2,yes
STU-0006295,20,8.2,84.0,100,5,7.0,77.6,yes
STU-0006296,23,16.0,87.8,100,9,7.2,88.6,yes
STU-0006297,22,8.1,64.0,90.7,3,7.9,76.4,yes
STU-0006298,22,9.9,70.3,100,8,8.0,86.8,yes
STU-0006299,20,14.7,73.7,100,5,6.8,79.7,yes
STU-0006300,21,8.1,61.9,81.0,7,7.1,59.8,no
STU-0006301,20,12.0,81.3,73.5,9,8.1,75.3,yes
STU-0006302,20,2.4,44.3,26.4,11,6.0,28.4,no
STU-0006303,22,1.0,64.7,57.9,13,6.4,51.2,no
STU-0006304,24,12.2,79.7,97.0,14,7.8,81.1,yes
STU-0006305,25,13.7,87.6,72.3,3,6.3,67.2,yes
STU-0006306,19,3.5,58.9,63.6,7,5.9,53.7,no
STU-0006307,19,13.7,95.4,95.5,3,6.0,84.1,yes
STU-0006308,20,6.5,84.5,59.7,5,7.0,55.3,no
STU-0006309,20,10.0,65.5,69.8,4,8.0,57.5,no
STU-0006310,19,15.3,82.6,94.1,12,7.6,68.3,yes
STU-0006311,21,9.2,68.1,76.4,13,7.9,76.1,yes
STU-0006312,25,11.4,88.5,67.8,7,8.7,60.3,yes
STU-0006313,18,16.2,59.6,88.6,14,6.8,67.6,yes
STU-0006314,18,13.8,84.4,92.2,4,7.3,83.8,yes
STU-0006315,20,12.1,81.6,90.0,4,7.2,88.5,yes
STU-0006316,22,15.0,88.2,82.4,5,8.6,89.6,yes
STU-0006317,24,23.7,89.0,85.2,13,6.3,53.4,no
STU-0006318,24,1.0,67.5,42.8,10,7.3,52.3,no
STU-0006319,21,5.0,66.3,72.6,6,5.6,58.5,no
STU-0006320,19,1.8,72.0,82.2,12,6.8,73.5,yes
STU-0006321,26,10.0,67.4,100,4,6.7,71.9,yes
STU-0006322,24,15.0,76.1,100,7,7.7,89.2,yes
STU-0006323,21,19.1,74.7,100,10,6.5,48.8,no
STU-0006324,26,9.0,71.7,76.5,6,7.8,77.7,yes
STU-0006325,20,10.2,78.2,79.5,12,7.3,69.5,yes
STU-0006326,24,6.3,67.5,85.1,7,7.8,64.5,yes
STU-0006327,24,14.8,100,85.9,11,7.0,84.7,yes
STU-0006328,21,2.2,73.7,48.1,5,6.1,56.0,no
STU-0006329,23,16.8,90.7,100,13,8.7,95.3,yes
STU-0006330,19,16.8,82.2,100,6,7.9,87.7,yes
STU-0006331,19,5.8,70.1,48.8,3,7.7,55.3,no
STU-0006332,19,6.8,71.1,100,6,7.0,79.2,yes
STU-0006333,22,15.4,79.1,100,5,8.1,84.3,yes
STU-0006334,24,20.1,87.4,100,10,7.3,89.4,yes
STU-0006335,19,16.1,87.0,81.0,8,6.2,79.1,yes
STU-0006336,23,13.8,71.9,97.4,11,7.0,71.8,yes
STU-0006337,20,7.5,56.4,56.2,9,6.1,16.0,no
STU-0006338,23,9.5,64.6,78.8,13,7.9,69.8,yes
STU-0006339,18,14.2,69.5,100,4,7.4,75.7,yes
STU-0006340,24,11.0,96.0,100,5,6.4,82.0,yes
STU-0006341,23,2.5,67.6,59.9,5,5.8,58.3,no
STU-0006342,18,6.3,71.8,100,5,8.4,83.2,yes
STU-0006343,21,17.7,100,100,9,7.2,94.3,yes
STU-0006344,21,7.7,65.9,85.5,4,5.6,69.7,yes
STU-0006345,24,6.6,77.2,85.2,8,7.5,71.0,yes
STU-0006346,23,11.9,90.3,71.2,6,7.3,81.9,yes
STU-0006347,20,11.5,70.6,50.9,13,5.9,58.5,no
STU-0006348,24,6.2,80.2,60.9,6,5.7,62.2,yes
STU-0006349,18,8.5,81.3,78.1,11,7.8,63.4,yes
STU-0006350,25,8.3,68.7,89.2,5,6.3,75.7,yes
STU-0006351,20,9.7,72.1,87.4,4,5.6,68.0,yes
STU-0006352,21,6.9,87.0,100,10,6.5,78.9,yes
STU-0006353,21,13.2,66.7,84.7,9,6.7,80.8,yes
STU-0006354,22,1.3,78.4,91.9,13,8.1,70.0,yes
STU-0006355,22,4.3,80.3,91.7,9,5.1,66.4,yes
STU-0006356,23,18.8,79.9,94.1,3,8.8,83.7,yes
STU-0006357,24,12.3,57.6,78.6,8,6.3,63.2,yes
STU-0006358,20,2.0,87.6,85.4,4,6.8,77.6,yes
STU-0006359,23,10.8,72.7,58.6,11,6.5,57.2,no
STU-0006360,24,6.0,72.0,37.1,11,6.9,51.0,no
STU-0006361,26,8.8,83.0,79.2,11,8.1,76.3,yes
STU-0006362,21,17.8,99.0,100,10,7.3,84.0,yes
STU-0006363,19,11.7,81.1,82.1,11,7.3,76.7,yes
STU-0006364,26,12.5,77.5,100,8,7.5,81.4,yes
STU-0006365,20,15.2,92.5,100,8,7.3,82.2,yes
STU-0006366,25,5.6,83.4,84.5,8,7.6,69.4,yes
STU-0006367,17,9.6,79.9,76.7,8,7.7,69.9,yes
STU-0006368,21,15.9,79.9,86.4,9,8.1,78.0,yes
STU-0006369,18,15.5,100,84.5,11,7.9,77.9,yes
STU-0006370,17,8.1,73.9,55.3,4,6.1,53.1,no
STU-0006371,20,10.4,83.6,76.0,12,8.6,72.4,yes
STU-0006372,18,2.4,61.5,24.6,7,7.8,41.2,no
STU-0006373,17,4.1,70.8,47.8,3,7.4,51.4,no
STU-0006374,23,15.7,100,100,6,6.4,80.3,yes
STU-0006375,17,9.4,79.9,43.0,11,7.4,50.8,no
STU-0006376,19,1.0,75.3,96.5,9,7.8,66.5,yes
STU-0006377,19,17.5,91.4,94.7,8,8.3,91.6,yes
STU-0006378,25,5.1,53.6,61.9,5,7.3,56.6,no
STU-0006379,25,9.2,78.1,96.9,12,7.4,70.1,yes
STU-0006380,18,8.7,79.9,100,9,7.0,82.7,yes
STU-0006381,19,20.5,71.0,95.3,5,5.8,71.7,yes
STU-0006382,23,10.4,77.5,82.0,7,6.3,61.1,yes
STU-0006383,19,1.6,85.3,85.7,3,7.2,74.3,yes
STU-0006384,18,1.0,73.1,52.5,14,7.3,50.2,no
STU-0006385,26,15.2,100,84.5,6,7.8,84.7,yes
STU-0006386,17,5.9,58.6,83.8,14,6.7,66.8,yes
STU-0006387,24,1.0,35,56.0,5,5.9,41.0,no
STU-0006388,25,29.0,100,100,9,7.8,100,yes
STU-0006389,19,15.1,80.2,100,6,8.3,79.7,yes
STU-0006390,19,9.9,76.0,66.1,6,7.8,62.8,yes
STU-0006391,25,1.0,65.0,70.9,5,7.1,57.6,no
STU-0006392,21,5.7,68.0,56.4,10,6.5,47.8,no
STU-0006393,17,12.7,89.8,100,7,7.1,90.0,yes
STU-0006394,20,6.1,74.9,91.5,10,9.3,84.1,yes
STU-0006395,26,3.8,68.2,100,4,6.6,80.6,yes
STU-0006396,21,11.3,75.7,83.8,8,7.6,72.8,yes
STU-0006397,18,12.1,81.7,100,8,8.0,83.8,yes
STU-0006398,22,26.8,100,100,3,7.4,87.7,yes
STU-0006399,26,21.9,62.8,100,8,8.9,91.6,yes
STU-0006400,23,15.3,73.1,76.0,11,7.2,73.0,yes
STU-0006401,24,3.2,54.8,67.7,11,7.2,56.2,no
STU-0006402,21,14.2,71.0,99.0,8,7.2,98.5,yes
STU-0006403,26,8.6,57.5,49.6,6,5.4,41.1,no
STU-0006404,19,13.7,79.3,93.6,9,5.5,74.3,yes
STU-0006405,24,20.9,93.4,100,12,7.7,94.1,yes
STU-0006406,23,19.1,91.2,100,12,7.4,87.8,yes
STU-0006407,21,8.1,60.5,91.7,13,6.1,74.1,yes
STU-0006408,20,9.7,71.1,88.0,7,7.4,70.7,yes
STU-0006409,19,13.1,81.1,96.5,3,6.0,81.1,yes
STU-0006410,21,3.1,47.8,68.1,11,7.6,53.8,no
STU-0006411,25,2.9,63.1,84.4,8,7.1,76.2,yes
STU-0006412,25,6.9,72.5,92.8,10,7.9,71.8,yes
STU-0006413,25,1.0,83.7,70.2,12,7.2,84.3,yes
STU-0006414,24,5.1,74.6,69.6,6,7.0,62.2,yes
STU-0006415,19,2.5,62.3,59.9,8,6.5,46.1,no
STU-0006416,24,27.6,86.0,93.8,13,7.8,95.0,yes
STU-0006417,23,7.3,66.1,69.7,12,6.4,59.4,no
STU-0006418,17,14.7,100,92.7,12,6.2,90.9,yes
STU-0006419,20,1.0,58.9,62.9,4,7.6,53.1,no
STU-0006420,20,5.1,77.9,70.5,14,7.2,70.1,yes
STU-0006421,20,7.9,81.3,86.6,9,6.6,73.6,yes
STU-0006422,25,1.0,52.8,44.9,5,9.3,53.4,no
STU-0006423,23,16.0,83.6,100,10,6.7,88.8,yes
STU-0006424,20,16.2,96.6,100,11,8.7,100,yes
STU-0006425,21,15.1,85.2,100,5,7.2,77.2,yes
STU-0006426,17,6.0,75.7,62.7,14,8.4,54.8,no
STU-0006427,17,15.2,83.9,95.3,14,8.1,82.0,yes
STU-0006428,24,1.0,65.0,82.2,13,4.4,62.4,yes
STU-0006429,19,4.5,58.5,77.0,8,6.3,66.6,yes
STU-0006430,19,1.0,59.4,57.1,7,6.8,56.8,no
STU-0006431,22,1.0,89.9,81.1,3,6.9,65.9,yes
STU-0006432,26,5.8,62.9,50.0,14,5.8,45.9,no
STU-0006433,25,5.1,44.5,59.0,11,8.6,56.4,no
STU-0006434,26,12.5,77.3,90.2,3,6.4,78.4,yes
STU-0006435,26,17.6,91.5,100,6,5.7,60.3,yes
STU-0006436,21,25.9,91.1,100,7,7.6,91.0,yes
STU-0006437,26,13.2,85.6,89.7,5,5.7,82.7,yes
STU-0006438,19,13.8,61.7,75.8,14,5.0,60.6,yes
STU-0006439,23,20.6,66.4,48.8,11,7.4,64.2,yes
STU-0006440,24,22.3,90.8,100,11,8.1,96.3,yes
STU-0006441,24,17.3,100,100,11,9.3,88.1,yes
STU-0006442,23,10.1,95.4,100,9,6.6,88.7,yes
STU-0006443,20,16.2,91.5,100,14,7.3,79.3,yes
STU-0006444,25,1.0,77.9,79.6,6,5.5,66.3,yes
STU-0006445,22,3.7,68.6,93.2,13,6.6,66.7,yes
STU-0006446,21,7.5,95.5,100,8,8.3,89.6,yes
STU-0006447,24,4.0,68.1,57.2,4,6.2,44.3,no
STU-0006448,22,15.1,69.4,54.2,12,8.2,54.9,no
STU-0006449,19,23.0,100,100,12,7.3,64.3,yes
STU-0006450,25,12.1,76.1,100,14,6.5,73.3,yes
STU-0006451,24,10.9,70.0,84.4,8,7.4,76.4,yes
STU-0006452,19,9.3,77.5,68.3,6,8.2,79.2,yes
STU-0006453,19,21.4,79.3,86.3,12,7.1,83.5,yes
STU-0006454,21,8.1,68.5,100,11,7.0,64.8,yes
STU-0006455,18,8.5,62.1,74.9,7,6.4,59.5,no
STU-0006456,23,15.6,85.1,100,7,8.8,91.1,yes
STU-0006457,18,2.1,61.6,97.2,8,6.3,67.5,yes
STU-0006458,18,18.5,85.8,88.4,5,7.8,86.3,yes
STU-0006459,18,22.7,79.5,90.2,7,8.1,89.2,yes
STU-0006460,24,17.6,85.2,73.9,10,7.3,81.9,yes
STU-0006461,21,14.7,77.4,83.5,9,6.3,74.2,yes
STU-0006462,18,21.9,83.6,100,14,7.2,95.4,yes
STU-0006463,20,2.0,92.8,67.2,14,7.4,61.2,yes
STU-0006464,17,1.0,70.9,76.3,11,5.7,58.8,no
STU-0006465,20,4.3,75.1,52.4,9,8.4,63.1,yes
STU-0006466,19,9.1,75.4,53.3,10,7.5,53.7,no
STU-0006467,21,1.0,60.5,56.5,5,7.0,48.5,no
STU-0006468,19,10.8,87.3,87.4,14,7.0,83.1,yes
STU-0006469,18,3.2,67.0,20,6,5.3,30.2,no
STU-0006470,18,7.2,59.4,91.4,7,6.1,76.6,yes
STU-0006471,22,23.0,83.4,100,3,8.8,95.5,yes
STU-0006472,26,1.0,77.1,100,11,8.9,78.2,yes
STU-0006473,19,17.3,77.3,86.1,7,5.6,75.7,yes
STU-0006474,17,16.4,77.3,100,3,8.0,79.0,yes
STU-0006475,20,2.4,66.3,61.9,10,5.7,50.0,no
STU-0006476,21,16.3,95.8,100,3,8.1,97.1,yes
STU-0006477,24,31.3,96.1,100,5,6.9,97.6,yes
STU-0006478,18,27.0,100,100,9,8.0,97.8,yes
STU-0006479,17,9.7,55.7,75.9,10,6.2,71.1,yes
STU-0006480,18,6.7,65.3,89.7,3,7.0,57.7,no
STU-0006481,20,16.6,73.4,93.5,8,7.4,73.3,yes
STU-0006482,22,16.2,76.1,69.1,3,8.0,77.0,yes
STU-0006483,17,21.7,93.4,100,8,6.9,89.2,yes
STU-0006484,25,5.0,67.2,80.1,14,5.5,71.9,yes
STU-0006485,23,10.9,87.7,97.7,5,6.3,88.6,yes
STU-0006486,22,16.1,100,100,13,8.0,96.0,yes
STU-0006487,26,18.4,83.0,84.0,10,7.8,87.0,yes
STU-0006488,23,17.3,92.8,100,14,6.2,81.2,yes
STU-0006489,19,9.9,75.6,80.6,8,7.3,68.0,yes
STU-0006490,21,14.1,72.6,100,7,7.1,85.9,yes
STU-0006491,25,22.3,75.5,100,4,5.5,87.3,yes
STU-0006492,22,22.0,95.2,100,5,6.9,93.8,yes
STU-0006493,21,14.6,86.1,98.5,7,6.4,76.6,yes
STU-0006494,20,11.5,91.9,92.5,11,7.1,85.0,yes
STU-0006495,18,9.4,82.5,97.1,10,7.0,81.2,yes
STU-0006496,25,1.0,51.0,64.8,7,6.0,61.3,yes
STU-0006497,24,5.3,71.2,97.3,7,6.8,82.0,yes
STU-0006498,20,4.4,53.6,67.8,14,7.3,62.1,yes
STU-0006499,21,1.0,73.1,54.5,10,8.7,63.3,yes
STU-0006500,19,3.9,71.7,55.3,14,6.5,64.9,yes
STU-0006501,18,19.6,76.2,85.4,8,6.4,83.8,yes
STU-0006502,21,3.8,68.6,68.0,3,5.7,55.8,no
STU-0006503,18,4.5,87.9,90.8,11,6.8,75.1,yes
STU-0006504,25,10.7,70.6,63.4,14,7.2,79.0,yes
STU-0006505,21,8.9,66.3,100,13,7.9,83.4,yes
STU-0006506,18,21.5,79.6,100,3,7.5,81.6,yes
STU-0006507,20,26.0,77.2,100,10,8.2,86.5,yes
STU-0006508,21,4.0,79.8,59.2,4,6.4,36.2,no
STU-0006509,21,14.1,100,67.3,14,7.0,83.9,yes
STU-0006510,20,13.8,94.8,100,7,7.3,87.2,yes
STU-0006511,18,21.5,86.4,95.6,9,8.9,90.3,yes
STU-0006512,20,2.7,77.5,69.2,8,5.6,56.7,no
STU-0006513,19,1.0,71.7,80.7,4,6.6,67.3,yes
STU-0006514,19,2.3,55.8,41.8,6,6.8,57.0,no
STU-0006515,23,8.3,100,95.6,8,8.5,88.7,yes
STU-0006516,20,4.4,69.8,82.7,5,7.4,64.2,yes
STU-0006517,20,7.6,82.3,66.7,7,5.3,63.3,yes
STU-0006518,20,7.7,96.5,100,10,8.3,95.7,yes
STU-0006519,19,1.0,68.6,86.1,7,8.3,69.9,yes
STU-0006520,19,9.9,79.9,66.9,9,5.6,56.0,no
STU-0006521,25,17.8,80.7,88.2,3,7.1,80.8,yes
STU-0006522,22,2.3,69.0,68.5,13,6.4,56.2,no
STU-0006523,21,11.5,74.0,58.4,8,6.5,49.4,no
STU-0006524,21,5.6,59.4,100,7,7.0,74.8,yes
STU-0006525,21,3.6,54.1,58.9,8,7.3,47.0,no
STU-0006526,26,19.5,99.5,100,5,7.2,96.1,yes
STU-0006527,25,13.1,95.8,100,11,8.6,91.8,yes
STU-0006528,23,14.9,70.6,86.7,6,7.0,87.5,yes
STU-0006529,17,15.2,87.7,100,13,7.9,88.7,yes
STU-0006530,18,19.4,64.8,85.7,13,5.1,64.5,yes
STU-0006531,23,12.5,95.1,88.6,12,7.1,75.7,yes
STU-0006532,20,18.0,94.6,100,5,7.7,98.9,yes
STU-0006533,21,3.5,62.1,74.1,11,7.1,60.1,yes
STU-0006534,19,20.7,80.0,100,7,6.5,92.5,yes
STU-0006535,23,16.7,65.6,63.8,10,7.8,57.2,no
STU-0006536,22,16.0,86.2,86.6,10,7.3,85.5,yes
STU-0006537,22,23.3,82.6,100,13,7.8,83.3,yes
STU-0006538,19,1.0,57.2,61.3,4,6.4,49.5,no
STU-0006539,17,13.6,68.8,67.7,6,7.1,74.3,yes
STU-0006540,23,17.3,75.5,92.6,11,8.0,79.5,yes
STU-0006541,20,5.9,70.7,40.5,6,7.3,51.1,no
STU-0006542,20,1.0,73.3,97.0,10,8.2,78.8,yes
STU-0006543,25,5.7,72.0,100,3,8.9,83.4,yes
STU-0006544,18,20.5,100,100,6,7.6,99.4,yes
STU-0006545,20,6.3,71.3,62.3,14,6.6,61.5,yes
STU-0006546,19,10.3,93.5,100,6,6.7,75.5,yes
STU-0006547,21,12.2,73.9,92.6,12,5.4,79.6,yes
STU-0006548,24,13.5,83.5,67.5,12,6.5,63.6,yes
STU-0006549,19,4.1,74.3,83.8,14,7.3,61.0,yes
STU-0006550,17,6.8,38.2,77.6,11,6.2,23.9,no
STU-0006551,21,1.1,66.1,51.1,7,6.0,49.7,no
STU-0006552,26,1.0,70.2,53.9,10,7.0,54.8,no
STU-0006553,25,11.2,60.3,55.1,14,6.6,51.8,no
STU-0006554,20,13.6,76.9,82.9,6,6.8,69.6,yes
STU-0006555,21,3.4,71.9,84.2,14,8.2,61.7,yes
STU-0006556,25,9.2,84.0,100,12,7.7,92.4,yes
STU-0006557,21,7.4,72.6,77.6,11,6.8,56.1,no
STU-0006558,21,15.6,81.2,72.9,13,6.9,73.1,yes
STU-0006559,21,18.7,76.1,87.5,13,7.7,83.8,yes
STU-0006560,17,1.4,65.3,100,10,6.3,72.3,yes
STU-0006561,19,13.7,80.8,100,8,6.2,90.4,yes
STU-0006562,23,9.5,71.8,55.5,4,8.8,68.9,yes
STU-0006563,19,8.8,87.9,100,9,7.0,81.6,yes
STU-0006564,20,20.3,96.6,100,13,7.7,94.4,yes
STU-0006565,21,11.5,78.8,100,10,7.6,92.1,yes
STU-0006566,18,9.4,82.0,90.5,5,6.4,76.3,yes
STU-0006567,18,2.2,55.1,63.5,5,7.1,40.5,no
STU-0006568,18,18.2,77.8,100,12,7.0,83.6,yes
STU-0006569,25,11.6,91.2,75.4,3,7.7,72.5,yes
STU-0006570,21,7.4,78.5,82.8,14,7.8,46.5,no
STU-0006571,21,1.0,87.6,76.0,13,6.7,77.5,yes
STU-0006572,17,1.0,54.3,42.0,14,6.0,33.7,no
STU-0006573,23,10.7,71.4,66.7,12,7.0,64.7,yes
STU-0006574,18,5.9,74.0,64.7,4,6.2,60.0,yes
STU-0006575,19,7.5,85.7,78.2,9,7.8,75.1,yes
STU-0006576,23,10.5,91.2,77.1,9,7.7,87.1,yes
STU-0006577,23,6.6,52.4,39.4,3,7.9,55.2,no
STU-0006578,25,7.8,66.0,99.5,9,6.2,71.5,yes
STU-0006579,19,5.9,77.5,97.6,14,6.5,76.9,yes
STU-0006580,26,19.9,84.9,94.3,8,8.1,91.1,yes
STU-0006581,23,18.3,91.7,62.1,7,7.5,81.8,yes
STU-0006582,20,20.1,85.1,100,10,7.3,77.6,yes
STU-0006583,26,10.9,89.7,70.5,9,7.1,76.4,yes
STU-0006584,18,18.4,83.6,96.7,13,7.3,92.5,yes
STU-0006585,19,15.1,82.7,100,7,6.4,79.0,yes
STU-0006586,21,19.4,97.8,100,13,5.7,83.3,yes
STU-0006587,26,11.9,78.7,100,12,6.6,87.0,yes
STU-0006588,24,5.3,60.5,49.0,6,4.7,44.9,no
STU-0006589,24,4.4,88.5,100,7,7.6,80.3,yes
STU-0006590,25,9.2,70.9,79.0,3,7.4,78.6,yes
STU-0006591,20,18.0,66.5,100,8,7.3,83.3,yes
STU-0006592,23,14.5,76.3,100,5,7.9,87.2,yes
STU-0006593,26,11.3,85.1,98.5,10,5.9,86.5,yes
STU-0006594,18,6.0,91.0,95.7,3,6.2,79.3,yes
STU-0006595,24,15.6,91.3,100,8,9.3,89.4,yes
STU-0006596,23,13.5,83.7,100,12,6.8,75.8,yes
STU-0006597,18,10.9,75.7,51.2,13,6.3,51.0,no
STU-0006598,17,5.0,84.2,60.6,7,7.2,67.2,yes
STU-0006599,21,21.3,81.2,100,11,7.6,87.5,yes
STU-0006600,24,9.0,69.0,74.1,11,8.0,78.7,yes
STU-0006601,20,11.3,80.3,100,12,7.5,83.7,yes
STU-0006602,17,1.0,73.0,62.0,11,7.7,58.5,no
STU-0006603,18,1.0,66.5,100,4,7.9,68.9,yes
STU-0006604,18,13.6,67.2,75.3,6,6.5,64.4,yes
STU-0006605,17,10.5,82.5,82.7,13,7.0,61.9,yes
STU-0006606,18,11.6,70.0,78.6,5,6.3,57.7,no
STU-0006607,25,19.7,97.5,96.4,12,9.2,96.7,yes
STU-0006608,19,1.3,62.7,40.8,5,6.1,43.6,no
STU-0006609,21,22.7,89.5,100,3,5.7,84.7,yes
STU-0006610,18,11.9,62.0,86.7,6,5.9,65.1,yes
STU-0006611,22,17.5,82.2,99.6,13,7.8,86.0,yes
STU-0006612,26,10.0,72.0,80.3,4,7.4,70.3,yes
STU-0006613,19,10.8,77.1,100,13,7.2,88.5,yes
STU-0006614,19,7.4,63.9,81.4,5,7.2,36.5,no
STU-0006615,20,14.5,98.4,100,6,6.8,84.1,yes
STU-0006616,20,17.5,100,100,5,9.4,84.8,yes
STU-0006617,21,8.3,73.8,78.2,14,5.5,59.4,no
STU-0006618,23,16.2,73.5,100,8,7.0,90.1,yes
STU-0006619,20,17.7,59.8,49.4,12,6.4,57.2,no
STU-0006620,20,7.2,78.6,100,13,6.6,82.3,yes
STU-0006621,20,20.3,65.7,100,8,7.8,91.4,yes
STU-0006622,17,14.6,88.5,83.3,6,8.4,73.6,yes
STU-0006623,20,5.2,51.7,68.6,10,6.1,57.2,no
STU-0006624,23,9.3,78.2,74.0,7,7.6,76.5,yes
STU-0006625,18,22.4,83.8,94.7,5,7.3,82.7,yes
STU-0006626,21,16.3,97.9,94.5,8,7.5,85.9,yes
STU-0006627,17,11.1,70.5,72.8,3,6.6,70.0,yes
STU-0006628,23,12.4,83.2,83.6,13,7.6,74.3,yes
STU-0006629,24,9.3,60.9,100,8,7.2,73.3,yes
STU-0006630,22,11.9,88.5,79.5,13,9.3,90.2,yes
STU-0006631,18,14.3,72.4,70.2,4,6.3,72.0,yes
STU-0006632,25,14.6,66.3,94.5,12,6.5,85.1,yes
STU-0006633,24,4.1,80.3,56.2,13,8.7,65.4,yes
STU-0006634,22,5.9,73.0,81.8,3,6.5,62.6,yes
STU-0006635,17,10.8,66.2,71.1,5,7.5,77.2,yes
STU-0006636,24,9.9,95.5,100,11,8.7,84.7,yes
STU-0006637,26,12.6,77.8,80.5,9,7.6,83.0,yes
STU-0006638,18,1.0,84.5,100,14,7.9,82.0,yes
STU-0006639,20,2.6,65.2,45.7,6,7.5,46.0,no
STU-0006640,21,3.0,69.4,60.5,6,6.2,54.3,no
STU-0006641,18,10.9,75.1,75.1,12,6.5,61.0,yes
STU-0006642,19,24.9,86.1,100,3,7.7,91.9,yes
STU-0006643,25,3.6,62.3,54.5,10,6.2,42.0,no
STU-0006644,23,12.0,89.6,61.0,5,7.5,68.3,yes
STU-0006645,19,3.8,75.1,99.8,7,6.7,88.7,yes
STU-0006646,22,9.0,85.5,100,3,6.6,73.3,yes
STU-0006647,18,2.6,70.9,60.1,14,8.2,66.0,yes
STU-0006648,19,6.3,68.8,72.1,10,5.7,64.5,yes
STU-0006649,25,16.1,99.7,100,8,6.8,84.2,yes
STU-0006650,21,13.6,79.3,81.7,13,5.6,74.6,yes
STU-0006651,20,7.5,77.5,83.6,10,8.0,77.8,yes
STU-0006652,20,10.0,72.2,90.2,8,9.5,76.8,yes
STU-0006653,26,7.8,90.5,100,7,7.9,94.1,yes
STU-0006654,23,6.7,70.5,69.4,9,7.3,66.4,yes
STU-0006655,17,10.3,80.2,73.9,7,6.0,66.0,yes
STU-0006656,21,7.3,78.5,100,9,6.1,72.5,yes
STU-0006657,18,12.0,91.4,88.8,11,7.2,80.9,yes
STU-0006658,21,12.0,94.1,100,3,8.9,95.9,yes
STU-0006659,19,9.3,91.4,100,6,7.6,85.6,yes
STU-0006660,18,15.3,96.1,100,4,6.0,90.3,yes
STU-0006661,24,12.6,85.1,97.2,4,6.7,79.7,yes
STU-0006662,20,10.3,91.1,97.8,14,6.8,82.5,yes
STU-0006663,25,15.7,65.0,96.4,10,5.5,70.7,yes
STU-0006664,25,10.9,75.5,80.3,12,6.8,71.2,yes
STU-0006665,26,10.4,72.4,79.9,13,7.7,69.8,yes
STU-0006666,21,15.6,100,100,7,7.0,88.2,yes
STU-0006667,19,16.0,77.3,100,8,5.7,75.8,yes
STU-0006668,23,21.1,100,100,10,8.2,100,yes
STU-0006669,18,1.0,69.2,78.1,4,5.6,62.6,yes
STU-0006670,19,11.2,68.3,100,6,5.9,71.1,yes
STU-0006671,23,6.2,81.9,69.2,14,6.5,66.2,yes
STU-0006672,25,11.8,67.1,70.0,3,6.1,69.4,yes
STU-0006673,26,12.4,72.0,74.3,4,6.5,64.7,yes
STU-0006674,24,10.6,62.6,98.0,3,8.2,86.2,yes
STU-0006675,23,26.3,93.1,100,7,8.4,100,yes
STU-0006676,20,12.3,61.5,74.6,14,6.6,72.0,yes
STU-0006677,17,2.1,83.7,84.3,5,7.9,72.8,yes
STU-0006678,21,12.8,81.5,61.4,5,5.9,68.2,yes
STU-0006679,26,13.3,88.8,87.4,7,7.9,91.1,yes
STU-0006680,21,6.1,67.8,56.8,13,6.3,47.7,no
STU-0006681,18,21.0,100,100,11,8.0,91.8,yes
STU-0006682,18,1.0,46.9,65.7,11,5.4,51.2,no
STU-0006683,17,4.6,45.7,37.1,6,6.1,40.1,no
STU-0006684,17,13.3,77.0,100,5,6.6,84.2,yes
STU-0006685,22,1.0,61.3,42.7,13,6.1,34.3,no
STU-0006686,22,4.4,73.9,48.8,10,8.0,60.4,yes
STU-0006687,20,11.4,77.6,100,7,8.4,79.5,yes
STU-0006688,21,13.0,86.5,82.9,7,6.2,67.2,yes
STU-0006689,21,3.3,76.9,71.5,8,5.6,61.1,yes
STU-0006690,18,13.0,68.7,85.8,3,7.4,75.3,yes
STU-0006691,19,10.9,44.6,33.4,12,6.0,49.7,no
STU-0006692,19,11.6,83.6,94.6,5,8.2,77.0,yes
STU-0006693,24,16.4,86.7,100,10,7.2,86.3,yes
STU-0006694,24,1.0,62.9,31.6,3,5.3,23.9,no
STU-0006695,24,6.0,69.6,100,3,6.6,77.4,yes
STU-0006696,20,1.8,77.6,54.6,8,7.1,60.6,yes
STU-0006697,19,15.8,57.7,76.5,14,6.7,68.2,yes
STU-0006698,20,4.1,48.3,63.9,9,6.2,54.1,no
STU-0006699,23,1.0,56.9,57.5,6,6.4,51.0,no
STU-0006700,26,5.4,64.6,46.3,8,6.9,45.9,no
STU-0006701,21,20.7,92.9,98.0,7,8.0,79.9,yes
STU-0006702,18,11.1,77.4,100,11,6.7,80.5,yes
STU-0006703,18,18.1,84.0,100,14,7.8,78.3,yes
STU-0006704,18,7.9,79.1,74.4,14,7.4,69.2,yes
STU-0006705,19,5.8,81.0,100,11,5.2,71.0,yes
STU-0006706,22,1.0,52.1,37.9,6,5.8,40.6,no
STU-0006707,26,3.3,76.9,65.2,12,6.9,55.4,no
STU-0006708,19,15.0,70.1,100,7,6.5,80.3,yes
STU-0006709,19,8.7,59.1,72.6,13,6.6,43.0,no
STU-0006710,18,9.0,73.7,85.8,4,7.9,69.5,yes
STU-0006711,18,1.0,64.6,56.8,13,4.6,45.6,no
STU-0006712,23,10.6,86.3,54.2,5,7.7,59.9,no
STU-0006713,25,5.0,69.6,53.0,4,6.7,60.0,no
STU-0006714,22,14.8,69.0,99.9,12,7.5,86.1,yes
STU-0006715,26,13.0,48.2,98.6,10,6.5,64.9,yes
STU-0006716,17,9.4,90.1,97.9,12,7.4,85.2,yes
STU-0006717,26,3.9,74.5,73.3,6,9.2,78.8,yes
STU-0006718,25,15.7,78.8,93.1,8,6.3,76.8,yes
STU-0006719,21,2.2,61.5,32.4,6,6.4,40.7,no
STU-0006720,21,3.4,56.7,42.6,11,7.9,51.7,no
STU-0006721,23,1.0,67.5,49.9,11,7.2,46.2,no
STU-0006722,21,16.1,86.3,100,13,6.3,71.8,yes
STU-0006723,18,13.5,70.8,86.6,6,6.0,69.8,yes
STU-0006724,19,15.5,95.5,100,12,7.2,89.2,yes
STU-0006725,23,13.5,81.3,100,3,7.6,76.3,yes
STU-0006726,18,5.8,80.4,89.4,12,7.7,73.6,yes
STU-0006727,19,9.0,82.5,92.4,3,6.6,75.0,yes
STU-0006728,18,1.4,65.3,99.5,9,6.8,77.8,yes
STU-0006729,19,22.9,76.4,73.4,12,7.3,73.6,yes
STU-0006730,24,11.9,72.9,100,10,6.1,89.5,yes
STU-0006731,22,1.8,73.3,89.5,11,6.8,77.4,yes
STU-0006732,21,23.6,79.9,100,7,5.8,85.1,yes
STU-0006733,20,10.1,64.0,76.4,12,7.0,62.5,yes
STU-0006734,20,13.8,72.9,92.5,10,6.8,86.7,yes
STU-0006735,18,8.2,77.2,84.8,4,6.8,70.1,yes
STU-0006736,23,12.8,69.5,88.0,8,6.7,67.4,yes
STU-0006737,23,13.2,100,100,8,7.4,92.0,yes
STU-0006738,19,12.5,84.4,89.3,12,6.7,72.7,yes
STU-0006739,18,1.4,78.7,54.0,9,6.6,53.3,no
STU-0006740,19,26.5,80.0,100,4,6.7,78.4,yes
STU-0006741,22,14.2,90.1,100,11,8.4,89.8,yes
STU-0006742,18,17.2,85.9,79.0,13,7.5,67.9,yes
STU-0006743,19,4.0,93.0,90.2,12,7.7,82.2,yes
STU-0006744,20,19.7,100,100,4,8.8,100,yes
STU-0006745,21,13.6,68.9,69.8,8,7.0,35.8,no
STU-0006746,21,8.6,67.4,64.7,6,6.8,63.6,yes
STU-0006747,20,9.4,88.4,100,5,7.0,81.9,yes
STU-0006748,22,7.1,78.1,100,8,6.7,76.0,yes
STU-0006749,23,10.7,76.7,98.1,6,6.9,76.5,yes
STU-0006750,19,6.7,85.6,100,11,6.3,70.6,yes
STU-0006751,24,2.4,68.0,81.2,6,6.7,67.5,yes
STU-0006752,22,8.7,65.4,75.8,3,6.4,61.2,yes
STU-0006753,18,1.0,43.6,35.7,8,6.2,36.5,no
STU-0006754,22,21.2,76.0,100,5,8.2,93.4,yes
STU-0006755,22,14.1,77.1,69.0,4,6.7,66.6,yes
STU-0006756,20,11.6,71.5,98.8,3,6.6,82.5,yes
STU-0006757,25,6.4,54.2,99.2,13,5.8,60.4,yes
STU-0006758,20,10.2,82.8,76.6,8,7.4,61.7,yes
STU-0006759,20,15.7,100,79.0,9,9.0,100,yes
STU-0006760,18,8.4,81.1,94.7,11,6.0,75.8,yes
STU-0006761,17,9.1,68.9,61.0,7,6.0,61.3,yes
STU-0006762,20,11.4,80.9,42.9,11,7.9,62.4,yes
STU-0006763,19,1.0,52.5,50.4,9,6.0,47.5,no
STU-0006764,25,10.9,83.1,93.5,9,6.1,64.8,yes
STU-0006765,19,4.0,72.7,100,9,7.5,74.2,yes
STU-0006766,24,1.0,63.7,59.5,8,5.9,52.2,no
STU-0006767,24,8.4,92.3,73.7,6,7.2,79.5,yes
STU-0006768,23,8.2,67.4,100,9,7.1,83.2,yes
STU-0006769,20,9.0,67.3,100,13,6.6,57.3,no
STU-0006770,19,19.1,88.8,100,10,7.8,96.0,yes
STU-0006771,26,13.0,79.0,98.8,3,7.8,79.7,yes
STU-0006772,20,19.3,81.3,100,6,6.7,78.3,yes
STU-0006773,18,14.3,79.9,92.0,14,6.1,83.4,yes
STU-0006774,23,11.9,73.9,95.7,10,6.7,82.4,yes
STU-0006775,24,25.6,100,100,9,6.9,93.3,yes
STU-0006776,20,23.8,78.3,97.0,12,7.7,85.6,yes
STU-0006777,21,1.0,51.9,34.2,7,6.7,43.5,no
STU-0006778,21,20.6,83.6,91.1,4,8.7,82.4,yes
STU-0006779,21,1.0,47.4,41.2,14,7.2,43.6,no
STU-0006780,20,15.2,92.0,84.5,14,8.1,87.7,yes
STU-0006781,25,1.0,84.3,88.4,12,6.0,72.7,yes
STU-0006782,19,15.5,76.1,99.0,10,6.3,75.8,yes
STU-0006783,21,14.9,86.9,77.6,12,7.2,80.6,yes
STU-0006784,21,10.6,54.7,43.7,5,6.7,49.6,no
STU-0006785,18,5.3,52.4,55.7,13,5.5,37.2,no
STU-0006786,18,16.8,93.2,93.9,12,7.6,83.5,yes
STU-0006787,23,18.5,85.0,100,6,7.8,97.8,yes
STU-0006788,22,13.4,81.4,58.7,7,6.9,70.5,yes
STU-0006789,18,9.7,79.3,82.0,6,6.9,76.6,yes
STU-0006790,26,5.9,86.8,96.5,8,9.0,82.8,yes
STU-0006791,19,5.4,93.0,98.0,11,7.1,83.2,yes
STU-0006792,26,5.1,78.9,69.3,3,5.9,71.2,yes
STU-0006793,26,15.3,74.3,77.8,4,8.6,84.0,yes
STU-0006794,18,14.6,70.4,86.2,14,7.0,81.7,yes
STU-0006795,21,9.1,58.7,65.4,7,7.6,65.4,yes
STU-0006796,19,6.3,62.3,76.2,14,6.1,66.3,yes
STU-0006797,19,11.2,63.7,68.3,11,6.1,55.6,no
STU-0006798,24,13.7,100,100,11,7.9,100,yes
STU-0006799,23,14.5,59.9,76.3,11,6.3,68.4,yes
STU-0006800,18,11.3,96.0,87.6,12,6.9,76.9,yes
STU-0006801,24,1.0,58.2,46.9,4,6.8,26.3,no
STU-0006802,18,9.4,86.7,65.0,6,6.5,73.3,yes
STU-0006803,17,9.4,61.4,60.1,4,5.7,51.8,no
STU-0006804,26,17.3,69.1,100,13,7.7,91.6,yes
STU-0006805,21,1.0,73.0,41.0,5,7.8,48.2,no
STU-0006806,23,11.7,66.7,72.4,3,5.9,51.3,no
STU-0006807,17,4.5,73.6,72.1,4,5.7,70.0,yes
STU-0006808,26,15.6,74.3,100,7,6.1,77.0,yes
STU-0006809,22,10.1,80.1,69.4,4,7.8,68.2,yes
STU-0006810,22,17.5,86.5,100,12,7.3,77.7,yes
STU-0006811,20,13.3,87.1,96.9,6,6.5,77.2,yes
STU-0006812,25,14.7,75.0,91.4,10,6.8,73.2,yes
STU-0006813,22,23.1,70.1,100,4,9.0,90.0,yes
STU-0006814,19,9.2,71.0,63.7,7,5.3,59.7,no
STU-0006815,17,3.6,64.9,57.6,5,6.8,59.1,no
STU-0006816,21,8.6,58.4,49.9,6,6.1,33.4,no
STU-0006817,19,1.5,88.6,88.1,13,7.0,70.4,yes
STU-0006818,21,1.5,43.2,33.8,5,5.1,38.7,no
STU-0006819,21,10.5,74.6,96.1,13,5.9,77.3,yes
STU-0006820,21,9.2,61.6,41.0,9,6.0,55.0,no
STU-0006821,23,17.2,76.1,100,7,7.4,76.4,yes
STU-0006822,25,14.9,67.0,54.9,3,7.5,57.4,no
STU-0006823,18,14.9,71.8,70.1,12,6.2,32.2,no
STU-0006824,20,11.1,83.0,66.5,3,6.6,72.5,yes
STU-0006825,20,16.8,70.4,100,7,7.1,85.8,yes
STU-0006826,19,15.3,87.8,100,5,6.6,76.8,yes
STU-0006827,25,3.9,72.8,83.9,12,7.6,68.1,yes
STU-0006828,22,19.8,80.1,100,10,5.5,67.6,yes
STU-0006829,24,8.6,82.9,76.9,8,8.4,77.5,yes
STU-0006830,26,15.4,67.5,75.4,3,6.6,71.2,yes
STU-0006831,19,13.1,70.5,74.8,12,6.4,63.5,yes
STU-0006832,18,17.4,96.7,92.9,7,9.1,88.7,yes
STU-0006833,21,24.7,84.0,95.2,7,7.5,83.5,yes
STU-0006834,21,25.8,80.9,100,4,6.4,92.8,yes
STU-0006835,21,11.6,87.8,71.2,3,7.5,78.4,yes
STU-0006836,18,10.5,78.0,81.2,4,9.1,87.9,yes
STU-0006837,20,6.6,71.3,59.5,14,5.6,58.3,no
STU-0006838,20,15.3,93.5,100,4,7.5,89.4,yes
STU-0006839,21,3.4,71.4,83.1,11,7.2,70.0,yes
STU-0006840,17,1.4,69.8,100,7,7.4,79.2,yes
STU-0006841,23,1.0,39.0,29.9,11,5.7,6.0,no
STU-0006842,19,18.0,96.3,97.6,13,7.0,88.3,yes
STU-0006843,26,3.0,56.6,53.8,4,7.2,53.1,no
STU-0006844,25,1.0,64.0,83.5,6,7.7,69.3,yes
STU-0006845,22,14.0,89.6,100,9,7.9,86.7,yes
STU-0006846,23,20.4,86.3,100,6,7.8,85.8,yes
STU-0006847,18,8.0,94.4,87.8,9,7.9,81.4,yes
STU-0006848,25,21.0,85.8,97.2,3,7.6,96.9,yes
STU-0006849,21,9.2,78.5,62.5,4,7.6,70.7,yes
STU-0006850,18,12.6,73.2,70.0,12,6.7,69.2,yes
STU-0006851,21,13.3,67.2,45.5,12,6.4,56.3,no
STU-0006852,18,7.8,71.3,56.1,11,7.6,50.1,no
STU-0006853,18,3.6,75.3,100,8,7.0,84.0,yes
STU-0006854,22,13.5,77.9,51.4,6,7.6,61.8,yes
STU-0006855,22,10.2,77.8,100,8,7.7,86.2,yes
STU-0006856,23,19.3,74.8,86.5,8,6.3,74.9,yes
STU-0006857,26,14.5,68.1,64.9,12,6.4,64.7,yes
STU-0006858,18,6.0,71.1,42.0,10,6.9,47.1,no
STU-0006859,24,5.7,89.8,92.1,11,7.1,70.4,yes
STU-0006860,24,10.3,61.6,49.7,5,5.8,58.9,no
STU-0006861,21,15.6,100,100,11,7.9,87.7,yes
STU-0006862,20,10.8,79.6,87.4,4,6.4,68.6,yes
STU-0006863,17,3.7,73.6,85.3,9,6.3,69.5,yes
STU-0006864,19,25.5,81.8,83.3,5,7.0,74.9,yes
STU-0006865,25,2.7,56.5,73.0,5,7.3,56.4,no
STU-0006866,21,2.6,54.4,47.2,5,6.5,49.0,no
STU-0006867,19,15.7,92.7,77.8,10,7.3,86.9,yes
STU-0006868,18,8.9,71.9,89.1,4,6.3,68.4,yes
STU-0006869,19,10.2,62.6,61.1,9,7.1,59.0,no
STU-0006870,20,20.5,84.4,100,12,5.5,81.6,yes
STU-0006871,19,12.3,100,100,11,6.6,81.7,yes
STU-0006872,17,5.5,81.5,81.4,11,6.0,67.7,yes
STU-0006873,23,13.8,83.0,100,11,7.0,74.3,yes
STU-0006874,19,4.3,63.9,49.0,5,5.7,54.2,no
STU-0006875,21,1.0,60.1,69.0,6,6.0,57.9,no
STU-0006876,25,12.1,75.3,87.7,6,4.6,61.9,yes
STU-0006877,20,8.5,73.7,42.1,14,7.8,63.9,yes
STU-0006878,20,13.6,92.7,69.5,14,5.9,68.0,yes
STU-0006879,21,22.0,97.5,100,9,7.6,85.5,yes
STU-0006880,21,7.5,68.1,96.6,13,6.9,67.6,yes
STU-0006881,17,12.0,69.3,54.8,11,8.0,67.0,yes
STU-0006882,17,9.5,82.1,73.3,9,8.0,64.0,yes
STU-0006883,23,19.7,58.5,57.1,13,5.1,66.1,yes
STU-0006884,20,6.6,76.4,70.3,14,7.6,68.8,yes
STU-0006885,18,10.1,76.8,62.8,8,7.2,62.2,yes
STU-0006886,24,1.2,56.6,59.8,4,7.2,53.4,no
STU-0006887,21,23.7,77.7,100,4,6.5,88.4,yes
STU-0006888,23,13.0,96.9,88.0,12,7.1,80.9,yes
STU-0006889,26,16.0,62.6,94.3,8,6.8,67.0,yes
STU-0006890,19,5.5,72.5,33.3,8,7.9,43.8,no
STU-0006891,26,7.4,81.7,70.5,3,7.3,73.2,yes
STU-0006892,24,12.6,95.0,63.5,5,7.3,70.6,yes
STU-0006893,19,22.6,91.7,92.8,11,6.8,91.8,yes
STU-0006894,22,8.1,81.8,82.3,4,7.3,81.6,yes
STU-0006895,21,1.0,58.8,60.5,5,7.3,66.5,yes
STU-0006896,22,7.3,88.9,100,4,6.9,86.3,yes
STU-0006897,18,19.8,68.8,100,4,7.7,85.8,yes
STU-0006898,20,15.5,86.7,86.4,9,6.0,78.9,yes
STU-0006899,23,6.9,73.3,78.2,6,7.9,70.5,yes
STU-0006900,20,14.1,70.9,92.5,11,6.5,80.7,yes
STU-0006901,20,8.3,57.9,43.4,14,6.6,53.4,no
STU-0006902,22,19.7,78.2,100,7,6.4,69.8,yes
STU-0006903,23,12.8,83.8,95.4,7,6.6,75.1,yes
STU-0006904,26,8.9,65.8,69.3,11,5.4,56.2,no
STU-0006905,18,1.0,62.7,100,3,6.2,72.9,yes
STU-0006906,21,1.0,66.5,60.5,7,6.0,48.0,no
STU-0006907,19,3.3,61.0,72.9,5,6.9,59.6,no
STU-0006908,20,13.0,69.5,93.8,8,6.2,70.3,yes
STU-0006909,19,1.0,51.7,68.1,8,8.2,53.0,no
STU-0006910,21,18.7,76.4,100,8,6.6,87.8,yes
STU-0006911,20,16.2,87.0,100,8,7.3,75.2,yes
STU-0006912,20,7.8,47.0,75.6,11,5.5,53.5,no
STU-0006913,26,1.0,52.5,54.1,10,5.8,55.2,no
STU-0006914,26,17.8,72.7,100,13,6.9,81.0,yes
STU-0006915,20,18.9,69.1,100,13,6.5,87.1,yes
STU-0006916,21,10.1,66.2,100,14,7.8,75.9,yes
STU-0006917,25,22.5,77.1,100,10,9.0,92.7,yes
STU-0006918,21,10.0,84.5,100,6,6.2,78.5,yes
STU-0006919,22,19.1,85.3,100,3,6.2,73.8,yes
STU-0006920,17,12.3,99.8,88.7,14,6.8,84.5,yes
STU-0006921,21,13.3,63.2,91.2,14,5.5,81.3,yes
STU-0006922,18,23.6,89.1,100,14,7.8,99.9,yes
STU-0006923,21,9.6,49.5,42.9,3,5.9,43.3,no
STU-0006924,18,6.1,80.3,47.2,7,7.2,57.1,no
STU-0006925,19,20.0,86.7,100,10,8.3,95.6,yes
STU-0006926,18,11.0,68.3,57.9,4,6.3,50.9,no
STU-0006927,21,9.5,64.7,47.6,10,7.5,51.9,no
STU-0006928,23,19.4,86.2,100,10,6.3,82.3,yes
STU-0006929,19,11.0,91.3,93.9,11,8.0,88.1,yes
STU-0006930,19,16.8,93.0,92.0,8,6.7,81.3,yes
STU-0006931,18,16.7,64.3,92.5,4,6.6,82.1,yes
STU-0006932,18,6.0,82.2,98.9,11,5.2,73.0,yes
STU-0006933,18,14.0,77.3,93.8,13,7.3,77.5,yes
STU-0006934,20,17.4,74.1,100,10,8.0,87.5,yes
STU-0006935,22,17.5,96.5,100,14,8.8,89.8,yes
STU-0006936,24,12.9,91.9,73.5,9,7.7,76.1,yes
STU-0006937,26,11.4,69.4,88.1,13,5.6,71.9,yes
STU-0006938,18,22.5,69.0,100,9,8.3,77.4,yes
STU-0006939,23,4.3,75.7,65.9,7,7.8,55.5,no
STU-0006940,19,4.9,65.1,49.8,6,7.9,27.6,no
STU-0006941,20,6.7,80.3,100,9,6.5,81.6,yes
STU-0006942,25,9.1,62.6,90.0,12,6.5,70.8,yes
STU-0006943,20,4.0,52.7,39.5,8,5.3,38.8,no
STU-0006944,24,20.4,100,100,13,7.5,80.2,yes
STU-0006945,18,5.6,51.7,48.8,13,6.3,49.9,no
STU-0006946,21,1.9,67.7,64.6,3,8.3,65.6,yes
STU-0006947,23,14.5,72.6,43.8,11,7.2,54.9,no
STU-0006948,21,8.4,72.9,84.2,10,7.1,74.2,yes
STU-0006949,21,8.9,65.7,46.3,3,5.8,56.8,no
STU-0006950,19,15.8,100,100,9,8.0,96.4,yes
STU-0006951,22,3.8,69.9,64.6,12,6.3,61.0,yes
STU-0006952,18,11.6,60.8,87.2,11,6.4,81.6,yes
STU-0006953,23,10.0,72.7,77.1,14,7.0,72.8,yes
STU-0006954,26,12.0,91.8,100,13,6.8,79.0,yes
STU-0006955,20,19.0,73.3,79.0,7,6.5,64.6,yes
STU-0006956,17,16.0,64.3,70.4,14,6.8,63.4,yes
STU-0006957,19,5.5,88.7,67.6,11,8.0,87.9,yes
STU-0006958,17,8.2,96.0,73.7,7,6.6,67.0,yes
STU-0006959,18,10.4,71.6,99.1,7,6.3,85.7,yes
STU-0006960,22,11.0,71.0,78.1,11,6.2,69.2,yes
STU-0006961,22,6.1,87.6,89.2,13,7.0,66.0,yes
STU-0006962,18,10.0,80.1,57.5,12,6.3,56.7,no
STU-0006963,18,1.2,75.5,52.9,7,6.7,55.6,no
STU-0006964,23,1.0,58.2,53.2,10,6.3,48.3,no
STU-0006965,21,10.9,69.1,77.8,3,7.4,70.5,yes
STU-0006966,17,2.4,72.4,74.9,13,7.1,65.5,yes
STU-0006967,22,9.7,72.8,75.8,11,6.7,60.5,yes
STU-0006968,18,4.1,60.6,71.4,9,6.5,44.1,no
STU-0006969,17,14.6,60.3,95.0,14,7.2,88.7,yes
STU-0006970,18,4.9,70.9,99.8,4,7.9,91.8,yes
STU-0006971,19,2.7,66.4,66.9,9,6.1,52.6,no
STU-0006972,18,15.7,83.1,83.8,9,7.5,86.5,yes
STU-0006973,21,23.8,93.9,98.4,3,7.7,91.4,yes
STU-0006974,20,15.2,73.0,93.2,11,6.6,73.5,yes
STU-0006975,22,13.9,98.9,100,13,8.2,85.2,yes
STU-0006976,22,12.0,85.3,43.6,3,7.0,58.2,no
STU-0006977,23,15.7,82.4,99.3,14,7.1,85.7,yes
STU-0006978,17,9.1,50.8,59.0,6,6.3,58.8,no
STU-0006979,24,8.3,58.0,75.0,9,6.6,59.3,no
STU-0006980,24,4.3,73.3,53.7,13,6.7,57.5,no
STU-0006981,23,7.6,85.8,82.4,14,7.1,67.7,yes
STU-0006982,26,7.1,81.5,63.8,7,7.7,72.0,yes
STU-0006983,19,18.6,79.4,100,6,7.8,94.4,yes
STU-0006984,18,5.3,78.5,94.3,5,6.2,67.7,yes
STU-0006985,19,27.1,100,100,5,8.5,97.9,yes
STU-0006986,21,10.6,77.1,71.6,9,6.8,60.2,yes
STU-0006987,22,5.9,91.2,90.1,4,8.0,79.7,yes
STU-0006988,21,10.1,71.2,83.0,7,7.9,58.1,no
STU-0006989,26,14.5,92.9,100,11,6.8,92.3,yes
STU-0006990,21,9.0,83.2,100,10,8.3,86.8,yes
STU-0006991,18,18.7,91.8,100,13,7.7,81.8,yes
STU-0006992,19,5.7,67.0,94.5,4,5.1,56.1,no
STU-0006993,26,9.9,93.4,100,5,7.1,93.0,yes
STU-0006994,20,7.2,79.7,100,3,7.5,74.3,yes
STU-0006995,22,20.0,83.6,100,14,7.3,91.4,yes
STU-0006996,18,16.5,81.9,100,12,7.4,90.1,yes
STU-0006997,25,8.3,70.8,52.7,8,8.2,59.4,no
STU-0006998,22,16.1,68.3,70.9,8,5.5,55.3,no
STU-0006999,26,1.8,67.9,54.8,8,6.9,45.2,no
STU-0007000,25,15.2,86.5,100,9,7.5,92.5,yes
STU-0007001,18,12.8,83.3,100,6,6.5,73.0,yes
STU-0007002,22,14.0,69.4,95.0,6,7.2,76.7,yes
STU-0007003,23,5.7,67.8,75.2,6,7.4,63.1,yes
STU-0007004,21,16.4,95.5,70.2,8,8.3,76.8,yes
STU-0007005,19,21.4,73.9,75.0,3,8.0,76.9,yes
STU-0007006,18,12.7,72.3,82.7,13,7.4,80.7,yes
STU-0007007,24,13.0,98.3,78.3,3,6.9,76.3,yes
STU-0007008,23,13.0,88.5,100,8,7.5,87.9,yes
STU-0007009,20,2.2,66.5,66.4,8,6.9,65.2,yes
STU-0007010,21,12.9,83.1,92.4,9,7.4,66.0,yes
STU-0007011,22,1.0,64.2,20,7,7.3,34.0,no
STU-0007012,22,9.0,70.5,69.4,10,6.2,68.6,yes
STU-0007013,18,9.8,81.0,82.9,9,8.4,70.3,yes
STU-0007014,19,14.5,82.3,85.0,14,7.3,56.8,no
STU-0007015,20,10.7,85.2,95.7,14,9.1,88.4,yes
STU-0007016,20,24.5,74.0,93.0,3,7.2,78.8,yes
STU-0007017,18,12.6,75.4,100,9,7.2,84.1,yes
STU-0007018,18,1.0,59.4,75.4,8,6.3,51.0,no
STU-0007019,17,14.9,74.1,100,4,9.0,90.4,yes
STU-0007020,19,14.4,92.9,92.5,12,6.6,83.5,yes
STU-0007021,21,33.6,96.4,100,10,7.1,90.3,yes
STU-0007022,26,22.0,86.7,100,7,8.3,95.2,yes
STU-0007023,21,20.7,81.3,100,4,7.5,86.0,yes
STU-0007024,23,8.7,90.7,66.6,12,6.6,59.9,no
STU-0007025,20,7.9,82.2,79.9,6,7.6,71.0,yes
STU-0007026,26,4.2,85.2,68.0,14,5.4,62.3,yes
STU-0007027,18,18.0,75.1,93.2,4,6.3,73.7,yes
STU-0007028,22,1.0,57.3,47.7,10,7.0,47.9,no
STU-0007029,18,4.4,56.5,73.2,7,6.9,60.8,yes
STU-0007030,18,14.2,94.1,100,6,7.3,82.2,yes
STU-0007031,21,9.1,75.0,100,3,6.6,76.2,yes
STU-0007032,22,18.6,77.2,97.6,4,6.1,83.4,yes
STU-0007033,22,10.6,80.0,100,13,6.4,85.1,yes
STU-0007034,17,3.3,86.0,67.2,5,6.9,67.4,yes
STU-0007035,25,19.2,88.6,100,9,6.9,80.1,yes
STU-0007036,21,2.7,79.8,70.2,14,5.2,54.9,no
STU-0007037,21,4.9,71.4,79.5,3,8.1,53.4,no
STU-0007038,25,6.2,97.2,100,8,7.2,89.3,yes
STU-0007039,18,4.7,82.3,100,14,6.3,83.6,yes
STU-0007040,18,19.9,79.0,89.3,11,7.6,75.6,yes
STU-0007041,21,3.8,63.5,40.6,8,6.7,36.4,no
STU-0007042,23,20.6,100,100,4,7.8,97.6,yes
STU-0007043,18,8.0,58.5,63.3,11,4.4,52.0,no
STU-0007044,22,1.8,65.9,28.9,11,6.7,38.6,no
STU-0007045,21,4.2,70.9,62.9,12,5.7,57.8,no
STU-0007046,26,12.6,100,100,11,6.7,88.4,yes
STU-0007047,17,15.1,78.6,85.1,4,6.3,78.4,yes
STU-0007048,25,17.3,89.9,100,12,8.1,88.3,yes
STU-0007049,23,8.5,66.9,84.8,5,6.2,76.3,yes
STU-0007050,23,25.0,89.1,100,12,7.2,87.2,yes
STU-0007051,20,1.0,64.9,66.6,4,7.5,53.5,no
STU-0007052,21,7.2,75.3,75.5,4,7.8,59.4,no
STU-0007053,20,29.1,86.4,100,9,6.5,88.7,yes
STU-0007054,20,24.5,95.6,98.3,7,6.8,86.5,yes
STU-0007055,26,14.8,96.2,100,4,7.2,91.5,yes
STU-0007056,17,11.6,68.1,100,11,7.3,73.4,yes
STU-0007057,24,12.7,89.1,96.6,10,8.1,83.2,yes
STU-0007058,21,16.1,87.4,68.8,5,7.3,81.7,yes
STU-0007059,20,21.2,72.8,100,5,6.6,90.3,yes
STU-0007060,19,4.7,84.8,100,7,7.3,76.8,yes
STU-0007061,25,8.2,72.2,89.7,9,8.8,70.5,yes
STU-0007062,21,1.2,66.5,68.1,10,5.8,47.9,no
STU-0007063,25,9.6,81.6,68.4,5,8.8,75.1,yes
STU-0007064,25,6.8,66.3,82.3,6,5.9,59.6,no
STU-0007065,20,1.7,89.1,99.1,12,7.4,79.6,yes
STU-0007066,20,14.7,82.3,88.7,5,6.0,77.5,yes
STU-0007067,22,1.0,47.0,41.2,3,5.6,37.9,no
STU-0007068,25,1.0,70.0,46.0,11,7.5,57.0,no
STU-0007069,24,8.5,73.9,100,11,7.1,74.4,yes
STU-0007070,25,8.2,83.0,94.6,5,8.8,90.6,yes
STU-0007071,26,3.8,63.7,55.9,3,7.4,54.7,no
STU-0007072,24,8.1,71.5,86.0,11,7.4,73.0,yes
STU-0007073,22,12.8,69.0,58.2,14,6.9,69.0,yes
STU-0007074,18,1.0,72.4,84.6,14,6.9,74.9,yes
STU-0007075,20,25.0,81.5,96.3,3,6.9,90.3,yes
STU-0007076,18,12.4,69.8,74.9,3,7.3,66.5,yes
STU-0007077,19,1.0,71.0,73.7,7,6.7,62.3,yes
STU-0007078,21,8.4,55.6,83.1,11,7.5,64.7,yes
STU-0007079,25,12.6,98.4,98.9,4,7.5,87.6,yes
STU-0007080,19,13.1,87.3,100,10,6.0,77.8,yes
STU-0007081,26,10.3,73.7,56.6,4,6.6,56.1,no
STU-0007082,18,16.0,71.8,53.2,10,6.3,55.7,no
STU-0007083,19,18.6,100,100,4,6.3,88.5,yes
STU-0007084,22,10.2,66.0,81.9,14,6.4,79.4,yes
STU-0007085,21,24.1,75.4,100,6,7.4,80.2,yes
STU-0007086,20,12.5,84.0,77.3,10,8.8,77.5,yes
STU-0007087,19,12.5,78.4,68.7,12,6.8,67.0,yes
STU-0007088,19,13.4,60.1,52.4,3,5.4,46.1,no
STU-0007089,17,1.0,71.2,56.9,8,6.5,57.1,no
STU-0007090,24,14.9,77.5,87.5,4,6.1,72.5,yes
STU-0007091,24,13.9,85.4,99.6,6,5.4,74.6,yes
STU-0007092,25,18.6,76.6,100,9,7.7,89.9,yes
STU-0007093,17,9.0,69.4,60.9,14,7.4,76.2,yes
STU-0007094,22,1.0,53.2,56.9,11,6.5,51.7,no
STU-0007095,21,22.8,100,100,10,7.9,100,yes
STU-0007096,18,9.9,76.1,79.8,5,7.4,77.5,yes
STU-0007097,21,10.3,80.7,73.5,13,7.7,70.1,yes
STU-0007098,17,1.0,53.7,79.5,11,7.1,55.2,no
STU-0007099,20,14.0,94.8,100,11,6.1,82.8,yes
STU-0007100,23,1.0,74.1,28.1,10,7.3,40.8,no
STU-0007101,19,7.1,91.5,100,5,8.6,93.8,yes
STU-0007102,24,3.5,63.8,80.4,11,5.3,56.7,no
STU-0007103,25,13.5,91.5,100,3,7.1,89.3,yes
STU-0007104,20,13.2,70.9,90.6,11,6.9,83.7,yes
STU-0007105,20,14.6,88.0,99.4,14,8.6,90.5,yes
STU-0007106,20,6.5,80.3,61.6,9,8.5,65.1,yes
STU-0007107,18,13.2,96.9,94.3,10,7.9,87.5,yes
STU-0007108,18,4.3,78.7,92.7,7,7.6,81.2,yes
STU-0007109,20,8.4,95.4,100,9,7.8,81.7,yes
STU-0007110,23,18.4,91.9,89.2,5,6.5,81.8,yes
STU-0007111,22,10.0,89.8,88.7,12,7.0,82.0,yes
STU-0007112,19,16.8,77.4,89.3,5,7.1,75.1,yes
STU-0007113,19,17.3,96.3,100,11,8.6,91.8,yes
STU-0007114,26,1.0,44.7,53.8,12,6.1,33.3,no
STU-0007115,21,9.6,57.5,43.9,9,6.6,59.3,no
STU-0007116,20,3.9,77.2,62.3,7,6.8,64.4,yes
STU-0007117,22,23.1,88.8,94.7,5,8.5,100,yes
STU-0007118,20,15.5,100,100,8,7.3,93.2,yes
STU-0007119,22,15.8,97.0,100,5,7.6,85.0,yes
STU-0007120,19,7.4,77.5,74.7,12,8.2,63.4,yes
STU-0007121,23,4.4,61.6,72.0,4,6.1,58.0,no
STU-0007122,20,24.8,90.9,100,10,6.8,92.8,yes
STU-0007123,25,5.2,76.0,64.3,6,6.3,50.3,no
STU-0007124,19,1.6,59.2,20,14,7.2,47.2,no
STU-0007125,20,10.8,90.6,100,11,6.9,85.2,yes
STU-0007126,21,12.3,79.7,100,10,7.4,88.8,yes
STU-0007127,25,6.8,69.2,58.3,8,6.9,51.3,no
STU-0007128,21,1.0,50.1,30.1,13,6.4,33.9,no
STU-0007129,21,10.4,77.1,84.4,7,7.9,80.3,yes
STU-0007130,18,11.4,79.5,100,14,6.3,77.4,yes
STU-0007131,20,15.2,75.0,100,3,6.8,83.5,yes
STU-0007132,21,13.8,76.1,92.6,9,6.5,78.8,yes
STU-0007133,21,16.4,91.4,100,6,7.8,78.0,yes
STU-0007134,21,1.0,51.9,22.8,7,6.9,33.6,no
STU-0007135,19,16.4,90.8,100,5,8.5,98.9,yes
STU-0007136,19,27.6,91.2,100,12,6.2,84.8,yes
STU-0007137,22,1.2,72.9,63.1,14,6.7,59.1,no
STU-0007138,20,14.1,88.9,99.8,4,7.9,87.6,yes
STU-0007139,25,18.0,85.9,100,11,8.0,86.6,yes
STU-0007140,24,17.6,100,100,6,9.9,93.3,yes
STU-0007141,20,16.1,63.8,80.8,4,6.3,65.2,yes
STU-0007142,24,2.5,70.5,79.1,11,6.2,67.3,yes
STU-0007143,18,19.3,65.0,69.3,12,7.7,71.3,yes
STU-0007144,26,11.2,71.2,96.2,6,7.4,83.3,yes
STU-0007145,26,20.3,76.5,100,11,8.3,90.6,yes
STU-0007146,23,17.3,95.0,87.2,3,7.2,75.1,yes
STU-0007147,18,13.5,81.2,100,10,6.3,73.6,yes
STU-0007148,24,4.0,64.2,98.3,11,6.6,70.0,yes
STU-0007149,19,16.8,84.6,100,8,6.0,80.1,yes
STU-0007150,21,6.3,84.5,71.5,5,7.5,68.9,yes
STU-0007151,25,12.4,74.9,100,12,7.7,83.9,yes
STU-0007152,24,18.9,73.1,100,6,8.2,81.1,yes
STU-0007153,18,1.1,62.9,46.3,9,5.1,44.1,no
STU-0007154,18,9.2,85.9,100,5,7.8,89.3,yes
STU-0007155,19,11.9,77.1,69.6,4,8.2,74.2,yes
STU-0007156,21,8.8,75.9,89.4,4,6.7,67.3,yes
STU-0007157,20,8.9,82.9,100,12,5.9,78.5,yes
STU-0007158,25,6.7,84.6,64.3,9,7.1,55.5,no
STU-0007159,20,12.6,68.8,79.3,8,8.2,74.0,yes
STU-0007160,25,6.7,88.6,75.9,3,7.6,66.7,yes
STU-0007161,21,11.0,57.2,47.2,6,5.9,49.8,no
STU-0007162,22,16.7,64.8,98.3,3,6.6,83.2,yes
STU-0007163,24,15.4,85.7,100,8,6.9,75.5,yes
STU-0007164,23,20.3,80.6,92.9,4,7.6,84.7,yes
STU-0007165,24,15.7,77.6,72.7,9,7.4,65.4,yes
STU-0007166,17,24.4,86.1,100,13,7.2,96.8,yes
STU-0007167,18,1.0,64.8,76.9,7,7.0,58.2,no
STU-0007168,20,9.1,62.5,95.7,10,6.4,93.0,yes
STU-0007169,23,4.8,76.3,62.8,3,6.8,74.4,yes
STU-0007170,17,10.5,79.4,54.6,6,6.7,61.9,yes
STU-0007171,25,20.1,67.7,100,6,8.2,91.1,yes
STU-0007172,18,12.4,75.9,100,8,7.5,87.3,yes
STU-0007173,26,10.4,82.4,95.3,12,7.6,93.6,yes
STU-0007174,18,1.0,72.1,60.3,3,7.3,52.2,no
STU-0007175,21,16.2,100,100,3,7.1,91.6,yes
STU-0007176,22,15.0,70.9,86.0,13,8.0,72.7,yes
STU-0007177,20,15.4,64.9,55.8,5,6.2,52.8,no
STU-0007178,18,6.6,65.8,79.6,3,7.5,61.7,yes
STU-0007179,18,13.4,61.7,100,11,7.6,85.7,yes
STU-0007180,19,16.6,95.8,100,5,7.9,82.6,yes
STU-0007181,19,13.2,63.9,62.8,8,6.8,59.0,no
STU-0007182,20,10.9,66.8,50.8,7,6.4,57.7,no
STU-0007183,18,18.1,98.7,100,13,7.3,84.1,yes
STU-0007184,22,8.0,60.8,63.4,13,5.6,51.2,no
STU-0007185,17,3.1,50.6,75.8,5,4.9,50.3,no
STU-0007186,24,6.8,76.5,94.6,6,6.7,55.4,no
STU-0007187,20,8.3,62.5,53.7,11,5.5,50.1,no
STU-0007188,20,15.0,91.3,100,3,7.3,81.8,yes
STU-0007189,22,16.2,83.4,93.5,13,5.2,74.6,yes
STU-0007190,23,1.0,53.3,53.8,9,6.9,60.2,yes
STU-0007191,21,14.4,74.7,86.7,9,6.4,78.0,yes
STU-0007192,19,12.9,66.5,92.7,11,7.7,80.9,yes
STU-0007193,24,13.5,84.2,94.8,3,6.9,69.1,yes
STU-0007194,22,8.4,84.1,82.0,4,7.8,78.9,yes
STU-0007195,17,8.4,63.8,63.3,8,6.4,63.3,yes
STU-0007196,25,25.1,86.7,100,13,6.2,90.3,yes
STU-0007197,26,12.5,85.0,91.8,3,8.6,85.7,yes
STU-0007198,18,14.0,65.3,60.6,9,5.6,52.0,no
STU-0007199,23,16.1,84.4,77.9,11,6.7,80.0,yes
STU-0007200,21,13.4,74.1,64.5,3,7.3,71.5,yes
STU-0007201,21,5.5,58.5,69.6,9,7.7,62.5,yes
STU-0007202,17,18.6,100,92.0,10,7.1,94.9,yes
STU-0007203,19,7.4,84.8,73.0,13,7.5,71.3,yes
STU-0007204,26,16.0,96.7,100,7,7.6,93.8,yes
STU-0007205,23,2.5,66.0,38.3,8,6.7,41.7,no
STU-0007206,25,24.8,85.7,100,5,7.7,99.5,yes
STU-0007207,21,20.6,93.7,75.8,6,7.6,78.3,yes
STU-0007208,19,17.2,100,100,6,8.5,93.9,yes
STU-0007209,19,13.5,75.1,89.2,11,7.7,78.9,yes
STU-0007210,17,1.0,40.3,32.4,3,4.1,26.6,no
STU-0007211,25,5.4,80.4,92.2,5,6.1,80.3,yes
STU-0007212,22,8.1,74.9,83.4,14,6.2,68.0,yes
STU-0007213,21,5.4,85.3,100,12,6.5,75.9,yes
STU-0007214,21,6.1,75.3,75.8,5,5.8,54.2,no
STU-0007215,24,8.0,70.8,48.4,13,5.4,57.6,no
STU-0007216,19,15.7,73.0,100,10,7.6,92.7,yes
STU-0007217,22,10.1,79.7,73.8,10,7.2,67.9,yes
STU-0007218,18,23.4,75.1,76.9,7,6.8,72.3,yes
STU-0007219,23,9.9,82.9,69.6,14,6.6,57.5,no
STU-0007220,17,5.7,83.9,100,11,7.1,85.6,yes
STU-0007221,20,1.0,56.6,69.4,11,6.0,55.5,no
STU-0007222,19,3.9,78.5,86.1,12,7.8,74.0,yes
STU-0007223,23,1.0,60.0,87.5,3,7.7,71.9,yes
STU-0007224,17,10.1,56.8,58.6,12,7.3,62.8,yes
STU-0007225,18,3.5,88.8,68.4,11,6.9,57.5,no
STU-0007226,18,8.4,71.0,73.1,7,5.8,64.8,yes
STU-0007227,19,1.8,57.0,66.6,11,5.9,60.7,yes
STU-0007228,25,1.5,75.2,67.9,12,7.7,59.9,no
STU-0007229,20,5.1,67.3,39.3,3,7.6,52.1,no
STU-0007230,20,1.6,58.3,35.2,3,6.7,32.1,no
STU-0007231,23,22.7,97.1,100,13,7.8,99.0,yes
STU-0007232,20,19.9,78.3,91.1,12,5.8,79.3,yes
STU-0007233,20,7.1,78.6,95.4,6,8.1,88.0,yes
STU-0007234,22,4.4,59.7,56.9,9,4.8,40.0,no
STU-0007235,19,19.3,87.8,100,8,6.3,99.6,yes
STU-0007236,21,10.5,95.6,94.3,11,7.1,81.4,yes
STU-0007237,17,13.8,87.1,100,11,6.7,88.8,yes
STU-0007238,24,11.1,85.1,70.4,7,6.6,72.6,yes
STU-0007239,24,28.9,96.6,100,7,8.3,89.3,yes
STU-0007240,18,19.9,89.3,72.9,12,8.9,78.0,yes
STU-0007241,18,20.8,82.4,100,3,6.4,79.4,yes
STU-0007242,21,17.5,97.3,73.8,8,7.8,79.1,yes
STU-0007243,19,13.0,63.7,100,12,6.0,73.8,yes
STU-0007244,24,4.0,69.8,95.4,10,5.1,72.9,yes
STU-0007245,26,14.8,81.0,100,14,8.2,81.0,yes
STU-0007246,21,1.2,75.7,77.7,5,6.5,58.7,no
STU-0007247,22,16.4,75.9,92.4,11,7.4,82.4,yes
STU-0007248,20,19.9,82.3,100,4,6.9,89.8,yes
STU-0007249,20,17.0,78.7,82.4,7,5.6,61.2,yes
STU-0007250,26,1.0,72.7,68.0,5,6.8,63.0,yes
STU-0007251,19,12.5,74.9,82.4,7,7.7,72.7,yes
STU-0007252,19,10.1,79.3,100,8,7.0,72.9,yes
STU-0007253,22,13.1,82.4,100,6,7.5,83.5,yes
STU-0007254,19,5.8,86.0,86.7,8,6.7,75.5,yes
STU-0007255,21,23.2,100,100,4,6.7,95.3,yes
STU-0007256,20,10.7,86.1,92.9,13,7.4,89.4,yes
STU-0007257,22,15.2,62.9,65.5,8,7.8,51.0,no
STU-0007258,17,15.0,75.9,76.5,13,6.3,71.5,yes
STU-0007259,19,11.4,71.9,66.1,12,8.4,73.9,yes
STU-0007260,18,14.0,73.0,88.5,11,5.7,63.1,yes
STU-0007261,20,17.9,73.5,87.0,12,6.2,78.5,yes
STU-0007262,21,11.1,64.3,94.9,3,6.6,78.7,yes
STU-0007263,18,4.8,81.2,100,7,6.6,76.1,yes
STU-0007264,21,1.8,64.8,85.6,13,6.8,47.1,no
STU-0007265,18,23.0,80.4,95.6,14,7.6,86.0,yes
STU-0007266,21,8.2,55.5,74.8,10,7.3,63.4,yes
STU-0007267,19,12.3,73.5,100,8,5.9,79.1,yes
STU-0007268,20,20.4,64.2,72.2,7,6.9,64.1,yes
STU-0007269,18,10.0,72.4,100,11,7.0,81.8,yes
STU-0007270,25,26.8,86.9,100,14,8.0,100,yes
STU-0007271,21,22.3,100,100,8,8.7,95.9,yes
STU-0007272,19,4.9,64.9,61.2,10,6.8,59.1,no
STU-0007273,21,7.1,96.0,80.7,10,7.3,76.5,yes
STU-0007274,26,16.8,92.9,100,10,8.5,93.4,yes
STU-0007275,25,9.7,83.4,83.1,5,7.8,80.4,yes
STU-0007276,22,25.6,91.1,100,13,8.8,95.6,yes
STU-0007277,19,6.5,77.1,47.9,5,6.8,55.8,no
STU-0007278,24,25.0,81.6,100,13,7.2,93.1,yes
STU-0007279,21,21.9,76.5,100,6,6.9,77.9,yes
STU-0007280,20,1.0,67.3,57.1,14,5.3,54.6,no
STU-0007281,22,9.3,67.7,58.7,12,5.5,52.9,no
STU-0007282,21,6.7,63.3,59.8,12,7.7,63.5,yes
STU-0007283,25,13.2,82.8,100,3,6.9,77.2,yes
STU-0007284,19,21.3,100,100,13,7.8,100,yes
STU-0007285,25,22.1,59.5,75.7,4,9.0,79.6,yes
STU-0007286,20,7.7,84.4,100,11,7.7,88.6,yes
STU-0007287,25,1.0,62.2,63.0,3,6.6,42.3,no
STU-0007288,21,7.6,75.0,100,6,7.9,75.0,yes
STU-0007289,23,7.6,71.2,66.8,11,7.8,57.2,no
STU-0007290,21,16.7,75.4,89.1,5,6.1,68.1,yes
STU-0007291,22,16.9,76.0,99.1,4,7.8,75.3,yes
STU-0007292,26,4.9,59.0,93.4,11,6.6,64.7,yes
STU-0007293,17,1.0,75.3,67.5,6,7.5,72.0,yes
STU-0007294,21,6.8,77.5,81.1,13,7.0,78.7,yes
STU-0007295,18,12.6,84.4,65.9,5,6.1,66.9,yes
STU-0007296,19,18.6,97.2,100,12,8.7,98.7,yes
STU-0007297,18,14.6,76.4,96.7,14,7.6,88.3,yes
STU-0007298,20,15.4,80.1,88.5,5,6.4,80.2,yes
STU-0007299,23,17.1,94.3,100,12,8.6,96.7,yes
STU-0007300,25,15.7,77.5,100,5,7.2,83.1,yes
STU-0007301,19,10.5,64.4,71.2,10,6.9,67.8,yes
STU-0007302,23,8.2,69.6,74.4,7,6.4,54.2,no
STU-0007303,24,4.8,71.5,91.1,10,5.7,73.1,yes
STU-0007304,19,9.5,77.1,97.3,10,7.0,76.4,yes
STU-0007305,25,1.0,66.1,55.9,13,6.7,52.0,no
STU-0007306,20,14.9,84.5,97.9,9,7.3,72.7,yes
STU-0007307,20,13.1,92.4,100,4,8.1,58.3,no
STU-0007308,20,7.9,66.9,39.1,3,5.9,59.9,no
STU-0007309,21,1.0,67.3,64.2,5,6.6,56.9,no
STU-0007310,21,4.9,61.1,65.3,5,8.0,63.8,yes
STU-0007311,17,9.4,90.9,100,14,7.5,83.9,yes
STU-0007312,24,3.5,67.5,67.3,13,6.8,61.9,yes
STU-0007313,26,23.3,82.3,100,4,6.6,94.5,yes
STU-0007314,19,6.8,76.5,55.7,11,8.2,72.6,yes
STU-0007315,19,8.1,72.8,55.1,3,7.1,62.1,yes
STU-0007316,19,11.8,100,100,4,7.7,90.6,yes
STU-0007317,18,8.4,90.4,72.3,6,7.8,75.9,yes
STU-0007318,20,7.4,73.4,72.5,4,7.1,63.7,yes
STU-0007319,23,14.5,79.4,82.3,5,7.4,82.4,yes
STU-0007320,24,13.4,75.9,65.8,4,6.5,56.8,no
STU-0007321,26,1.0,47.3,20,8,6.3,28.6,no
STU-0007322,20,17.2,90.5,100,13,7.6,93.0,yes
STU-0007323,18,18.5,100,86.6,4,8.2,92.8,yes
STU-0007324,21,3.6,75.6,36.4,4,6.3,45.2,no
STU-0007325,18,12.3,76.9,100,8,7.8,92.8,yes
STU-0007326,21,17.8,93.3,100,13,7.6,91.6,yes
STU-0007327,20,6.3,90.5,53.4,4,7.5,63.3,yes
STU-0007328,20,11.0,63.9,78.7,10,6.1,75.0,yes
STU-0007329,19,13.4,78.3,100,4,6.3,75.3,yes
STU-0007330,22,10.9,65.9,59.0,12,6.1,61.6,yes
STU-0007331,19,14.4,100,100,12,6.8,89.1,yes
STU-0007332,18,15.9,82.5,100,12,7.1,88.9,yes
STU-0007333,24,14.4,78.4,69.3,4,8.4,73.1,yes
STU-0007334,23,1.0,48.9,34.8,11,5.9,46.4,no
STU-0007335,19,6.6,80.0,48.8,12,6.7,55.7,no
STU-0007336,21,16.5,76.4,87.2,8,6.7,68.6,yes
STU-0007337,24,13.0,100,100,14,7.5,93.0,yes
STU-0007338,19,10.2,72.1,66.6,11,5.9,53.5,no
STU-0007339,19,13.4,100,100,12,7.4,86.5,yes
STU-0007340,24,1.0,62.1,53.5,6,7.3,61.1,yes
STU-0007341,19,15.8,92.5,85.2,9,7.2,86.2,yes
STU-0007342,26,17.8,88.8,100,13,9.1,93.9,yes
STU-0007343,19,7.5,64.7,73.7,4,6.8,59.4,no
STU-0007344,19,18.4,62.9,61.7,4,8.7,62.4,yes
STU-0007345,19,12.0,88.5,98.2,7,6.3,85.7,yes
STU-0007346,19,11.4,79.1,97.6,12,5.9,46.3,no
STU-0007347,26,5.8,79.5,100,9,7.2,85.7,yes
STU-0007348,19,17.1,93.3,100,10,6.8,99.6,yes
STU-0007349,26,14.3,100,100,4,7.7,89.2,yes
STU-0007350,22,4.2,68.5,75.1,3,8.4,62.1,yes
STU-0007351,20,11.0,100,100,12,6.2,87.2,yes
STU-0007352,18,6.3,69.9,71.6,10,6.2,67.6,yes
STU-0007353,25,15.7,84.1,100,12,5.3,52.2,no
STU-0007354,18,8.2,83.5,99.7,13,7.2,73.6,yes
STU-0007355,18,1.0,68.6,71.5,8,6.5,65.8,yes
STU-0007356,18,8.4,70.4,72.1,12,6.3,60.7,yes
STU-0007357,23,10.8,58.0,55.4,14,8.0,63.4,yes
STU-0007358,23,16.8,82.3,100,11,7.5,88.9,yes
STU-0007359,21,12.5,71.4,90.6,3,6.5,78.9,yes
STU-0007360,22,16.6,79.8,90.0,13,7.4,93.8,yes
STU-0007361,17,8.1,79.7,93.3,4,8.5,81.8,yes
STU-0007362,25,18.1,87.5,100,11,8.1,90.8,yes
STU-0007363,26,11.2,79.8,78.1,10,6.6,67.7,yes
STU-0007364,21,20.5,92.1,81.5,9,6.5,83.7,yes
STU-0007365,17,16.3,81.4,93.5,14,7.0,80.4,yes
STU-0007366,26,2.8,71.5,22.1,14,7.8,38.4,no
STU-0007367,21,22.9,67.6,83.5,6,7.6,79.5,yes
STU-0007368,20,20.3,83.7,89.1,11,6.0,81.8,yes
STU-0007369,22,16.1,87.3,76.6,3,7.3,82.8,yes
STU-0007370,20,6.7,66.5,77.3,8,7.0,66.5,yes
STU-0007371,21,9.1,80.3,100,11,6.3,93.0,yes
STU-0007372,22,5.9,66.3,78.2,13,5.7,55.4,no
STU-0007373,26,15.2,76.3,89.6,7,7.4,84.7,yes
STU-0007374,19,6.2,84.6,100,3,7.2,90.4,yes
STU-0007375,21,13.5,75.0,97.8,4,7.6,86.1,yes
STU-0007376,18,19.8,77.7,71.4,4,7.4,71.2,yes
STU-0007377,25,11.3,77.9,99.1,8,7.8,78.4,yes
STU-0007378,21,24.9,80.6,96.4,7,6.2,77.9,yes
STU-0007379,19,6.3,74.2,98.4,7,6.6,76.6,yes
STU-0007380,20,13.3,62.7,84.9,3,7.5,70.1,yes
STU-0007381,19,14.4,77.8,79.9,8,6.9,73.7,yes
STU-0007382,25,7.4,73.4,100,3,5.7,71.3,yes
STU-0007383,22,11.7,90.9,80.0,4,8.5,83.8,yes
STU-0007384,18,15.0,91.7,100,3,9.0,100,yes
STU-0007385,17,13.5,83.6,87.0,5,8.5,76.1,yes
STU-0007386,21,1.0,85.2,69.4,13,6.2,44.3,no
STU-0007387,25,5.5,64.4,74.1,9,7.9,51.9,no
STU-0007388,20,15.6,95.5,100,9,7.8,81.4,yes
STU-0007389,21,18.5,89.4,86.9,9,7.4,84.6,yes
STU-0007390,21,23.3,83.9,100,10,8.1,98.5,yes
STU-0007391,17,21.2,91.8,100,13,8.1,100,yes
STU-0007392,21,19.0,100,100,3,8.4,90.4,yes
STU-0007393,20,16.9,75.7,100,3,8.0,100,yes
STU-0007394,20,1.0,49.3,34.9,13,7.4,44.7,no
STU-0007395,26,6.5,73.2,95.4,11,7.4,79.6,yes
STU-0007396,23,9.6,73.6,71.5,6,7.5,64.7,yes
STU-0007397,25,15.8,90.7,100,3,7.8,83.4,yes
STU-0007398,18,16.2,88.8,100,10,9.0,87.9,yes
STU-0007399,21,5.2,81.0,99.7,6,6.4,81.5,yes
STU-0007400,18,6.1,95.4,82.0,4,6.3,61.7,yes
STU-0007401,24,25.6,93.1,100,7,8.2,95.7,yes
STU-0007402,21,1.0,81.0,44.7,6,6.9,47.1,no
STU-0007403,21,15.3,76.4,100,14,6.6,80.7,yes
STU-0007404,20,21.0,88.0,93.3,4,8.0,80.6,yes
STU-0007405,24,15.5,86.5,100,11,6.6,81.0,yes
STU-0007406,17,20.1,86.1,100,8,7.2,80.5,yes
STU-0007407,17,23.8,78.3,92.0,5,8.4,83.0,yes
STU-0007408,23,14.3,81.6,95.9,3,7.5,82.0,yes
STU-0007409,19,15.2,87.6,96.8,10,6.8,82.5,yes
STU-0007410,20,10.0,79.5,100,12,6.2,64.5,yes
STU-0007411,22,5.0,64.9,75.6,12,7.9,65.5,yes
STU-0007412,18,3.5,85.1,89.6,8,4.9,73.0,yes
STU-0007413,20,18.5,92.8,100,3,8.1,87.1,yes
STU-0007414,20,1.0,70.3,38.3,3,5.6,44.6,no
STU-0007415,22,1.0,66.1,60.8,4,7.3,65.4,yes
STU-0007416,26,4.9,58.1,57.3,11,8.2,63.5,yes
STU-0007417,19,10.8,77.4,84.0,3,7.3,70.6,yes
STU-0007418,18,10.3,80.5,95.9,7,5.1,65.1,yes
STU-0007419,21,3.1,59.0,57.4,10,6.5,34.7,no
STU-0007420,19,15.2,81.4,68.0,4,7.9,81.4,yes
STU-0007421,19,18.2,67.4,68.9,9,4.7,72.4,yes
STU-0007422,19,24.2,80.7,94.5,4,6.3,87.7,yes
STU-0007423,21,1.8,49.5,35.4,9,6.8,35.8,no
STU-0007424,22,13.9,69.8,67.6,3,8.8,63.2,yes
STU-0007425,20,2.4,74.4,63.8,7,7.7,71.8,yes
STU-0007426,20,18.1,84.1,96.9,13,6.9,88.0,yes
STU-0007427,18,1.1,58.4,63.1,5,6.2,53.3,no
STU-0007428,21,8.5,61.4,100,9,5.7,70.2,yes
STU-0007429,20,16.8,94.3,100,6,8.1,92.9,yes
STU-0007430,19,6.9,76.0,68.0,11,7.1,63.1,yes
STU-0007431,20,5.3,74.8,87.7,5,7.0,72.4,yes
STU-0007432,24,6.0,64.5,75.7,3,6.2,64.7,yes
STU-0007433,25,16.3,81.8,57.9,14,7.1,59.9,no
STU-0007434,20,4.4,74.8,79.7,8,7.6,68.9,yes
STU-0007435,20,23.6,89.5,95.2,7,9.1,89.0,yes
STU-0007436,26,24.6,83.2,100,8,7.0,94.1,yes
STU-0007437,20,3.5,87.4,72.3,9,7.3,71.6,yes
STU-0007438,19,16.8,82.7,68.3,14,8.0,79.1,yes
STU-0007439,21,13.5,90.8,85.4,11,5.3,67.4,yes
STU-0007440,18,16.1,90.8,100,11,6.5,74.9,yes
STU-0007441,22,7.6,64.0,100,9,4.3,45.1,no
STU-0007442,18,14.9,82.8,100,11,6.5,80.5,yes
STU-0007443,22,12.3,89.0,60.6,12,7.2,71.5,yes
STU-0007444,23,13.8,69.2,76.0,11,7.3,69.8,yes
STU-0007445,19,4.7,79.2,64.0,9,8.1,67.6,yes
STU-0007446,26,14.6,69.9,94.6,10,7.0,81.8,yes
STU-0007447,18,11.6,84.3,93.4,10,7.7,82.0,yes
STU-0007448,24,19.5,75.8,94.9,13,6.5,84.6,yes
STU-0007449,19,13.8,88.1,100,14,6.8,94.2,yes
STU-0007450,25,1.0,71.1,57.6,3,6.5,48.2,no
STU-0007451,19,1.0,50.2,24.4,11,6.1,29.9,no
STU-0007452,21,1.0,65.3,43.0,4,7.9,39.5,no
STU-0007453,20,4.3,78.3,89.5,6,7.9,95.5,yes
STU-0007454,26,11.8,88.5,100,12,7.7,78.5,yes
STU-0007455,20,4.6,64.8,51.7,4,6.4,54.5,no
STU-0007456,19,1.0,78.2,95.5,10,8.1,72.8,yes
STU-0007457,18,6.1,83.2,100,12,6.9,77.0,yes
STU-0007458,25,5.2,59.4,38.1,6,5.6,38.4,no
STU-0007459,24,14.8,80.3,100,7,5.5,80.7,yes
STU-0007460,18,11.2,74.0,100,13,8.1,84.2,yes
STU-0007461,21,1.0,84.5,54.0,10,5.7,55.1,no
STU-0007462,25,2.2,52.2,74.4,12,6.6,49.8,no
STU-0007463,17,19.7,89.6,100,10,8.2,100,yes
STU-0007464,18,14.8,68.1,56.3,9,9.2,53.0,no
STU-0007465,20,10.0,57.5,73.9,4,6.3,59.9,no
STU-0007466,21,8.0,89.8,83.1,9,6.4,77.8,yes
STU-0007467,18,30.9,96.1,100,12,8.2,100,yes
STU-0007468,26,9.6,70.6,78.3,5,6.0,68.8,yes
STU-0007469,23,7.5,61.2,54.9,13,7.7,66.5,yes
STU-0007470,21,13.5,76.7,84.3,7,7.2,72.5,yes
STU-0007471,21,3.9,76.2,90.1,8,7.8,67.5,yes
STU-0007472,24,16.1,92.5,100,10,6.5,81.9,yes
STU-0007473,20,1.0,67.3,71.6,10,7.1,63.4,yes
STU-0007474,25,8.8,83.2,89.0,7,7.7,49.8,no
STU-0007475,21,11.0,89.6,100,9,8.7,90.6,yes
STU-0007476,19,8.2,64.0,70.4,5,6.9,60.3,yes
STU-0007477,19,11.7,82.9,74.0,7,5.7,70.2,yes
STU-0007478,21,2.7,74.7,52.9,6,5.9,53.1,no
STU-0007479,26,3.7,77.4,65.4,7,7.0,52.8,no
STU-0007480,22,13.1,74.5,99.0,8,7.6,79.2,yes
STU-0007481,17,16.5,90.5,98.1,14,6.9,93.0,yes
STU-0007482,20,8.6,63.1,95.7,14,6.7,67.6,yes
STU-0007483,18,18.9,76.4,100.0,3,7.9,91.9,yes
STU-0007484,24,12.5,68.5,86.9,3,5.7,60.6,yes
STU-0007485,18,7.2,80.9,74.0,8,7.5,67.5,yes
STU-0007486,17,14.2,100,100,5,7.2,90.4,yes
STU-0007487,19,6.4,95.8,90.0,5,7.0,77.9,yes
STU-0007488,26,1.0,70.2,63.0,3,7.7,66.6,yes
STU-0007489,19,8.8,89.8,100,6,6.3,84.0,yes
STU-0007490,21,14.8,78.0,98.6,4,6.4,90.5,yes
STU-0007491,26,14.7,75.2,84.4,11,6.3,69.1,yes
STU-0007492,23,22.2,80.3,94.8,12,7.9,84.8,yes
STU-0007493,18,18.4,74.0,80.1,14,7.3,76.7,yes
STU-0007494,21,1.0,77.5,66.3,12,6.7,59.7,no
STU-0007495,24,8.5,60.4,98.0,4,6.0,74.8,yes
STU-0007496,20,22.4,70.4,100,10,9.5,90.6,yes
STU-0007497,19,2.5,69.7,74.9,9,8.3,56.0,no
STU-0007498,20,8.6,59.6,59.5,3,6.7,61.8,yes
STU-0007499,20,20.8,84.7,87.2,13,7.1,81.1,yes
STU-0007500,21,17.6,90.9,78.5,8,7.7,85.0,yes
STU-0007501,21,4.9,63.5,85.7,5,5.2,71.4,yes
STU-0007502,25,11.4,78.8,84.9,6,6.7,76.6,yes
STU-0007503,19,14.2,70.1,100,11,8.0,85.3,yes
STU-0007504,20,21.9,84.9,100,12,7.0,97.6,yes
STU-0007505,17,14.0,90.3,89.5,12,6.7,75.6,yes
STU-0007506,20,6.0,84.5,60.9,5,7.3,57.4,no
STU-0007507,18,23.4,89.1,100,6,8.3,89.5,yes
STU-0007508,20,1.9,68.4,44.8,10,6.5,37.4,no
STU-0007509,26,21.5,93.5,100,5,6.7,89.6,yes
STU-0007510,23,9.0,60.7,85.5,10,7.2,76.2,yes
STU-0007511,22,7.0,76.5,64.9,3,7.2,67.7,yes
STU-0007512,19,16.4,88.9,87.0,3,6.4,76.2,yes
STU-0007513,22,13.2,76.6,100,4,7.4,83.5,yes
STU-0007514,22,1.0,53.0,61.7,6,5.1,53.5,no
STU-0007515,23,8.6,70.0,24.9,3,6.9,49.2,no
STU-0007516,23,11.4,70.8,59.9,10,5.4,64.4,yes
STU-0007517,21,1.0,51.7,63.4,10,7.2,55.8,no
STU-0007518,18,9.0,69.3,61.8,4,6.4,59.3,no
STU-0007519,25,11.1,75.7,100,8,7.8,82.5,yes
STU-0007520,19,1.0,66.4,64.5,10,6.1,50.5,no
STU-0007521,20,22.4,79.4,100,8,7.1,87.2,yes
STU-0007522,20,10.2,79.3,77.5,14,8.7,71.9,yes
STU-0007523,23,14.5,68.3,100,7,6.6,69.9,yes
STU-0007524,21,8.6,60.0,59.1,9,6.5,54.7,no
STU-0007525,21,18.2,83.6,84.7,11,7.0,78.9,yes
STU-0007526,25,1.6,61.1,89.7,6,6.6,66.1,yes
STU-0007527,24,3.6,82.0,70.6,8,6.6,64.6,yes
STU-0007528,21,9.9,81.9,79.8,10,7.1,49.6,no
STU-0007529,18,16.8,93.0,84.2,7,8.6,82.3,yes
STU-0007530,20,7.8,78.0,63.5,6,7.7,64.8,yes
STU-0007531,22,13.3,74.8,57.6,5,6.8,62.5,yes
STU-0007532,19,7.9,68.9,46.1,12,6.7,54.6,no
STU-0007533,21,17.6,91.8,88.6,13,6.4,68.5,yes
STU-0007534,23,10.2,76.4,85.3,11,6.1,72.2,yes
STU-0007535,18,22.2,76.6,100,4,9.5,95.4,yes
STU-0007536,26,17.3,100,100,13,9.4,89.8,yes
STU-0007537,18,5.8,75.6,80.3,11,6.3,57.5,no
STU-0007538,23,9.9,70.3,74.4,12,7.9,76.9,yes
STU-0007539,25,13.0,64.6,84.6,9,8.1,75.6,yes
STU-0007540,20,22.5,100,100,8,8.2,100,yes
STU-0007541,20,8.8,79.5,95.6,6,8.2,79.8,yes
STU-0007542,23,16.2,84.8,49.1,5,6.8,64.3,yes
STU-0007543,22,10.9,84.2,79.9,6,6.7,65.6,yes
STU-0007544,22,5.8,74.7,64.7,9,6.0,59.1,no
STU-0007545,20,11.3,84.4,95.0,13,6.2,77.3,yes
STU-0007546,26,5.9,77.4,60.5,11,7.6,61.2,yes
STU-0007547,18,5.4,66.4,40.7,9,7.7,60.9,yes
STU-0007548,18,7.5,59.9,50.0,14,7.2,50.6,no
STU-0007549,18,23.5,73.2,100,9,5.4,87.9,yes
STU-0007550,20,13.9,70.6,89.2,8,6.7,72.0,yes
STU-0007551,19,8.8,82.3,100,8,6.6,86.6,yes
STU-0007552,20,4.8,56.6,43.3,5,6.8,41.4,no
STU-0007553,20,1.1,66.5,88.5,12,5.7,60.0,no
STU-0007554,23,9.0,57.9,89.7,4,6.0,65.8,yes
STU-0007555,19,19.5,74.0,64.4,5,8.1,68.1,yes
STU-0007556,24,6.1,71.4,100,3,5.4,77.2,yes
STU-0007557,19,14.8,67.4,80.4,12,8.1,64.6,yes
STU-0007558,22,13.0,70.3,100,3,7.7,74.2,yes
STU-0007559,23,23.1,87.8,76.6,10,7.4,80.5,yes
STU-0007560,20,15.5,73.8,87.7,7,8.7,85.1,yes
STU-0007561,19,11.8,91.5,100,3,8.5,82.4,yes
STU-0007562,21,10.1,61.0,93.3,7,7.8,84.5,yes
STU-0007563,25,14.4,85.8,97.4,5,6.7,82.5,yes
STU-0007564,26,1.6,48.4,35.5,13,6.1,36.0,no
STU-0007565,20,8.2,68.6,88.2,9,7.6,66.4,yes
STU-0007566,24,7.6,69.5,100,7,7.4,89.7,yes
STU-0007567,22,20.5,89.8,98.8,12,6.5,93.8,yes
STU-0007568,21,11.5,86.0,83.8,4,7.3,69.5,yes
STU-0007569,21,14.7,94.4,100,10,7.9,91.9,yes
STU-0007570,20,17.2,65.8,70.7,12,6.4,59.2,no
STU-0007571,18,15.8,87.2,100,12,6.9,87.8,yes
STU-0007572,18,5.8,76.2,79.8,10,5.8,67.7,yes
STU-0007573,26,16.3,89.7,100,13,6.8,80.5,yes
STU-0007574,17,3.9,79.2,54.1,10,5.7,56.3,no
STU-0007575,18,8.4,66.5,75.2,5,6.5,58.0,no
STU-0007576,24,11.8,62.4,82.9,12,7.3,59.4,no
STU-0007577,19,6.3,78.4,91.8,7,6.8,71.6,yes
STU-0007578,23,16.4,98.5,100,3,8.8,78.9,yes
STU-0007579,19,3.2,74.5,22.3,13,7.4,41.6,no
STU-0007580,24,1.0,56.8,61.3,12,7.0,47.8,no
STU-0007581,24,14.3,79.2,64.0,5,7.2,73.6,yes
STU-0007582,24,1.0,52.0,61.0,10,6.6,25.6,no
STU-0007583,18,9.1,70.8,39.7,14,7.4,52.0,no
STU-0007584,19,25.1,94.9,100,9,7.8,89.2,yes
STU-0007585,18,13.3,91.1,76.2,6,7.5,86.3,yes
STU-0007586,20,16.4,85.1,100,3,8.3,80.6,yes
STU-0007587,18,18.0,81.0,92.8,4,6.5,81.0,yes
STU-0007588,18,17.1,88.0,100,8,8.5,96.3,yes
STU-0007589,18,9.4,73.4,70.4,14,7.9,71.8,yes
STU-0007590,21,5.8,65.0,63.0,13,6.6,62.4,yes
STU-0007591,21,14.5,69.3,100,4,8.3,80.4,yes
STU-0007592,17,17.3,90.7,100,5,8.3,91.3,yes
STU-0007593,17,21.0,77.3,100,14,7.0,81.5,yes
STU-0007594,25,19.1,86.8,100,3,6.5,79.8,yes
STU-0007595,20,13.0,59.7,75.6,11,7.5,63.9,yes
STU-0007596,21,9.9,65.3,75.3,8,7.6,67.6,yes
STU-0007597,25,5.6,75.6,90.5,7,7.1,69.0,yes
STU-0007598,18,1.7,62.3,60.3,11,6.7,44.6,no
STU-0007599,18,16.3,89.1,100,9,9.1,94.6,yes
STU-0007600,19,6.5,73.4,53.9,13,7.0,66.0,yes
STU-0007601,22,19.9,88.9,100,7,8.4,89.2,yes
STU-0007602,18,1.0,53.3,83.6,5,6.3,61.3,yes
STU-0007603,18,1.0,78.5,81.7,5,7.0,69.1,yes
STU-0007604,23,1.9,66.2,81.9,10,7.8,66.1,yes
STU-0007605,20,8.7,83.8,100,10,6.5,76.4,yes
STU-0007606,19,16.6,82.2,94.9,9,6.9,76.0,yes
STU-0007607,19,7.3,63.7,55.9,9,8.5,61.6,yes
STU-0007608,19,19.5,83.4,98.9,6,6.4,96.6,yes
STU-0007609,24,2.2,79.2,92.8,5,6.9,77.5,yes
STU-0007610,19,16.2,80.5,100,9,6.4,79.7,yes
STU-0007611,21,18.7,86.5,87.7,11,8.9,83.9,yes
STU-0007612,23,9.1,60.7,88.0,9,7.0,60.7,yes
STU-0007613,18,1.0,59.4,55.3,14,5.6,47.8,no
STU-0007614,18,13.7,64.0,57.7,3,6.5,52.4,no
STU-0007615,21,7.9,91.1,100,7,7.0,81.1,yes
STU-0007616,26,18.4,92.2,100,8,7.4,89.2,yes
STU-0007617,18,5.1,51.6,38.2,6,6.0,51.3,no
STU-0007618,17,5.3,69.0,82.6,8,7.4,66.7,yes
STU-0007619,17,13.5,82.0,97.1,4,8.1,90.7,yes
STU-0007620,23,14.3,100,80.8,8,9.6,86.4,yes
STU-0007621,20,7.8,64.2,59.2,3,6.4,53.6,no
STU-0007622,26,11.4,72.2,93.6,9,8.8,81.7,yes
STU-0007623,20,6.2,63.6,48.5,10,7.5,48.9,no
STU-0007624,26,24.1,91.2,100,7,7.3,97.8,yes
STU-0007625,21,10.6,90.8,96.7,8,6.3,81.5,yes
STU-0007626,21,13.6,78.8,64.2,5,6.7,77.2,yes
STU-0007627,26,3.9,67.6,58.6,12,7.0,62.4,yes
STU-0007628,21,8.1,70.2,88.5,5,7.6,77.6,yes
STU-0007629,19,6.6,41.0,65.1,9,6.2,46.7,no
STU-0007630,21,16.4,83.2,100,3,8.5,91.9,yes
STU-0007631,21,1.8,63.0,57.6,6,6.3,27.3,no
STU-0007632,18,10.6,80.9,100,10,6.9,78.8,yes
STU-0007633,24,16.3,89.5,85.6,4,6.0,72.5,yes
STU-0007634,21,5.6,69.3,75.8,4,7.4,72.8,yes
STU-0007635,18,13.3,81.6,93.0,9,7.1,74.6,yes
STU-0007636,22,12.5,69.2,87.4,6,7.8,71.0,yes
STU-0007637,22,20.1,86.6,99.6,6,7.2,83.7,yes
STU-0007638,21,1.0,48.8,77.9,3,4.7,56.8,no
STU-0007639,23,1.0,65.8,47.8,14,6.2,17.5,no
STU-0007640,24,13.3,88.2,100,6,7.4,88.5,yes
STU-0007641,23,9.2,54.6,55.9,8,6.7,53.7,no
STU-0007642,22,4.0,72.5,100,8,7.1,72.9,yes
STU-0007643,20,18.4,98.6,100,14,7.7,100,yes
STU-0007644,21,10.5,74.9,70.9,7,6.5,80.0,yes
STU-0007645,23,25.8,90.5,100,8,7.2,96.4,yes
STU-0007646,23,18.9,86.3,87.9,7,6.8,75.0,yes
STU-0007647,21,4.1,83.8,91.0,11,6.2,82.6,yes
STU-0007648,19,21.4,87.1,76.1,14,6.7,81.8,yes
STU-0007649,20,1.6,64.6,41.4,12,7.4,57.1,no
STU-0007650,21,7.4,76.6,100,13,7.1,66.6,yes
STU-0007651,21,13.0,71.8,100,4,7.2,76.8,yes
STU-0007652,19,14.5,83.4,100,14,6.4,85.7,yes
STU-0007653,25,1.0,35,52.9,3,6.5,22.4,no
STU-0007654,18,12.9,85.6,98.9,8,7.0,83.6,yes
STU-0007655,21,2.7,89.3,92.7,10,6.6,73.2,yes
STU-0007656,19,3.7,66.9,53.7,13,6.7,52.5,no
STU-0007657,20,1.0,41.4,31.5,11,7.3,32.9,no
STU-0007658,20,6.3,61.3,84.1,5,8.1,61.3,yes
STU-0007659,19,11.8,74.7,86.1,6,6.6,74.7,yes
STU-0007660,18,1.0,49.2,42.1,6,5.6,48.1,no
STU-0007661,19,20.4,97.5,100,11,8.4,95.3,yes
STU-0007662,17,17.6,77.1,99.6,11,8.1,79.3,yes
STU-0007663,17,10.6,75.6,90.8,5,7.2,86.1,yes
STU-0007664,21,13.4,81.7,95.0,11,7.2,90.9,yes
STU-0007665,26,8.8,54.5,79.2,13,7.4,77.2,yes
STU-0007666,25,2.2,42.0,40.4,8,5.0,40.4,no
STU-0007667,26,11.6,74.9,78.5,6,6.6,72.0,yes
STU-0007668,18,16.0,84.1,100,10,7.7,79.2,yes
STU-0007669,20,9.5,81.8,73.9,13,7.7,82.6,yes
STU-0007670,19,3.1,57.3,75.4,14,7.7,72.3,yes
STU-0007671,21,7.9,82.2,89.3,14,7.0,77.3,yes
STU-0007672,21,25.8,99.4,100,5,7.4,93.9,yes
STU-0007673,17,2.0,77.9,73.4,11,6.4,64.1,yes
STU-0007674,24,17.0,69.9,100,12,7.7,82.1,yes
STU-0007675,21,1.0,64.4,34.5,3,6.1,34.1,no
STU-0007676,25,3.3,69.6,100,12,6.7,83.4,yes
STU-0007677,21,12.3,70.9,91.0,13,5.4,58.6,no
STU-0007678,19,1.0,65.4,63.7,8,7.4,51.5,no
STU-0007679,17,3.5,55.8,77.8,6,7.7,60.2,yes
STU-0007680,25,7.9,71.3,36.0,10,6.4,43.2,no
STU-0007681,20,18.1,89.9,100,7,7.5,89.6,yes
STU-0007682,25,10.8,66.8,92.2,5,6.4,68.6,yes
STU-0007683,19,8.7,75.4,91.8,3,5.8,74.9,yes
STU-0007684,22,11.3,82.7,100,10,8.2,66.4,yes
STU-0007685,19,6.7,96.7,83.9,4,5.7,85.5,yes
STU-0007686,25,5.3,74.1,71.2,6,7.0,60.1,yes
STU-0007687,17,10.5,79.4,82.1,7,6.9,75.1,yes
STU-0007688,21,9.9,88.6,94.5,9,7.1,76.1,yes
STU-0007689,20,1.1,69.3,55.8,3,6.8,57.5,no
STU-0007690,19,21.1,88.1,93.7,14,7.5,92.7,yes
STU-0007691,20,9.4,86.8,94.3,10,6.4,75.2,yes
STU-0007692,21,12.4,79.6,100,14,6.7,82.4,yes
STU-0007693,20,10.2,77.4,64.9,3,7.6,64.1,yes
STU-0007694,20,1.0,75.3,90.1,11,6.4,72.4,yes
STU-0007695,19,24.6,92.1,100,9,8.1,92.9,yes
STU-0007696,18,6.4,81.0,64.1,13,5.1,64.1,yes
STU-0007697,24,3.8,82.6,87.9,7,7.3,77.8,yes
STU-0007698,24,5.8,75.1,64.2,5,6.6,58.9,no
STU-0007699,23,13.4,94.9,89.1,4,9.6,89.4,yes
STU-0007700,20,12.0,70.1,59.0,5,5.8,61.7,yes
STU-0007701,26,5.2,53.4,67.2,3,6.9,53.8,no
STU-0007702,20,18.8,78.9,100,12,7.9,93.4,yes
STU-0007703,19,13.2,93.8,100,6,7.2,89.3,yes
STU-0007704,19,11.7,71.6,100,8,6.4,72.4,yes
STU-0007705,18,11.4,82.6,75.9,8,6.4,83.8,yes
STU-0007706,20,16.7,69.9,100,10,8.0,83.4,yes
STU-0007707,23,20.2,75.8,81.2,13,6.7,77.0,yes
STU-0007708,19,8.4,75.4,76.3,9,7.4,63.0,yes
STU-0007709,21,4.9,63.5,71.2,14,7.1,51.5,no
STU-0007710,25,15.9,96.0,80.8,7,7.0,80.4,yes
STU-0007711,25,10.6,82.7,100,12,7.4,90.6,yes
STU-0007712,22,8.9,80.6,63.0,4,5.9,66.5,yes
STU-0007713,25,12.8,68.4,87.8,13,6.7,72.7,yes
STU-0007714,24,10.2,83.5,100,13,5.5,88.3,yes
STU-0007715,23,3.4,54.7,100,7,7.2,74.8,yes
STU-0007716,19,8.0,81.4,81.1,9,7.2,78.2,yes
STU-0007717,19,12.4,93.6,100,13,5.7,78.9,yes
STU-0007718,23,6.6,70.0,63.8,5,6.4,61.2,yes
STU-0007719,24,24.2,75.5,87.7,3,7.4,80.9,yes
STU-0007720,21,13.4,66.6,96.5,3,5.8,58.8,no
STU-0007721,25,9.2,90.5,90.2,5,7.4,86.2,yes
STU-0007722,19,13.3,77.1,84.9,3,7.7,78.2,yes
STU-0007723,20,13.0,100,82.6,8,8.2,88.2,yes
STU-0007724,19,8.9,95.3,76.9,7,7.7,74.7,yes
STU-0007725,26,14.2,79.5,90.9,10,7.0,79.8,yes
STU-0007726,18,11.1,77.7,82.3,10,6.3,66.3,yes
STU-0007727,18,1.0,64.7,20,7,6.1,37.7,no
STU-0007728,18,10.2,72.2,91.6,6,6.9,70.6,yes
STU-0007729,19,14.0,67.5,100,10,6.5,86.4,yes
STU-0007730,18,12.1,81.3,89.7,4,8.2,78.7,yes
STU-0007731,23,5.2,79.2,88.3,3,6.8,77.2,yes
STU-0007732,21,6.9,77.7,100,12,6.4,73.7,yes
STU-0007733,22,5.3,60.5,60.6,11,6.8,61.2,yes
STU-0007734,21,5.7,79.2,100,5,8.7,97.2,yes
STU-0007735,19,9.3,64.7,97.0,13,6.2,64.2,yes
STU-0007736,24,10.2,88.0,80.3,8,7.1,67.2,yes
STU-0007737,22,7.8,70.1,63.4,8,6.7,64.6,yes
STU-0007738,21,15.4,82.3,88.0,7,6.6,80.4,yes
STU-0007739,19,7.2,66.4,82.6,14,6.3,69.9,yes
STU-0007740,20,6.1,76.8,77.9,3,7.7,73.1,yes
STU-0007741,17,2.3,69.9,36.1,5,5.7,46.6,no
STU-0007742,18,24.2,90.3,100,11,7.3,88.6,yes
STU-0007743,17,12.0,100,92.6,4,8.1,95.5,yes
STU-0007744,21,13.1,74.7,78.1,13,6.9,73.8,yes
STU-0007745,17,17.3,83.8,100,8,7.0,67.3,yes
STU-0007746,18,12.4,92.6,82.0,9,7.7,80.3,yes
STU-0007747,18,15.5,75.3,77.2,10,7.0,74.3,yes
STU-0007748,19,20.0,75.4,63.0,11,6.7,55.2,no
STU-0007749,19,1.8,75.3,72.9,13,7.4,63.5,yes
STU-0007750,18,12.6,99.5,89.5,5,8.5,87.5,yes
STU-0007751,24,1.3,64.0,68.3,9,6.0,55.8,no
STU-0007752,21,12.7,91.9,100,5,8.7,82.3,yes
STU-0007753,24,12.2,88.0,69.3,4,6.8,66.3,yes
STU-0007754,17,16.2,88.5,84.4,13,7.4,83.1,yes
STU-0007755,19,19.2,99.6,90.2,9,8.4,91.3,yes
STU-0007756,18,8.4,77.0,95.4,4,6.9,49.9,no
STU-0007757,18,17.9,84.0,100,12,8.0,82.5,yes
STU-0007758,17,9.7,92.9,83.8,3,7.4,81.6,yes
STU-0007759,21,14.7,70.6,77.8,6,5.8,62.5,yes
STU-0007760,19,17.3,100,100,11,8.2,82.2,yes
STU-0007761,20,7.9,76.3,47.7,3,7.1,55.0,no
STU-0007762,20,10.8,65.0,54.4,12,7.1,65.1,yes
STU-0007763,19,3.0,93.1,94.2,3,6.9,88.1,yes
STU-0007764,25,7.0,92.2,82.3,9,7.0,67.3,yes
STU-0007765,25,17.6,82.7,100,4,7.5,83.4,yes
STU-0007766,21,11.9,100,93.3,12,6.5,83.8,yes
STU-0007767,20,26.5,67.6,82.3,8,7.6,85.1,yes
STU-0007768,21,6.7,71.3,90.1,7,7.4,67.1,yes
STU-0007769,24,18.4,99.4,100,9,8.6,96.6,yes
STU-0007770,25,16.8,68.6,100,7,7.2,89.9,yes
STU-0007771,17,26.4,81.2,100,14,7.5,85.7,yes
STU-0007772,20,3.5,76.7,97.4,7,7.6,60.7,yes
STU-0007773,18,6.2,53.5,79.7,13,6.1,69.5,yes
STU-0007774,26,6.3,67.4,55.3,8,6.0,44.9,no
STU-0007775,25,3.1,93.8,78.3,13,6.5,64.9,yes
STU-0007776,18,16.7,99.2,100,9,6.4,91.9,yes
STU-0007777,17,17.4,91.4,100,8,7.5,96.4,yes
STU-0007778,19,3.0,87.6,67.9,8,7.3,53.6,no
STU-0007779,25,8.2,78.4,75.8,13,7.9,56.0,no
STU-0007780,20,3.6,60.7,72.0,13,7.6,64.3,yes
STU-0007781,18,13.0,96.3,100,12,8.1,91.8,yes
STU-0007782,21,18.1,92.5,97.1,11,7.9,69.0,yes
STU-0007783,21,22.5,94.8,100,7,8.0,90.3,yes
STU-0007784,18,16.1,100,100,7,6.2,93.2,yes
STU-0007785,19,10.5,77.1,100,10,7.3,86.7,yes
STU-0007786,26,20.8,95.9,100,6,7.5,83.0,yes
STU-0007787,19,10.1,78.4,95.5,8,6.0,90.3,yes
STU-0007788,26,6.9,73.7,78.6,13,7.0,72.3,yes
STU-0007789,20,1.0,68.9,31.6,12,7.0,48.2,no
STU-0007790,26,14.6,81.2,96.7,3,7.3,79.1,yes
STU-0007791,17,12.8,64.3,100,6,6.9,68.6,yes
STU-0007792,18,3.7,91.6,78.9,8,7.6,74.6,yes
STU-0007793,25,11.6,71.2,92.6,7,6.3,77.6,yes
STU-0007794,24,14.1,72.7,59.4,11,8.8,81.5,yes
STU-0007795,19,6.9,68.4,100,10,6.6,77.0,yes
STU-0007796,20,17.7,95.4,100,12,6.6,91.7,yes
STU-0007797,25,5.2,91.7,66.9,4,6.4,62.5,yes
STU-0007798,21,13.4,79.5,74.2,14,6.6,77.4,yes
STU-0007799,19,18.9,86.1,77.0,13,6.5,72.0,yes
STU-0007800,24,10.3,73.1,84.1,6,5.4,69.8,yes
STU-0007801,17,11.7,76.8,91.9,10,5.8,71.2,yes
STU-0007802,19,17.0,100,100,13,7.8,93.9,yes
STU-0007803,21,5.0,70.2,52.5,5,6.9,55.1,no
STU-0007804,24,12.8,90.8,100,4,6.7,82.8,yes
STU-0007805,25,16.4,60.3,51.5,13,6.4,19.7,no
STU-0007806,18,14.4,80.5,100,9,6.5,89.7,yes
STU-0007807,21,4.4,79.3,100,3,5.7,69.8,yes
STU-0007808,23,6.9,64.4,78.9,13,7.3,70.4,yes
STU-0007809,19,10.5,69.7,100,3,5.2,65.0,yes
STU-0007810,21,11.9,83.6,100,4,8.7,82.8,yes
STU-0007811,20,7.1,72.0,82.2,9,5.7,62.5,yes
STU-0007812,23,15.8,74.6,90.2,12,4.7,73.6,yes
STU-0007813,19,11.8,62.8,66.5,14,8.1,78.0,yes
STU-0007814,20,12.7,84.5,100,4,7.6,89.6,yes
STU-0007815,18,13.1,78.4,100,12,7.9,96.5,yes
STU-0007816,23,20.0,85.1,69.9,4,6.1,77.3,yes
STU-0007817,24,1.0,44.1,20,12,4.4,19.9,no
STU-0007818,17,8.0,74.0,60.4,3,6.1,48.1,no
STU-0007819,24,10.0,70.3,40.5,9,6.8,65.3,yes
STU-0007820,21,1.0,53.1,20,7,7.1,35.1,no
STU-0007821,21,20.0,82.9,100,11,6.2,84.0,yes
STU-0007822,18,9.7,76.7,81.5,8,7.4,76.1,yes
STU-0007823,19,1.0,78.1,96.7,11,7.0,72.6,yes
STU-0007824,21,19.8,92.6,84.8,8,7.6,73.5,yes
STU-0007825,23,7.6,51.5,57.5,8,6.6,48.2,no
STU-0007826,19,14.6,78.5,100,9,8.9,80.6,yes
STU-0007827,19,6.3,71.3,72.2,8,6.6,75.6,yes
STU-0007828,20,16.9,81.4,100,8,6.4,76.7,yes
STU-0007829,17,21.3,84.5,78.0,11,7.8,78.9,yes
STU-0007830,26,12.9,68.0,59.1,14,7.6,73.8,yes
STU-0007831,23,17.9,91.0,91.6,4,7.7,79.0,yes
STU-0007832,19,7.7,87.7,97.8,5,7.4,90.1,yes
STU-0007833,18,9.0,92.8,100,10,8.8,92.7,yes
STU-0007834,19,18.5,91.4,72.3,7,9.2,76.7,yes
STU-0007835,23,14.2,87.0,100,13,7.4,78.0,yes
STU-0007836,20,10.6,80.8,81.7,3,7.2,81.4,yes
STU-0007837,20,2.8,61.1,69.3,4,7.1,59.4,no
STU-0007838,17,12.7,69.3,97.0,10,6.9,84.5,yes
STU-0007839,18,15.1,76.3,90.3,14,7.0,77.7,yes
STU-0007840,25,2.4,68.0,62.5,12,7.4,50.4,no
STU-0007841,19,1.0,76.2,85.6,11,5.1,65.7,yes
STU-0007842,22,6.8,78.1,82.1,11,6.2,67.2,yes
STU-0007843,18,1.0,50.5,56.5,7,6.5,49.4,no
STU-0007844,20,24.2,93.1,100,12,8.6,100,yes
STU-0007845,25,16.4,70.4,84.4,6,6.4,68.2,yes
STU-0007846,19,1.0,71.2,71.0,3,4.9,57.2,no
STU-0007847,17,11.7,92.3,85.7,8,6.1,66.0,yes
STU-0007848,17,9.8,71.0,75.4,13,8.0,75.6,yes
STU-0007849,22,1.0,64.4,63.4,11,7.0,58.0,no
STU-0007850,25,4.7,72.1,97.8,7,7.0,83.8,yes
STU-0007851,24,10.0,68.4,78.2,9,7.1,61.6,yes
STU-0007852,21,11.0,67.1,100,9,6.0,83.9,yes
STU-0007853,24,10.7,79.2,100,9,7.2,79.0,yes
STU-0007854,22,1.9,58.1,58.1,7,6.1,46.8,no
STU-0007855,18,1.0,56.6,31.0,4,6.4,40.9,no
STU-0007856,20,7.6,75.0,82.7,14,7.1,78.8,yes
STU-0007857,25,12.7,90.5,91.0,6,8.1,81.8,yes
STU-0007858,18,18.5,76.1,75.3,14,7.7,66.9,yes
STU-0007859,19,10.4,88.4,98.9,12,8.2,93.2,yes
STU-0007860,18,14.9,84.9,100,12,6.3,91.8,yes
STU-0007861,21,2.6,64.1,87.5,11,6.8,70.5,yes
STU-0007862,18,9.9,80.7,76.6,10,4.7,73.7,yes
STU-0007863,23,13.1,82.8,89.1,9,7.0,76.6,yes
STU-0007864,22,7.1,86.4,100,13,5.8,77.1,yes
STU-0007865,20,1.0,65.2,87.1,10,5.9,65.6,yes
STU-0007866,25,8.1,67.2,87.2,3,8.1,71.4,yes
STU-0007867,23,4.3,75.2,87.6,3,6.7,69.4,yes
STU-0007868,17,1.0,69.7,55.4,8,7.4,55.5,no
STU-0007869,17,4.3,55.3,55.7,13,6.7,40.9,no
STU-0007870,20,9.2,82.8,86.9,13,7.9,85.2,yes
STU-0007871,23,16.3,81.7,69.9,12,7.9,75.9,yes
STU-0007872,18,12.8,54.0,60.1,3,7.7,73.1,yes
STU-0007873,24,8.5,78.4,100,5,8.4,88.1,yes
STU-0007874,21,3.9,85.2,93.2,14,7.9,81.7,yes
STU-0007875,25,19.2,87.5,100,4,7.7,95.9,yes
STU-0007876,18,1.0,68.6,68.7,4,6.6,59.3,no
STU-0007877,18,25.3,99.2,100,11,8.2,100,yes
STU-0007878,21,12.9,69.0,86.3,14,8.1,73.0,yes
STU-0007879,19,30.0,93.7,100,12,8.1,98.3,yes
STU-0007880,20,10.9,96.1,100,10,8.9,76.8,yes
STU-0007881,21,13.1,86.0,87.3,9,6.5,83.2,yes
STU-0007882,25,17.2,86.6,88.2,12,9.7,99.9,yes
STU-0007883,23,13.2,73.3,95.5,11,5.7,56.7,no
STU-0007884,25,1.0,84.0,65.9,6,8.2,78.9,yes
STU-0007885,20,8.6,98.7,84.9,8,7.7,87.1,yes
STU-0007886,25,34.0,92.7,100,11,7.7,98.1,yes
STU-0007887,21,13.3,82.1,83.1,10,7.1,79.0,yes
STU-0007888,24,11.3,90.0,84.8,8,8.4,81.2,yes
STU-0007889,19,26.5,100,100,9,8.0,96.8,yes
STU-0007890,17,8.3,65.0,65.0,5,7.4,45.9,no
STU-0007891,24,11.6,86.3,100,13,6.8,81.7,yes
STU-0007892,20,16.9,80.4,100,14,8.1,89.0,yes
STU-0007893,20,16.9,75.5,56.8,7,6.2,61.0,yes
STU-0007894,24,4.7,49.8,67.6,11,6.8,62.9,yes
STU-0007895,18,14.2,60.5,35.7,11,7.1,49.3,no
STU-0007896,19,3.2,80.8,78.7,3,6.8,65.7,yes
STU-0007897,17,10.2,77.5,90.3,6,7.0,80.3,yes
STU-0007898,21,10.5,73.7,63.1,14,6.3,59.5,no
STU-0007899,24,12.2,76.6,74.2,6,7.8,84.8,yes
STU-0007900,21,13.8,86.0,100,10,7.8,93.0,yes
STU-0007901,21,10.5,81.4,83.2,6,6.0,62.6,yes
STU-0007902,19,6.2,62.8,29.0,4,6.4,40.1,no
STU-0007903,21,11.2,72.8,63.3,6,7.3,62.8,yes
STU-0007904,24,9.0,100,95.8,12,7.0,81.5,yes
STU-0007905,21,6.4,71.2,45.6,9,7.2,56.6,no
STU-0007906,19,11.0,73.1,82.1,12,5.8,71.1,yes
STU-0007907,22,2.6,68.3,54.3,4,6.3,56.0,no
STU-0007908,18,9.3,97.7,100,13,7.0,88.3,yes
STU-0007909,21,9.2,91.7,78.5,3,6.7,76.0,yes
STU-0007910,20,10.8,77.7,100,11,7.4,83.4,yes
STU-0007911,20,8.1,76.0,80.2,9,5.8,64.6,yes
STU-0007912,24,11.0,88.7,100,11,7.4,85.9,yes
STU-0007913,21,13.0,67.0,68.8,7,6.5,75.2,yes
STU-0007914,19,12.0,87.1,100.0,14,7.6,87.6,yes
STU-0007915,26,3.2,45.7,56.2,9,7.1,21.8,no
STU-0007916,26,17.5,83.3,100,14,8.0,87.5,yes
STU-0007917,22,12.0,80.2,76.8,5,5.4,69.8,yes
STU-0007918,26,13.3,83.6,100,7,6.1,87.2,yes
STU-0007919,21,2.1,57.8,72.1,12,6.1,47.9,no
STU-0007920,18,16.9,81.5,100,10,8.3,90.5,yes
STU-0007921,18,7.5,76.9,88.2,12,7.4,72.7,yes
STU-0007922,21,4.1,62.2,66.8,13,5.9,55.5,no
STU-0007923,18,19.8,85.0,100,6,8.2,94.7,yes
STU-0007924,21,12.2,92.3,100,11,5.8,86.7,yes
STU-0007925,19,27.2,94.2,100,11,8.5,89.9,yes
STU-0007926,26,11.0,100,59.0,9,8.1,78.3,yes
STU-0007927,19,9.9,79.5,98.6,12,8.1,93.2,yes
STU-0007928,21,11.3,88.3,96.5,10,7.1,82.9,yes
STU-0007929,20,1.0,77.1,37.6,13,6.3,33.7,no
STU-0007930,21,7.6,70.6,74.8,8,6.3,59.8,no
STU-0007931,17,6.4,87.5,65.2,8,6.8,66.7,yes
STU-0007932,25,6.5,78.1,76.1,3,7.7,65.2,yes
STU-0007933,23,22.5,89.5,100,9,8.2,90.6,yes
STU-0007934,21,12.8,75.7,99.1,7,7.2,74.6,yes
STU-0007935,20,17.9,70.2,83.3,13,8.4,77.5,yes
STU-0007936,24,11.3,81.9,100,7,8.3,85.8,yes
STU-0007937,18,12.4,68.8,54.3,9,6.6,60.4,yes
STU-0007938,17,22.0,82.2,86.3,11,8.4,80.1,yes
STU-0007939,22,11.5,79.5,92.2,5,9.0,85.1,yes
STU-0007940,26,6.2,83.4,90.6,11,7.3,79.7,yes
STU-0007941,20,17.8,86.6,100,12,7.9,90.0,yes
STU-0007942,25,8.1,73.4,86.2,14,7.7,69.3,yes
STU-0007943,22,11.8,54.9,70.2,10,6.4,50.1,no
STU-0007944,19,4.5,54.2,35.0,7,5.9,34.2,no
STU-0007945,20,18.4,83.5,64.5,5,7.8,68.2,yes
STU-0007946,24,12.2,83.5,100,9,7.8,88.7,yes
STU-0007947,18,10.7,78.2,89.8,4,8.1,76.9,yes
STU-0007948,23,34.7,99.5,100,6,7.2,94.3,yes
STU-0007949,21,1.0,73.0,100,4,6.5,73.0,yes
STU-0007950,26,4.4,84.6,100,14,7.4,79.3,yes
STU-0007951,20,9.2,45.7,47.1,4,5.2,35.4,no
STU-0007952,19,10.0,82.3,59.6,6,7.0,75.8,yes
STU-0007953,21,21.4,99.7,100,5,6.8,86.5,yes
STU-0007954,23,10.7,55.8,67.8,14,7.2,64.8,yes
STU-0007955,21,11.5,62.4,49.0,14,6.2,50.4,no
STU-0007956,25,20.9,100,98.7,13,8.9,93.6,yes
STU-0007957,21,32.5,100,100,10,7.8,96.8,yes
STU-0007958,18,3.8,60.9,66.7,8,6.8,60.1,yes
STU-0007959,22,9.2,76.3,100,6,6.6,69.1,yes
STU-0007960,19,18.8,92.1,100,7,5.4,85.1,yes
STU-0007961,20,3.8,52.2,51.1,5,6.7,51.6,no
STU-0007962,20,12.5,88.6,100,13,6.6,84.5,yes
STU-0007963,23,10.9,72.3,71.4,5,7.6,71.0,yes
STU-0007964,20,1.0,47.5,54.0,5,7.2,30.9,no
STU-0007965,18,5.4,68.0,51.1,10,8.2,55.7,no
STU-0007966,18,11.1,63.0,86.9,9,6.2,64.7,yes
STU-0007967,21,14.9,72.5,91.6,9,6.4,80.2,yes
STU-0007968,23,26.0,79.8,100,6,8.4,94.5,yes
STU-0007969,18,8.3,48.6,86.3,10,6.2,75.4,yes
STU-0007970,17,4.3,71.7,74.2,4,6.1,68.6,yes
STU-0007971,26,5.8,67.5,64.0,6,7.7,58.4,no
STU-0007972,18,14.5,94.6,100,4,6.5,85.9,yes
STU-0007973,18,9.4,59.2,92.2,8,7.1,77.4,yes
STU-0007974,26,17.0,77.7,90.3,10,7.6,87.2,yes
STU-0007975,17,1.0,63.0,66.7,11,7.1,53.0,no
STU-0007976,19,5.7,71.0,71.3,14,6.5,66.2,yes
STU-0007977,18,15.9,82.2,87.2,14,7.6,78.3,yes
STU-0007978,21,2.9,67.0,43.6,12,5.6,48.0,no
STU-0007979,19,17.9,100,98.9,14,8.7,97.3,yes
STU-0007980,18,6.7,79.8,100,10,7.7,89.5,yes
STU-0007981,17,20.9,96.4,100,5,7.8,84.8,yes
STU-0007982,22,12.3,77.0,92.9,6,5.8,72.6,yes
STU-0007983,23,1.0,35,32.9,11,5.0,22.9,no
STU-0007984,26,18.7,89.7,100,7,8.3,80.3,yes
STU-0007985,20,8.6,87.8,77.5,9,7.8,68.1,yes
STU-0007986,23,20.3,100,96.6,14,7.5,92.0,yes
STU-0007987,21,31.3,100,100,6,7.6,94.4,yes
STU-0007988,21,6.4,88.8,87.2,7,7.2,78.8,yes
STU-0007989,22,1.2,75.1,67.7,11,7.0,51.4,no
STU-0007990,24,8.7,75.1,58.6,9,6.5,54.4,no
STU-0007991,22,1.0,75.6,83.1,13,7.2,64.7,yes
STU-0007992,19,6.4,87.3,99.8,3,7.8,99.6,yes
STU-0007993,17,19.8,100,100,11,6.5,57.1,no
STU-0007994,20,10.1,66.6,30.2,10,8.1,50.9,no
STU-0007995,19,1.0,71.6,79.1,10,8.1,67.5,yes
STU-0007996,22,5.4,82.9,85.0,13,7.8,79.2,yes
STU-0007997,24,12.5,78.1,71.1,7,7.1,69.1,yes
STU-0007998,18,20.5,86.0,100,11,8.1,94.8,yes
STU-0007999,17,17.4,99.3,75.6,3,6.7,80.3,yes
STU-0008000,19,17.7,71.6,67.6,5,6.8,41.6,no
STU-0008001,23,3.8,78.3,40.6,4,7.0,50.7,no
STU-0008002,21,13.9,78.8,89.7,11,7.0,75.6,yes
STU-0008003,26,17.5,79.1,84.9,13,6.5,84.6,yes
STU-0008004,18,9.2,71.1,100,4,8.2,87.7,yes
STU-0008005,21,12.8,81.4,83.0,9,8.0,77.5,yes
STU-0008006,25,12.9,62.6,90.9,9,6.6,66.0,yes
STU-0008007,23,16.9,74.8,65.4,8,5.4,63.5,yes
STU-0008008,17,23.3,89.6,96.5,14,8.1,95.0,yes
STU-0008009,20,4.6,80.7,77.9,12,7.1,73.6,yes
STU-0008010,21,5.0,72.1,59.0,13,6.9,58.8,no
STU-0008011,24,13.1,97.6,100,6,7.8,82.3,yes
STU-0008012,20,16.7,66.9,100,6,6.2,78.9,yes
STU-0008013,26,24.0,100,88.0,8,6.7,98.5,yes
STU-0008014,20,3.2,54.8,27.1,5,7.0,4.0,no
STU-0008015,25,19.0,82.9,95.7,12,7.3,86.0,yes
STU-0008016,24,6.1,49.3,44.8,10,8.3,41.2,no
STU-0008017,17,1.8,58.7,30.6,7,7.9,38.2,no
STU-0008018,26,7.3,68.9,75.3,9,6.0,60.8,yes
STU-0008019,22,13.5,77.0,71.2,13,7.7,63.7,yes
STU-0008020,19,5.2,62.1,90.2,5,8.1,70.6,yes
STU-0008021,21,13.0,67.4,86.6,5,6.7,79.6,yes
STU-0008022,17,8.2,70.0,69.6,3,6.2,53.3,no
STU-0008023,24,8.5,91.6,85.9,11,7.7,82.5,yes
STU-0008024,18,9.2,83.2,96.9,7,8.8,80.6,yes
STU-0008025,26,7.2,67.0,61.3,10,6.5,68.4,yes
STU-0008026,19,14.1,75.4,85.3,14,7.1,77.3,yes
STU-0008027,18,3.7,94.3,100,8,6.2,71.2,yes
STU-0008028,19,12.3,77.9,91.5,11,8.4,77.4,yes
STU-0008029,21,10.1,77.7,60.7,14,6.6,64.3,yes
STU-0008030,18,14.5,86.9,100,13,6.8,78.7,yes
STU-0008031,18,1.0,66.0,85.8,11,7.1,68.6,yes
STU-0008032,24,1.0,53.8,46.1,13,5.7,39.6,no
STU-0008033,19,7.0,87.4,82.5,5,7.6,73.0,yes
STU-0008034,21,14.8,76.3,44.4,3,7.5,60.7,yes
STU-0008035,20,8.3,77.7,100,3,7.1,77.1,yes
STU-0008036,19,15.2,97.1,100,14,5.8,75.5,yes
STU-0008037,19,8.6,56.1,93.8,13,6.0,70.5,yes
STU-0008038,21,1.0,68.3,90.4,10,6.3,55.2,no
STU-0008039,23,12.0,81.4,63.7,9,5.0,61.0,yes
STU-0008040,19,24.1,88.9,93.3,7,6.7,91.1,yes
STU-0008041,22,8.6,77.7,75.3,11,7.1,66.2,yes
STU-0008042,23,21.1,100,100,4,7.4,98.4,yes
STU-0008043,18,10.9,100,96.4,5,7.4,88.8,yes
STU-0008044,21,5.2,51.9,76.2,7,6.9,66.2,yes
STU-0008045,24,14.0,100,100,13,6.9,85.0,yes
STU-0008046,21,2.3,96.0,99.3,5,6.9,86.1,yes
STU-0008047,20,7.3,57.3,67.5,6,6.4,58.0,no
STU-0008048,24,20.9,100,100,14,7.0,81.6,yes
STU-0008049,18,7.0,68.9,88.6,6,6.0,71.0,yes
STU-0008050,25,14.6,98.1,100,12,7.1,88.3,yes
STU-0008051,23,19.1,87.3,100,7,7.9,57.3,no
STU-0008052,22,15.5,85.0,88.7,13,7.4,81.6,yes
STU-0008053,20,9.4,93.4,100,9,7.1,92.7,yes
STU-0008054,23,6.0,75.7,84.8,11,6.9,71.9,yes
STU-0008055,21,12.6,64.7,100,4,4.6,72.4,yes
STU-0008056,24,13.1,63.0,73.8,9,6.6,65.5,yes
STU-0008057,23,2.7,87.4,100,10,6.5,78.1,yes
STU-0008058,20,17.0,86.0,100,6,6.8,85.4,yes
STU-0008059,18,15.6,96.3,100,6,7.5,85.7,yes
STU-0008060,18,8.6,71.1,100,14,6.4,69.7,yes
STU-0008061,25,15.3,97.3,100,3,8.3,91.8,yes
STU-0008062,18,8.2,60.1,38.5,9,7.1,47.2,no
STU-0008063,21,10.4,85.3,91.3,8,5.6,74.9,yes
STU-0008064,20,18.5,96.3,77.6,12,6.6,88.3,yes
STU-0008065,21,26.2,88.1,98.6,6,6.8,83.0,yes
STU-0008066,20,9.8,79.4,91.5,14,6.0,73.3,yes
STU-0008067,23,3.2,53.2,71.0,8,5.0,51.9,no
STU-0008068,18,7.8,79.4,100,12,8.0,88.7,yes
STU-0008069,21,18.6,87.8,100,4,6.4,89.0,yes
STU-0008070,22,9.3,82.7,73.1,11,7.5,68.6,yes
STU-0008071,21,1.0,61.2,82.5,11,6.1,66.3,yes
STU-0008072,20,2.8,78.9,60.8,13,7.4,61.2,yes
STU-0008073,20,7.7,68.1,71.2,6,5.9,64.8,yes
STU-0008074,21,7.7,56.5,20,11,7.1,19.4,no
STU-0008075,20,17.8,70.1,96.0,9,6.8,74.9,yes
STU-0008076,26,8.3,66.0,59.6,13,6.0,64.6,yes
STU-0008077,20,11.6,75.5,100,12,7.7,69.0,yes
STU-0008078,20,1.0,77.9,62.7,4,6.7,58.4,no
STU-0008079,25,18.5,86.6,100,7,8.0,78.3,yes
STU-0008080,23,5.1,74.0,78.5,9,7.3,75.7,yes
STU-0008081,20,6.3,78.3,90.8,11,6.5,67.9,yes
STU-0008082,26,10.8,64.0,78.5,5,7.6,75.3,yes
STU-0008083,24,12.6,95.9,100,6,7.3,82.8,yes
STU-0008084,20,11.3,100,94.5,8,8.0,93.8,yes
STU-0008085,22,15.6,75.8,97.2,10,6.3,79.8,yes
STU-0008086,19,11.5,88.3,64.8,4,6.0,63.6,yes
STU-0008087,22,1.6,84.8,100,13,6.3,76.1,yes
STU-0008088,21,11.8,89.6,94.7,14,9.4,87.8,yes
STU-0008089,19,11.4,73.8,73.1,12,5.9,69.4,yes
STU-0008090,20,15.6,81.2,93.5,11,5.3,74.6,yes
STU-0008091,25,6.3,79.7,63.7,4,6.3,57.1,no
STU-0008092,21,10.3,83.8,84.1,12,5.9,72.6,yes
STU-0008093,24,25.2,90.4,100,12,6.8,90.4,yes
STU-0008094,19,9.8,71.3,76.1,7,7.4,69.7,yes
STU-0008095,20,19.0,96.3,82.4,14,8.5,83.6,yes
STU-0008096,21,7.0,71.4,67.5,7,6.3,58.4,no
STU-0008097,21,1.0,91.2,94.6,5,6.7,71.6,yes
STU-0008098,20,1.0,62.4,59.8,3,6.9,57.0,no
STU-0008099,17,1.0,50.2,28.1,10,5.7,36.3,no
STU-0008100,24,9.2,67.8,77.2,7,7.1,64.8,yes
STU-0008101,17,14.1,73.3,91.9,8,7.1,56.6,no
STU-0008102,19,5.5,86.5,77.0,3,6.0,75.4,yes
STU-0008103,22,11.0,56.8,75.5,8,6.0,63.5,yes
STU-0008104,17,17.9,91.2,100,10,7.8,96.7,yes
STU-0008105,21,20.2,85.4,100,6,7.2,97.1,yes
STU-0008106,18,21.1,97.3,100,14,6.1,90.2,yes
STU-0008107,19,19.8,78.5,100,11,6.8,70.9,yes
STU-0008108,17,21.9,100,93.5,7,6.5,84.8,yes
STU-0008109,19,4.1,70.6,80.2,12,9.0,67.6,yes
STU-0008110,19,4.1,64.7,63.9,6,6.3,51.9,no
STU-0008111,19,14.3,92.0,100,9,8.0,84.1,yes
STU-0008112,26,4.9,64.6,26.8,12,6.3,29.8,no
STU-0008113,20,2.9,63.2,83.8,3,5.9,59.5,no
STU-0008114,17,6.0,59.2,20,14,7.6,40.7,no
STU-0008115,25,1.0,53.6,63.5,12,7.5,54.8,no
STU-0008116,26,10.8,90.7,100,7,8.5,91.8,yes
STU-0008117,24,1.0,65.2,81.1,7,7.0,62.3,yes
STU-0008118,26,10.8,86.3,89.5,10,8.0,86.0,yes
STU-0008119,19,5.2,85.0,100,11,6.1,76.6,yes
STU-0008120,21,25.2,96.1,100,6,8.2,96.2,yes
STU-0008121,21,28.2,61.7,93.8,6,6.3,80.0,yes
STU-0008122,21,25.1,91.1,100,6,7.2,67.8,yes
STU-0008123,22,8.2,65.0,59.3,12,6.2,57.1,no
STU-0008124,22,17.8,87.4,100,10,7.5,82.6,yes
STU-0008125,18,21.9,70.7,84.3,6,7.1,79.7,yes
STU-0008126,18,1.0,51.5,28.8,8,5.2,30.2,no
STU-0008127,17,8.9,55.8,44.9,10,6.7,57.5,no
STU-0008128,21,9.8,81.3,97.6,6,7.1,84.9,yes
STU-0008129,20,5.0,83.3,100,9,5.6,68.7,yes
STU-0008130,18,17.8,80.6,74.5,6,7.6,72.1,yes
STU-0008131,18,8.3,83.5,77.7,13,8.0,59.8,no
STU-0008132,19,16.8,74.2,100,11,7.9,61.8,yes
STU-0008133,20,12.1,73.1,56.3,14,6.1,73.5,yes
STU-0008134,22,20.3,91.0,97.6,9,6.9,91.2,yes
STU-0008135,19,12.9,86.1,92.7,12,7.1,78.0,yes
STU-0008136,19,12.7,87.5,100,4,7.1,94.3,yes
STU-0008137,19,1.0,87.2,88.5,10,7.1,78.6,yes
STU-0008138,25,16.4,81.2,100,11,7.0,95.2,yes
STU-0008139,19,10.9,88.2,84.1,13,8.8,78.3,yes
STU-0008140,18,11.6,70.9,59.9,5,7.3,67.5,yes
STU-0008141,22,9.6,84.9,98.9,11,8.6,89.3,yes
STU-0008142,20,7.4,81.3,91.7,5,7.4,84.7,yes
STU-0008143,22,15.7,93.0,100,11,8.5,87.9,yes
STU-0008144,19,6.0,72.2,45.4,13,6.6,50.6,no
STU-0008145,24,20.0,90.1,100,12,6.6,83.9,yes
STU-0008146,18,14.2,95.0,100,7,7.8,100,yes
STU-0008147,24,10.2,100,100,3,7.1,95.4,yes
STU-0008148,20,7.2,59.1,43.2,6,5.7,51.8,no
STU-0008149,25,7.2,71.4,62.9,6,7.2,65.1,yes
STU-0008150,21,27.3,83.0,93.7,13,8.3,84.2,yes
STU-0008151,18,18.1,87.0,100,8,7.2,100,yes
STU-0008152,21,10.3,73.6,53.6,5,7.8,70.9,yes
STU-0008153,26,18.4,92.6,100,9,8.9,98.9,yes
STU-0008154,24,10.7,86.4,100,9,6.8,87.0,yes
STU-0008155,24,6.8,59.0,80.9,9,4.7,66.1,yes
STU-0008156,22,24.1,95.5,87.3,12,8.5,93.1,yes
STU-0008157,26,1.0,67.6,60.8,5,8.1,62.9,yes
STU-0008158,18,28.7,91.2,100,12,7.8,85.4,yes
STU-0008159,22,32.8,98.9,100,4,7.1,95.2,yes
STU-0008160,23,10.5,53.1,65.5,12,7.1,58.7,no
STU-0008161,19,1.0,55.2,61.0,11,7.1,61.2,yes
STU-0008162,17,4.8,56.0,56.1,10,7.5,55.8,no
STU-0008163,24,2.7,68.0,52.9,13,6.2,58.5,no
STU-0008164,25,15.6,76.3,90.9,8,7.8,72.7,yes
STU-0008165,22,16.5,82.1,72.0,10,7.8,68.0,yes
STU-0008166,20,1.0,77.7,41.3,5,7.6,44.9,no
STU-0008167,18,17.8,84.3,100,10,9.2,86.8,yes
STU-0008168,25,9.7,78.5,90.7,12,7.4,77.5,yes
STU-0008169,17,13.1,75.0,86.9,5,7.5,69.1,yes
STU-0008170,25,12.5,75.8,100,9,6.9,80.6,yes
STU-0008171,20,14.2,63.1,69.6,5,8.1,63.8,yes
STU-0008172,20,17.4,66.9,100,5,6.9,82.0,yes
STU-0008173,26,18.7,78.2,98.7,14,6.9,77.4,yes
STU-0008174,20,14.6,86.0,100,12,6.1,92.7,yes
STU-0008175,20,16.6,72.7,100,4,7.2,77.2,yes
STU-0008176,26,24.0,97.6,100,11,7.3,97.1,yes
STU-0008177,18,13.3,74.3,88.9,7,8.6,72.7,yes
STU-0008178,26,9.4,93.3,87.5,10,6.4,72.7,yes
STU-0008179,25,11.2,80.7,92.2,10,7.1,81.6,yes
STU-0008180,19,9.5,69.5,98.9,10,7.7,79.2,yes
STU-0008181,24,10.9,70.0,92.5,10,8.9,70.2,yes
STU-0008182,23,14.8,83.2,95.6,3,6.1,80.4,yes
STU-0008183,26,22.7,84.3,91.4,7,8.4,85.4,yes
STU-0008184,22,10.1,100,89.7,12,7.0,76.7,yes
STU-0008185,17,23.4,91.3,100,13,7.4,86.6,yes
STU-0008186,23,13.0,81.4,89.0,6,8.4,84.6,yes
STU-0008187,25,17.2,92.8,84.3,10,7.6,70.7,yes
STU-0008188,23,12.5,78.7,79.2,9,6.5,65.9,yes
STU-0008189,20,14.0,79.4,100,9,7.1,89.6,yes
STU-0008190,17,12.9,77.6,75.6,5,6.5,70.1,yes
STU-0008191,19,13.1,65.9,75.3,13,7.2,56.8,no
STU-0008192,21,7.5,70.7,95.6,11,7.6,84.4,yes
STU-0008193,17,15.4,82.2,56.4,13,7.6,66.0,yes
STU-0008194,20,13.7,81.7,98.9,8,7.7,58.5,no
STU-0008195,21,20.2,89.3,99.6,7,7.7,93.1,yes
STU-0008196,22,18.1,88.4,96.0,5,8.0,85.5,yes
STU-0008197,18,4.4,87.1,65.2,9,6.5,55.0,no
STU-0008198,20,9.6,84.6,96.3,7,6.9,80.6,yes
STU-0008199,21,4.5,60.3,67.5,7,6.5,59.9,no
STU-0008200,24,10.8,77.3,27.2,7,8.1,54.7,no
STU-0008201,19,14.3,98.5,100,8,7.5,88.2,yes
STU-0008202,18,17.0,75.4,79.5,7,7.3,86.8,yes
STU-0008203,17,19.4,80.5,100,9,6.0,89.1,yes
STU-0008204,23,1.0,68.6,67.6,14,5.7,55.0,no
STU-0008205,24,16.7,66.2,74.8,9,7.5,71.1,yes
STU-0008206,20,11.1,93.4,100,8,8.2,91.7,yes
STU-0008207,21,18.0,70.7,99.4,13,8.1,86.8,yes
STU-0008208,25,7.5,56.5,68.2,7,7.5,55.2,no
STU-0008209,22,19.7,90.6,96.4,11,6.8,80.3,yes
STU-0008210,22,19.8,79.5,92.1,14,6.1,78.5,yes
STU-0008211,21,8.3,72.6,99.7,8,7.3,79.3,yes
STU-0008212,18,12.0,89.7,100,12,8.8,91.7,yes
STU-0008213,19,6.9,62.9,79.6,14,7.2,51.6,no
STU-0008214,20,14.5,90.8,85.9,9,6.9,66.2,yes
STU-0008215,19,16.9,64.1,48.4,12,7.6,58.5,no
STU-0008216,25,1.0,43.5,45.3,8,7.8,44.3,no
STU-0008217,20,5.7,80.2,60.8,7,7.5,68.7,yes
STU-0008218,18,11.4,95.5,80.2,11,6.7,68.6,yes
STU-0008219,18,14.1,67.9,81.7,6,6.0,71.4,yes
STU-0008220,20,5.7,59.2,56.7,12,6.1,51.0,no
STU-0008221,18,2.4,55.5,75.1,6,8.3,64.1,yes
STU-0008222,21,13.6,87.9,100,10,7.8,99.8,yes
STU-0008223,22,10.1,78.4,97.0,14,6.2,79.9,yes
STU-0008224,24,11.4,74.8,78.0,12,5.9,77.9,yes
STU-0008225,17,21.6,93.7,73.8,13,6.6,75.8,yes
STU-0008226,21,13.0,93.9,100,7,8.9,91.1,yes
STU-0008227,20,5.2,64.6,66.6,13,7.2,61.7,yes
STU-0008228,19,12.8,71.0,100,11,7.4,74.6,yes
STU-0008229,18,14.4,70.4,93.7,3,7.2,91.3,yes
STU-0008230,20,9.5,75.2,29.5,7,6.8,39.7,no
STU-0008231,21,15.9,83.5,100,5,8.3,86.3,yes
STU-0008232,20,9.7,63.6,72.9,9,6.5,64.4,yes
STU-0008233,25,12.8,89.3,82.8,7,7.6,69.7,yes
STU-0008234,24,11.9,81.0,73.6,14,7.3,65.8,yes
STU-0008235,18,5.2,94.7,96.3,9,7.5,86.7,yes
STU-0008236,25,8.2,59.0,77.7,13,6.4,61.2,yes
STU-0008237,18,14.1,83.2,86.1,10,5.5,73.9,yes
STU-0008238,21,5.9,67.5,47.4,6,7.2,40.3,no
STU-0008239,21,11.5,81.6,40.0,7,7.3,57.5,no
STU-0008240,19,4.7,91.1,100,8,6.6,84.3,yes
STU-0008241,21,9.1,69.3,61.7,14,7.8,67.6,yes
STU-0008242,20,17.9,90.4,100,9,8.7,95.1,yes
STU-0008243,23,14.9,92.6,100,12,8.1,89.1,yes
STU-0008244,22,22.8,84.8,99.5,9,7.3,94.8,yes
STU-0008245,19,9.5,76.0,95.8,14,7.5,79.7,yes
STU-0008246,21,17.1,84.5,100,12,6.5,94.8,yes
STU-0008247,22,6.1,88.8,72.8,13,4.7,63.7,yes
STU-0008248,24,1.0,71.2,83.3,9,8.2,66.5,yes
STU-0008249,21,1.0,78.4,57.8,7,7.4,61.6,yes
STU-0008250,19,21.6,97.8,100,12,7.1,83.5,yes
STU-0008251,19,1.0,35,20,3,4.9,22.7,no
STU-0008252,18,10.0,55.5,54.3,11,5.7,51.2,no
STU-0008253,19,12.2,85.3,98.5,8,6.8,89.7,yes
STU-0008254,25,23.7,95.9,100,12,7.9,95.6,yes
STU-0008255,20,18.4,91.6,100,14,8.8,92.8,yes
STU-0008256,20,1.0,54.6,35.2,14,6.0,30.9,no
STU-0008257,23,11.0,69.9,67.5,14,7.2,75.4,yes
STU-0008258,22,10.9,70.7,76.8,8,6.5,68.3,yes
STU-0008259,18,17.4,81.7,98.4,8,5.6,77.9,yes
STU-0008260,18,21.7,91.1,100,7,8.0,100,yes
STU-0008261,23,14.1,88.3,75.5,14,8.3,79.5,yes
STU-0008262,20,13.1,81.5,100,11,7.4,91.3,yes
STU-0008263,20,1.0,63.1,64.6,8,6.9,54.8,no
STU-0008264,20,8.5,81.9,100,9,6.5,84.0,yes
STU-0008265,20,22.8,64.5,88.7,11,6.1,69.9,yes
STU-0008266,19,20.1,82.9,90.0,11,7.8,92.0,yes
STU-0008267,20,10.1,82.3,87.6,9,8.5,88.3,yes
STU-0008268,20,11.8,67.7,73.9,3,5.5,66.0,yes
STU-0008269,22,1.1,82.2,76.3,12,8.8,61.7,yes
STU-0008270,23,7.4,72.7,73.9,11,7.9,43.0,no
STU-0008271,17,1.0,66.3,66.0,7,5.9,63.6,yes
STU-0008272,25,1.0,66.7,100,5,6.6,67.5,yes
STU-0008273,19,10.7,93.1,100,13,8.4,93.5,yes
STU-0008274,18,1.0,53.7,67.1,6,7.4,49.6,no
STU-0008275,20,11.4,73.9,74.7,3,4.8,62.8,yes
STU-0008276,22,22.5,93.2,100,5,6.5,97.9,yes
STU-0008277,26,7.2,82.1,88.7,14,6.5,66.4,yes
STU-0008278,25,8.5,60.8,68.6,8,5.6,52.6,no
STU-0008279,21,19.1,91.9,85.8,4,7.9,86.9,yes
STU-0008280,22,1.0,55.9,67.2,6,6.0,65.4,yes
STU-0008281,18,13.1,100,100,7,8.8,83.6,yes
STU-0008282,21,18.4,76.2,85.7,7,7.1,60.4,yes
STU-0008283,17,1.7,82.7,39.1,4,6.6,27.5,no
STU-0008284,26,18.8,65.3,84.9,5,6.7,66.5,yes
STU-0008285,19,11.0,73.5,100,7,8.1,77.8,yes
STU-0008286,19,1.0,70.4,38.4,6,5.2,47.9,no
STU-0008287,23,10.8,64.7,79.7,10,8.0,75.1,yes
STU-0008288,20,16.1,82.9,73.3,3,6.7,70.0,yes
STU-0008289,18,1.0,68.9,62.8,8,7.9,62.6,yes
STU-0008290,25,16.4,70.7,92.9,6,8.7,100,yes
STU-0008291,24,11.5,82.1,61.8,9,7.6,68.5,yes
STU-0008292,26,6.4,85.6,64.2,9,7.6,74.8,yes
STU-0008293,18,3.5,69.8,22.0,14,6.7,41.1,no
STU-0008294,18,15.8,81.7,85.2,6,7.4,74.5,yes
STU-0008295,24,24.8,85.4,100,4,8.2,95.0,yes
STU-0008296,17,7.8,100,70.6,4,7.6,79.7,yes
STU-0008297,19,6.4,66.8,100,8,6.6,66.9,yes
STU-0008298,22,9.4,93.0,100,14,7.7,87.4,yes
STU-0008299,18,13.8,61.3,100,4,6.5,69.4,yes
STU-0008300,26,11.0,75.9,84.3,12,7.3,67.7,yes
STU-0008301,26,13.3,64.1,97.4,6,6.9,84.3,yes
STU-0008302,26,21.2,65.8,100,8,6.8,88.6,yes
STU-0008303,19,9.0,70.3,65.7,9,8.6,69.0,yes
STU-0008304,17,14.5,89.2,100,10,7.7,92.2,yes
STU-0008305,20,8.1,85.0,81.4,6,7.6,73.6,yes
STU-0008306,24,17.7,76.9,93.5,9,6.7,80.5,yes
STU-0008307,25,14.4,84.2,100,10,6.8,83.7,yes
STU-0008308,18,19.0,100,100,13,7.8,95.6,yes
STU-0008309,19,1.0,76.9,59.9,10,7.4,66.6,yes
STU-0008310,21,1.0,59.6,65.6,13,7.1,63.1,yes
STU-0008311,21,14.2,91.4,80.4,14,7.5,74.5,yes
STU-0008312,17,27.2,81.3,83.6,6,6.6,89.2,yes
STU-0008313,20,11.4,65.4,70.8,5,8.0,62.8,yes
STU-0008314,19,14.3,66.9,78.4,10,5.9,69.1,yes
STU-0008315,24,1.0,48.8,76.4,8,6.3,49.1,no
STU-0008316,21,29.7,100,100,9,8.8,100,yes
STU-0008317,19,5.9,57.9,56.8,8,7.1,53.2,no
STU-0008318,19,7.2,57.2,50.6,11,6.3,44.5,no
STU-0008319,21,1.0,66.1,58.2,10,7.0,61.9,yes
STU-0008320,21,12.4,65.1,47.9,8,7.6,57.5,no
STU-0008321,25,10.3,83.5,71.6,4,8.1,80.5,yes
STU-0008322,19,10.0,84.2,100,14,6.9,85.0,yes
STU-0008323,21,18.7,87.2,85.1,6,7.7,83.6,yes
STU-0008324,21,5.8,64.8,57.5,3,7.4,53.1,no
STU-0008325,22,2.6,74.4,55.7,9,5.9,49.0,no
STU-0008326,24,21.0,76.1,92.0,8,5.9,66.4,yes
STU-0008327,18,9.1,91.0,100,14,6.5,86.0,yes
STU-0008328,24,16.8,91.1,88.1,13,8.7,96.2,yes
STU-0008329,24,13.2,81.5,100,3,8.2,91.4,yes
STU-0008330,23,1.0,61.9,46.3,7,5.7,44.2,no
STU-0008331,17,9.3,80.0,83.7,14,7.7,77.8,yes
STU-0008332,20,7.4,92.8,73.0,11,9.3,74.5,yes
STU-0008333,22,33.1,100,100,11,6.7,87.1,yes
STU-0008334,23,1.3,72.3,48.4,5,5.5,49.6,no
STU-0008335,21,23.6,72.7,100,7,8.1,89.7,yes
STU-0008336,17,13.5,72.2,57.8,11,9.0,75.4,yes
STU-0008337,19,12.2,100,91.6,6,8.0,88.4,yes
STU-0008338,18,15.8,87.1,100,6,7.1,80.0,yes
STU-0008339,17,8.2,90.2,100,7,7.5,89.7,yes
STU-0008340,19,13.0,59.6,97.3,12,6.7,78.1,yes
STU-0008341,19,12.9,87.0,82.8,7,7.2,68.5,yes
STU-0008342,25,17.0,84.1,83.1,6,7.4,73.4,yes
STU-0008343,24,2.6,63.6,72.9,3,5.4,48.4,no
STU-0008344,22,1.0,75.7,38.8,12,6.9,44.5,no
STU-0008345,19,9.1,65.1,67.0,14,8.3,76.5,yes
STU-0008346,17,19.1,79.4,84.4,8,7.7,74.5,yes
STU-0008347,21,15.7,87.3,97.4,12,7.4,100,yes
STU-0008348,23,17.5,87.2,90.4,8,5.8,79.2,yes
STU-0008349,17,15.8,81.0,99.2,5,8.2,85.0,yes
STU-0008350,18,12.6,85.7,100,9,7.5,88.5,yes
STU-0008351,20,18.3,73.7,82.7,3,6.7,78.4,yes
STU-0008352,23,1.0,75.4,70.8,7,6.9,39.8,no
STU-0008353,19,13.5,66.6,99.7,5,6.5,79.3,yes
STU-0008354,23,17.0,70.1,75.4,9,6.3,80.4,yes
STU-0008355,26,3.7,80.6,76.4,6,6.6,69.8,yes
STU-0008356,23,23.4,100,99.8,8,6.8,94.1,yes
STU-0008357,20,20.8,89.6,81.1,13,6.9,83.7,yes
STU-0008358,26,15.5,83.9,91.2,3,7.4,90.5,yes
STU-0008359,18,11.7,76.5,93.6,7,6.7,75.9,yes
STU-0008360,17,12.1,76.7,100,5,6.5,86.7,yes
STU-0008361,19,4.7,66.6,60.9,6,6.3,43.9,no
STU-0008362,26,21.4,100,100,11,7.1,83.8,yes
STU-0008363,23,6.4,63.7,47.0,14,7.4,50.9,no
STU-0008364,20,7.9,65.4,83.5,6,8.0,74.6,yes
STU-0008365,19,1.0,62.3,54.1,8,5.8,51.5,no
STU-0008366,20,16.8,82.8,100,13,5.8,83.3,yes
STU-0008367,21,9.8,69.8,65.6,6,6.6,64.5,yes
STU-0008368,24,6.4,84.1,92.1,14,6.5,69.9,yes
STU-0008369,18,7.4,89.7,100,13,6.8,76.6,yes
STU-0008370,20,4.0,71.6,82.7,11,7.9,67.9,yes
STU-0008371,21,3.5,60.9,62.1,11,7.1,56.1,no
STU-0008372,26,8.6,80.5,100,10,6.1,78.3,yes
STU-0008373,22,16.9,88.2,96.0,5,7.8,97.2,yes
STU-0008374,21,6.1,62.3,82.7,3,7.3,66.9,yes
STU-0008375,18,1.0,56.7,45.6,9,5.2,37.3,no
STU-0008376,18,8.4,83.6,87.6,8,8.1,57.1,no
STU-0008377,19,17.4,98.9,100,3,7.5,89.5,yes
STU-0008378,21,11.8,98.2,100,11,7.8,69.9,yes
STU-0008379,21,17.3,95.6,100,4,8.9,98.2,yes
STU-0008380,21,3.1,66.0,45.3,13,6.8,49.1,no
STU-0008381,24,12.6,70.7,53.1,9,8.5,64.1,yes
STU-0008382,17,9.1,72.6,76.7,10,6.9,71.4,yes
STU-0008383,17,6.6,80.4,100,9,6.1,85.8,yes
STU-0008384,19,20.7,82.3,100,4,7.2,81.5,yes
STU-0008385,21,4.0,63.2,76.7,8,6.1,59.3,no
STU-0008386,19,21.1,81.8,59.5,14,7.3,81.9,yes
STU-0008387,20,11.9,64.3,100,8,6.9,71.8,yes
STU-0008388,21,22.4,71.6,83.7,6,6.9,80.8,yes
STU-0008389,20,1.0,64.2,79.9,3,6.1,69.0,yes
STU-0008390,24,1.0,77.3,75.8,10,6.5,64.3,yes
STU-0008391,18,14.2,78.2,52.3,13,7.7,64.9,yes
STU-0008392,17,18.2,84.7,92.8,7,8.8,77.6,yes
STU-0008393,20,18.0,82.1,90.6,5,8.1,86.1,yes
STU-0008394,23,19.2,83.4,100,6,7.8,82.7,yes
STU-0008395,20,4.3,75.8,100,12,7.8,82.6,yes
STU-0008396,20,15.8,67.8,77.7,13,7.6,72.6,yes
STU-0008397,23,9.5,94.7,100,7,8.2,85.9,yes
STU-0008398,19,17.1,75.1,100,9,8.6,82.2,yes
STU-0008399,19,11.5,63.4,40.9,14,7.4,43.0,no
STU-0008400,21,10.6,62.3,77.9,7,6.0,59.9,no
STU-0008401,19,13.5,96.9,100,8,8.1,92.5,yes
STU-0008402,25,10.8,49.8,99.8,9,6.1,71.5,yes
STU-0008403,17,10.7,79.8,100,11,8.0,90.5,yes
STU-0008404,23,15.8,92.5,89.6,7,7.0,78.7,yes
STU-0008405,19,12.6,64.3,80.2,9,6.5,73.8,yes
STU-0008406,20,2.5,73.6,87.8,8,7.1,72.1,yes
STU-0008407,26,5.6,71.3,87.9,6,6.6,73.4,yes
STU-0008408,17,17.6,72.1,100,4,4.8,73.0,yes
STU-0008409,21,8.7,75.1,84.5,14,6.7,74.0,yes
STU-0008410,19,1.0,55.7,54.8,5,6.0,42.3,no
STU-0008411,19,17.8,83.6,100,7,6.8,86.3,yes
STU-0008412,18,13.6,89.3,100,4,9.1,97.7,yes
STU-0008413,20,9.9,75.7,80.8,8,7.2,73.4,yes
STU-0008414,20,3.8,86.7,81.4,14,7.3,74.1,yes
STU-0008415,23,4.2,54.3,33.2,3,6.4,32.1,no
STU-0008416,18,19.7,90.3,88.7,9,7.1,82.6,yes
STU-0008417,18,9.4,91.9,67.2,9,8.4,70.5,yes
STU-0008418,24,17.3,84.0,71.5,6,8.3,86.0,yes
STU-0008419,20,6.7,79.9,84.3,13,6.6,74.9,yes
STU-0008420,21,12.1,81.7,88.4,14,8.0,70.8,yes
STU-0008421,23,5.1,77.9,51.8,4,8.0,58.1,no
STU-0008422,22,1.0,76.5,56.5,7,8.2,65.9,yes
STU-0008423,26,20.1,90.1,100,3,7.0,81.0,yes
STU-0008424,23,17.1,80.4,86.3,6,6.0,68.5,yes
STU-0008425,23,2.7,58.8,39.5,5,8.3,40.9,no
STU-0008426,19,21.3,73.7,97.4,12,7.1,77.4,yes
STU-0008427,20,14.5,78.6,71.7,13,6.4,60.6,yes
STU-0008428,19,3.0,73.8,100,6,7.1,68.3,yes
STU-0008429,22,1.0,80.4,74.3,10,7.8,64.3,yes
STU-0008430,18,18.8,67.5,100,13,8.3,84.8,yes
STU-0008431,20,11.9,100,65.2,5,7.2,73.7,yes
STU-0008432,19,6.7,80.2,96.6,5,6.8,78.2,yes
STU-0008433,22,9.6,91.1,100,4,6.7,82.4,yes
STU-0008434,20,2.0,73.3,48.8,8,6.4,49.7,no
STU-0008435,21,18.8,78.6,95.4,13,6.4,80.4,yes
STU-0008436,21,14.8,96.6,100,10,7.8,75.7,yes
STU-0008437,18,13.4,100,94.7,8,8.9,85.1,yes
STU-0008438,19,2.1,73.5,54.2,4,6.8,57.2,no
STU-0008439,23,17.0,91.9,94.1,13,8.7,84.3,yes
STU-0008440,18,12.8,90.7,76.1,11,6.7,78.9,yes
STU-0008441,22,16.0,83.8,100,10,6.5,86.6,yes
STU-0008442,21,13.6,70.8,89.1,4,6.1,71.7,yes
STU-0008443,23,17.6,74.6,83.9,5,8.4,83.1,yes
STU-0008444,25,14.5,91.6,100,11,7.5,81.2,yes
STU-0008445,19,11.7,71.8,79.2,5,7.7,64.6,yes
STU-0008446,26,2.1,72.8,42.9,12,6.3,46.3,no
STU-0008447,18,1.0,55.5,43.5,14,6.0,34.3,no
STU-0008448,19,11.1,76.9,52.6,4,6.9,64.4,yes
STU-0008449,24,9.8,73.4,76.2,13,6.9,69.5,yes
STU-0008450,24,10.3,80.1,76.5,10,8.0,71.8,yes
STU-0008451,21,14.8,81.9,100,13,5.5,74.8,yes
STU-0008452,18,11.7,70.1,73.4,11,6.8,61.2,yes
STU-0008453,20,15.7,85.4,100,6,8.6,91.7,yes
STU-0008454,25,10.7,92.7,95.5,9,7.9,86.1,yes
STU-0008455,18,1.0,47.1,56.1,5,5.2,41.0,no
STU-0008456,23,7.5,71.3,79.2,10,6.7,67.5,yes
STU-0008457,22,1.8,80.3,100,11,6.8,61.3,yes
STU-0008458,18,16.8,86.6,70.5,8,7.0,80.1,yes
STU-0008459,20,1.4,90.0,62.6,6,7.9,66.1,yes
STU-0008460,18,13.8,62.0,83.5,11,7.3,71.6,yes
STU-0008461,21,18.4,100,100,9,8.2,92.9,yes
STU-0008462,21,12.3,75.0,63.1,5,7.0,67.5,yes
STU-0008463,24,22.9,83.0,100,7,6.5,84.1,yes
STU-0008464,18,8.5,100,93.9,3,7.2,79.4,yes
STU-0008465,18,15.4,94.0,100,4,8.1,88.1,yes
STU-0008466,20,14.2,67.1,81.1,3,6.4,57.9,no
STU-0008467,26,1.0,80.3,78.0,13,6.2,66.6,yes
STU-0008468,18,7.7,71.0,65.3,10,8.1,56.9,no
STU-0008469,24,9.4,84.0,62.7,3,6.2,68.5,yes
STU-0008470,17,17.3,91.9,93.5,14,8.2,60.4,yes
STU-0008471,25,2.3,72.7,96.4,8,6.4,68.3,yes
STU-0008472,20,12.4,84.0,100,5,7.6,94.3,yes
STU-0008473,20,9.7,92.0,100,14,8.2,76.5,yes
STU-0008474,20,13.9,81.5,66.1,14,8.1,71.9,yes
STU-0008475,19,1.0,62.8,48.6,6,6.4,45.3,no
STU-0008476,21,14.4,80.8,89.3,4,7.8,85.3,yes
STU-0008477,24,4.9,69.3,67.9,5,5.9,62.4,yes
STU-0008478,26,18.1,87.8,99.3,8,9.1,86.1,yes
STU-0008479,23,4.0,70.4,55.4,14,6.1,48.9,no
STU-0008480,24,14.0,79.1,85.7,6,8.2,70.4,yes
STU-0008481,19,14.9,84.6,82.7,12,6.6,83.5,yes
STU-0008482,18,9.2,65.3,61.7,14,7.4,66.2,yes
STU-0008483,25,14.7,83.2,86.1,5,5.8,69.7,yes
STU-0008484,19,8.8,83.4,100,10,7.0,81.7,yes
STU-0008485,18,4.4,63.8,80.9,5,5.8,62.8,yes
STU-0008486,18,22.4,77.1,98.9,5,8.0,90.2,yes
STU-0008487,18,20.3,92.1,100,13,7.5,98.6,yes
STU-0008488,17,1.0,93.9,100,9,8.2,89.0,yes
STU-0008489,25,8.7,80.0,89.9,7,8.1,81.1,yes
STU-0008490,22,25.7,79.5,100,4,8.2,95.0,yes
STU-0008491,22,25.8,100,100,8,8.0,91.8,yes
STU-0008492,19,1.0,71.1,67.2,9,7.0,67.2,yes
STU-0008493,22,1.7,73.0,66.6,8,6.7,73.3,yes
STU-0008494,22,10.4,79.9,100,7,7.8,78.5,yes
STU-0008495,22,1.6,82.6,88.9,4,7.4,77.1,yes
STU-0008496,19,16.4,76.0,100,4,6.7,80.6,yes
STU-0008497,22,1.0,54.9,20,8,7.1,37.0,no
STU-0008498,19,11.9,84.5,100,5,7.3,78.3,yes
STU-0008499,19,17.4,59.3,80.9,4,5.4,76.7,yes
STU-0008500,23,12.0,65.7,90.1,6,6.8,46.4,no
STU-0008501,17,13.6,73.0,48.2,5,6.9,59.4,no
STU-0008502,20,13.0,71.1,97.8,12,6.4,79.0,yes
STU-0008503,18,19.1,83.8,100,4,7.9,90.7,yes
STU-0008504,24,3.6,57.7,71.8,6,5.8,66.5,yes
STU-0008505,25,3.8,71.6,73.4,14,6.2,51.4,no
STU-0008506,21,13.5,70.7,100,7,6.2,83.9,yes
STU-0008507,18,11.2,93.4,100,6,6.7,80.9,yes
STU-0008508,21,1.0,47.7,52.8,7,6.6,47.7,no
STU-0008509,26,6.4,68.6,68.5,4,5.2,54.9,no
STU-0008510,22,20.9,94.5,100,5,7.6,79.8,yes
STU-0008511,21,18.6,98.8,100,9,7.4,99.0,yes
STU-0008512,24,22.7,96.5,100,11,8.0,93.8,yes
STU-0008513,23,3.1,80.2,77.3,4,7.2,71.4,yes
STU-0008514,20,21.8,84.5,100,7,7.7,90.1,yes
STU-0008515,18,22.0,81.6,91.2,3,7.3,80.0,yes
STU-0008516,26,5.3,70.6,43.0,3,6.1,55.3,no
STU-0008517,20,15.9,93.1,100,7,8.8,98.0,yes
STU-0008518,21,20.5,66.1,94.1,9,6.8,78.1,yes
STU-0008519,21,6.7,74.3,83.4,10,8.1,68.2,yes
STU-0008520,18,7.3,71.0,71.8,9,7.0,61.5,yes
STU-0008521,18,1.0,78.7,93.6,14,6.9,65.9,yes
STU-0008522,19,16.0,85.8,100,14,7.9,83.1,yes
STU-0008523,19,4.3,66.0,53.4,11,7.0,44.7,no
STU-0008524,17,1.0,56.9,74.0,6,7.1,67.2,yes
STU-0008525,20,2.0,69.9,51.7,3,7.2,53.3,no
STU-0008526,25,4.7,90.4,99.2,9,8.6,90.6,yes
STU-0008527,17,1.5,48.1,60.7,8,7.6,50.5,no
STU-0008528,19,15.0,68.6,100,3,7.2,81.2,yes
STU-0008529,20,17.7,100,100,11,7.2,97.5,yes
STU-0008530,19,22.9,82.2,100,4,6.6,85.3,yes
STU-0008531,24,6.6,66.8,65.2,13,8.1,62.8,yes
STU-0008532,23,25.5,81.4,100,4,7.9,80.1,yes
STU-0008533,19,18.3,83.0,99.2,12,8.2,88.8,yes
STU-0008534,25,1.0,85.8,65.6,12,5.7,43.8,no
STU-0008535,19,17.4,100,100,6,8.7,98.6,yes
STU-0008536,18,1.5,77.5,71.2,10,6.6,70.6,yes
STU-0008537,18,10.1,91.5,100,10,7.4,78.9,yes
STU-0008538,21,20.8,96.4,100,5,7.7,100,yes
STU-0008539,26,1.4,53.9,33.0,11,5.6,31.9,no
STU-0008540,22,14.2,86.2,100,3,7.8,91.9,yes
STU-0008541,21,16.0,80.2,66.8,11,7.2,69.8,yes
STU-0008542,24,4.7,79.0,60.7,8,8.8,65.3,yes
STU-0008543,20,7.3,87.9,82.6,8,8.1,74.2,yes
STU-0008544,26,16.7,76.1,84.0,14,7.3,70.1,yes
STU-0008545,21,6.9,85.9,63.2,9,6.6,63.3,yes
STU-0008546,19,3.4,81.2,67.4,13,5.2,27.6,no
STU-0008547,20,24.1,90.6,80.4,14,6.1,83.6,yes
STU-0008548,20,5.7,59.0,85.7,5,6.7,59.3,no
STU-0008549,25,9.3,74.8,83.9,11,7.6,81.1,yes
STU-0008550,17,1.0,77.1,82.2,10,7.2,66.9,yes
STU-0008551,22,1.0,61.5,80.5,7,7.8,48.5,no
STU-0008552,24,17.1,61.8,85.3,7,5.8,77.2,yes
STU-0008553,26,8.3,76.8,96.3,13,7.5,80.3,yes
STU-0008554,20,7.7,98.8,98.6,7,7.2,87.2,yes
STU-0008555,24,7.2,84.7,100,8,7.2,73.3,yes
STU-0008556,20,2.1,56.2,33.6,9,5.1,35.5,no
STU-0008557,20,1.0,62.2,62.8,12,6.2,56.9,no
STU-0008558,22,18.6,62.4,100,8,5.8,80.5,yes
STU-0008559,24,1.3,59.1,63.5,4,7.0,50.4,no
STU-0008560,22,20.2,95.6,100,9,6.7,94.7,yes
STU-0008561,22,13.8,78.4,73.9,5,6.8,64.2,yes
STU-0008562,21,4.2,66.2,52.1,3,7.2,54.7,no
STU-0008563,21,3.7,76.4,98.9,11,6.9,67.6,yes
STU-0008564,23,17.8,100,80.3,10,7.5,78.2,yes
STU-0008565,24,13.3,80.0,82.1,7,7.0,53.0,no
STU-0008566,25,13.3,67.4,80.4,13,8.9,82.2,yes
STU-0008567,17,7.9,60.5,70.3,8,6.3,57.6,no
STU-0008568,21,10.6,67.8,67.0,8,6.6,58.7,no
STU-0008569,18,1.0,75.1,92.3,12,9.1,88.1,yes
STU-0008570,21,10.3,78.8,90.0,13,7.1,89.6,yes
STU-0008571,21,11.5,100,100,6,9.5,95.7,yes
STU-0008572,26,3.5,84.3,81.9,7,5.6,69.3,yes
STU-0008573,17,12.4,91.4,74.3,7,8.3,67.3,yes
STU-0008574,19,9.1,86.2,100,7,7.5,84.2,yes
STU-0008575,21,8.2,71.6,100,14,6.2,66.3,yes
STU-0008576,21,12.6,94.7,100,14,6.8,82.1,yes
STU-0008577,20,6.8,73.1,70.5,14,7.2,59.5,no
STU-0008578,24,13.6,92.3,100,12,6.6,97.1,yes
STU-0008579,17,1.0,72.8,77.0,5,5.7,58.4,no
STU-0008580,21,10.0,100,100,9,8.1,86.7,yes
STU-0008581,20,19.3,73.4,66.4,8,6.9,73.0,yes
STU-0008582,21,16.2,74.8,88.3,4,6.0,79.0,yes
STU-0008583,25,14.7,98.7,96.3,8,8.1,91.7,yes
STU-0008584,23,17.5,99.3,100,13,7.5,87.0,yes
STU-0008585,17,7.4,79.8,84.0,12,5.5,67.7,yes
STU-0008586,19,15.6,71.7,98.9,6,8.3,70.4,yes
STU-0008587,19,16.5,79.4,85.1,8,7.8,79.9,yes
STU-0008588,21,1.0,42.7,34.6,9,6.0,41.0,no
STU-0008589,20,12.6,76.7,89.7,6,6.8,79.8,yes
STU-0008590,19,9.8,81.3,93.4,14,7.8,77.0,yes
STU-0008591,25,1.0,39.4,52.7,10,6.7,52.0,no
STU-0008592,26,13.7,82.5,100,11,8.4,80.5,yes
STU-0008593,19,17.0,74.3,100,6,6.4,83.7,yes
STU-0008594,21,11.3,100,100,14,8.1,91.4,yes
STU-0008595,18,10.4,100,92.7,11,7.5,83.6,yes
STU-0008596,20,9.0,67.7,72.5,10,7.3,67.0,yes
STU-0008597,19,21.6,84.1,68.6,14,6.5,71.1,yes
STU-0008598,22,3.9,62.1,27.2,3,5.8,25.6,no
STU-0008599,17,18.8,82.7,97.7,6,8.2,91.7,yes
STU-0008600,24,21.6,87.6,100,10,6.6,87.6,yes
STU-0008601,21,6.8,66.4,94.1,14,5.7,61.2,yes
STU-0008602,18,12.4,96.4,94.7,8,9.2,88.6,yes
STU-0008603,21,10.8,92.7,79.6,11,8.1,85.4,yes
STU-0008604,26,15.9,92.6,100,7,7.7,93.6,yes
STU-0008605,23,22.1,85.1,100,3,7.2,97.5,yes
STU-0008606,21,17.8,73.7,100,5,7.7,76.0,yes
STU-0008607,18,18.6,100,100,6,7.9,90.9,yes
STU-0008608,24,18.4,95.4,98.4,9,7.0,87.5,yes
STU-0008609,21,1.2,71.5,66.8,14,7.0,65.2,yes
STU-0008610,18,11.5,49.4,65.2,5,5.9,54.6,no
STU-0008611,18,6.5,87.3,100,7,7.9,89.4,yes
STU-0008612,25,14.2,89.5,90.3,9,6.4,77.2,yes
STU-0008613,22,1.0,70.3,80.0,14,6.0,69.0,yes
STU-0008614,24,12.4,72.5,89.2,4,8.1,85.5,yes
STU-0008615,21,4.0,68.1,58.6,3,6.4,54.2,no
STU-0008616,18,9.0,71.6,78.1,12,7.2,62.4,yes
STU-0008617,20,16.0,69.1,100,13,7.2,95.5,yes
STU-0008618,20,14.8,81.0,100,6,7.6,78.7,yes
STU-0008619,20,5.5,75.3,68.8,8,6.8,68.4,yes
STU-0008620,21,11.7,93.3,93.7,8,8.3,83.4,yes
STU-0008621,17,6.4,83.6,74.3,9,6.8,59.8,no
STU-0008622,18,13.9,81.7,100,11,5.4,87.7,yes
STU-0008623,21,2.8,67.0,76.2,13,7.2,60.7,yes
STU-0008624,22,10.9,93.9,100,7,7.2,87.1,yes
STU-0008625,24,1.0,56.6,59.6,12,4.9,36.3,no
STU-0008626,19,1.0,49.3,20,12,5.6,22.1,no
STU-0008627,21,3.3,69.7,52.0,8,5.7,52.0,no
STU-0008628,18,14.5,78.7,100,7,5.9,86.2,yes
STU-0008629,19,2.6,65.7,65.2,4,5.3,55.9,no
STU-0008630,20,23.3,100,100,6,8.3,93.6,yes
STU-0008631,24,7.4,69.0,32.8,11,6.7,48.7,no
STU-0008632,23,11.0,76.7,64.9,8,7.8,64.4,yes
STU-0008633,24,11.5,80.1,78.8,3,7.5,66.6,yes
STU-0008634,25,19.0,93.8,82.9,5,7.1,84.0,yes
STU-0008635,18,15.2,56.6,90.9,4,6.7,81.7,yes
STU-0008636,24,6.5,82.9,100,14,6.5,57.1,no
STU-0008637,24,6.3,90.1,100,13,7.2,83.4,yes
STU-0008638,18,12.9,50.4,68.1,8,7.5,50.4,no
STU-0008639,18,19.9,96.2,100,6,7.8,85.2,yes
STU-0008640,18,1.0,52.6,48.8,8,5.0,36.6,no
STU-0008641,24,22.7,86.8,100,12,6.7,86.4,yes
STU-0008642,21,13.6,74.8,72.0,12,7.5,76.7,yes
STU-0008643,23,8.0,63.2,77.7,6,7.9,75.0,yes
STU-0008644,20,25.1,96.9,100,4,7.0,95.4,yes
STU-0008645,18,10.7,94.4,100,13,7.1,83.4,yes
STU-0008646,21,13.4,59.7,51.9,10,6.3,52.4,no
STU-0008647,24,14.0,90.0,100,12,8.9,86.3,yes
STU-0008648,20,1.0,62.4,56.8,6,6.3,59.0,no
STU-0008649,24,8.7,71.5,87.9,11,7.4,88.7,yes
STU-0008650,25,4.4,71.0,60.0,11,6.8,55.9,no
STU-0008651,21,8.0,100,100,7,7.5,78.6,yes
STU-0008652,22,6.1,68.3,41.2,11,5.8,37.2,no
STU-0008653,18,13.7,86.1,100,3,5.6,76.2,yes
STU-0008654,20,1.0,51.6,42.2,13,7.8,35.1,no
STU-0008655,21,5.9,98.7,72.2,5,7.4,67.7,yes
STU-0008656,20,2.8,69.8,45.0,13,6.4,45.9,no
STU-0008657,17,6.8,62.5,61.2,5,7.6,48.7,no
STU-0008658,25,10.1,80.4,84.2,11,6.3,83.3,yes
STU-0008659,18,1.0,53.3,80.8,12,7.0,71.2,yes
STU-0008660,20,1.0,58.1,100,5,8.2,75.6,yes
STU-0008661,22,12.0,79.1,72.2,9,6.9,53.0,no
STU-0008662,26,11.4,96.4,100,12,7.7,90.5,yes
STU-0008663,23,8.3,80.0,87.2,8,7.9,82.3,yes
STU-0008664,26,18.6,59.2,63.7,12,6.6,70.4,yes
STU-0008665,18,4.6,63.2,79.6,9,9.3,68.1,yes
STU-0008666,18,5.3,65.8,35.4,9,7.5,31.3,no
STU-0008667,26,10.6,69.7,64.7,5,6.9,66.9,yes
STU-0008668,18,1.0,41.8,59.0,8,6.7,42.4,no
STU-0008669,18,22.1,80.0,100,9,7.0,78.7,yes
STU-0008670,25,14.1,74.8,93.1,5,7.7,89.5,yes
STU-0008671,24,7.5,92.4,90.8,14,6.2,69.4,yes
STU-0008672,17,12.5,86.1,81.4,7,7.6,73.7,yes
STU-0008673,20,8.3,79.3,78.5,5,6.9,75.1,yes
STU-0008674,19,4.5,48.8,74.1,4,6.9,55.8,no
STU-0008675,19,5.7,63.6,35.7,5,4.7,31.1,no
STU-0008676,24,4.9,81.4,95.8,10,7.5,82.8,yes
STU-0008677,25,1.0,49.9,85.7,7,6.7,55.1,no
STU-0008678,21,2.5,70.1,52.8,5,6.1,46.4,no
STU-0008679,19,2.4,38.4,20.1,7,6.6,27.0,no
STU-0008680,23,7.4,79.1,92.5,5,4.1,72.7,yes
STU-0008681,18,1.5,47.0,56.4,5,8.0,52.3,no
STU-0008682,18,9.3,69.6,87.5,13,7.2,73.4,yes
STU-0008683,18,11.6,69.7,74.1,11,7.2,69.8,yes
STU-0008684,19,3.9,59.5,100,3,6.8,76.1,yes
STU-0008685,17,5.3,88.5,57.5,12,6.0,56.7,no
STU-0008686,22,18.3,88.1,100,12,7.6,90.2,yes
STU-0008687,25,5.0,85.7,100,8,6.3,59.4,no
STU-0008688,19,12.3,56.7,97.8,6,6.3,66.0,yes
STU-0008689,17,16.2,89.2,78.8,6,8.1,83.7,yes
STU-0008690,21,7.7,92.0,75.2,9,7.7,82.1,yes
STU-0008691,21,17.1,88.6,100,7,8.1,89.6,yes
STU-0008692,26,1.0,72.6,62.3,13,7.1,63.3,yes
STU-0008693,21,19.8,90.9,100,5,5.6,82.0,yes
STU-0008694,21,4.1,71.2,100,8,6.5,71.5,yes
STU-0008695,25,23.3,84.9,100,13,6.5,85.3,yes
STU-0008696,17,5.3,77.5,92.3,12,4.6,51.7,no
STU-0008697,22,14.8,84.2,73.0,6,7.1,74.6,yes
STU-0008698,21,12.0,78.8,95.6,5,6.8,69.2,yes
STU-0008699,19,10.7,68.1,72.1,13,6.7,65.7,yes
STU-0008700,19,3.9,69.4,71.1,6,7.0,67.0,yes
STU-0008701,22,25.6,84.8,100,6,7.2,93.4,yes
STU-0008702,23,2.0,85.3,67.5,10,6.8,67.0,yes
STU-0008703,21,29.4,97.2,100,14,6.7,91.5,yes
STU-0008704,21,14.9,69.6,84.1,4,6.7,84.5,yes
STU-0008705,20,8.1,82.8,100,3,5.9,78.1,yes
STU-0008706,21,11.8,78.0,59.2,9,8.1,64.5,yes
STU-0008707,18,10.7,72.9,48.1,3,6.4,42.8,no
STU-0008708,22,6.3,76.1,96.7,9,6.9,78.2,yes
STU-0008709,22,6.4,63.0,60.6,8,8.0,63.6,yes
STU-0008710,17,19.6,92.9,100,3,7.9,88.2,yes
STU-0008711,19,10.7,74.8,70.4,14,6.9,69.1,yes
STU-0008712,21,17.0,92.9,83.7,14,7.0,82.1,yes
STU-0008713,19,23.3,100,100,4,7.9,89.7,yes
STU-0008714,22,9.3,73.8,91.6,7,7.6,74.3,yes
STU-0008715,23,18.5,90.8,87.6,4,9.5,86.3,yes
STU-0008716,21,2.6,62.7,86.3,5,7.1,85.0,yes
STU-0008717,26,1.0,74.2,63.6,8,6.0,47.3,no
STU-0008718,26,11.4,63.5,84.1,7,6.5,74.4,yes
STU-0008719,19,11.0,88.5,100,11,7.1,76.7,yes
STU-0008720,17,16.2,92.8,100,9,8.3,81.5,yes
STU-0008721,18,10.7,58.0,87.4,6,6.9,67.1,yes
STU-0008722,18,16.8,89.4,100,12,7.6,77.4,yes
STU-0008723,17,14.0,93.6,100,4,7.9,89.1,yes
STU-0008724,23,1.6,76.8,34.7,12,7.2,47.9,no
STU-0008725,20,8.1,68.9,65.1,14,8.2,53.3,no
STU-0008726,17,15.2,81.1,82.1,13,7.2,73.6,yes
STU-0008727,18,12.4,87.0,88.4,14,7.2,79.2,yes
STU-0008728,26,9.4,71.9,67.5,11,7.3,79.3,yes
STU-0008729,17,11.6,73.1,100,5,6.1,80.1,yes
STU-0008730,23,1.0,47.5,35.9,9,6.8,37.1,no
STU-0008731,22,11.9,59.3,71.8,7,7.2,50.9,no
STU-0008732,26,16.7,59.5,43.7,10,7.6,55.4,no
STU-0008733,22,16.9,82.1,98.8,14,8.7,82.7,yes
STU-0008734,19,1.0,69.7,64.2,4,7.0,28.9,no
STU-0008735,20,6.8,74.4,28.8,6,8.8,53.0,no
STU-0008736,18,29.4,87.9,100,4,7.2,88.1,yes
STU-0008737,17,14.1,65.4,93.9,3,7.5,75.2,yes
STU-0008738,18,13.1,58.2,55.3,7,6.5,62.9,yes
STU-0008739,20,7.7,71.1,100,5,6.8,84.6,yes
STU-0008740,18,1.0,40.9,65.8,3,6.9,51.5,no
STU-0008741,18,19.1,100,98.7,5,7.3,79.8,yes
STU-0008742,23,23.3,72.8,100,4,7.3,80.3,yes
STU-0008743,19,5.5,52.4,45.0,14,7.2,58.8,no
STU-0008744,22,11.8,61.3,100,13,8.0,80.6,yes
STU-0008745,23,18.0,76.2,94.2,5,7.0,72.4,yes
STU-0008746,24,16.1,81.4,78.4,12,6.9,77.6,yes
STU-0008747,24,13.4,76.9,100,10,7.3,59.3,no
STU-0008748,22,4.0,81.2,100,5,5.8,66.5,yes
STU-0008749,22,22.7,89.1,79.5,10,8.5,86.4,yes
STU-0008750,25,17.1,76.7,100,12,7.2,82.5,yes
STU-0008751,21,23.8,88.5,100,12,7.7,95.5,yes
STU-0008752,18,14.4,71.8,79.3,4,5.9,62.6,yes
STU-0008753,21,10.5,85.7,92.9,10,7.4,84.7,yes
STU-0008754,24,9.5,57.1,87.5,4,6.3,61.3,yes
STU-0008755,22,15.2,91.6,100,13,7.4,89.9,yes
STU-0008756,20,3.4,75.9,64.8,13,7.6,76.1,yes
STU-0008757,17,20.8,88.8,100,9,6.7,88.8,yes
STU-0008758,18,16.6,69.6,100,3,8.0,72.0,yes
STU-0008759,25,3.6,64.7,95.4,11,7.7,71.5,yes
STU-0008760,19,8.9,82.8,100,4,7.7,74.1,yes
STU-0008761,20,16.7,92.7,100,5,7.7,96.7,yes
STU-0008762,20,9.1,75.9,82.9,11,7.7,79.4,yes
STU-0008763,20,19.2,75.7,100,8,6.8,91.7,yes
STU-0008764,26,1.0,81.7,100,13,7.8,72.8,yes
STU-0008765,18,5.8,77.7,98.6,7,7.5,81.5,yes
STU-0008766,25,1.0,61.9,89.0,10,7.2,67.5,yes
STU-0008767,20,3.0,73.0,72.6,14,6.5,61.6,yes
STU-0008768,26,26.4,91.5,100,12,5.3,100,yes
STU-0008769,21,14.0,92.0,100,6,8.6,91.8,yes
STU-0008770,18,13.2,80.5,79.6,11,8.4,76.3,yes
STU-0008771,19,11.2,71.3,91.1,10,7.3,78.1,yes
STU-0008772,21,12.8,75.5,51.2,11,6.0,52.6,no
STU-0008773,18,16.7,89.1,96.4,10,6.4,71.3,yes
STU-0008774,18,15.0,89.5,100,8,7.4,86.4,yes
STU-0008775,24,7.3,78.9,79.9,3,7.6,76.4,yes
STU-0008776,26,3.6,52.9,48.2,7,6.8,48.4,no
STU-0008777,19,5.9,83.3,89.9,11,6.7,81.2,yes
STU-0008778,20,19.2,76.5,76.0,3,5.9,67.1,yes
STU-0008779,21,10.1,89.9,76.6,3,7.5,60.8,yes
STU-0008780,20,9.8,70.3,77.2,5,5.5,64.6,yes
STU-0008781,21,13.9,56.3,65.6,4,8.4,72.4,yes
STU-0008782,19,1.0,83.4,65.1,12,7.3,73.4,yes
STU-0008783,24,14.5,77.0,82.9,12,7.6,77.1,yes
STU-0008784,19,11.5,69.9,67.8,12,7.3,54.5,no
STU-0008785,22,5.8,72.9,56.3,7,7.8,60.3,yes
STU-0008786,17,1.0,54.7,95.0,13,6.6,74.0,yes
STU-0008787,18,24.7,76.3,100,14,7.1,86.9,yes
STU-0008788,22,3.1,55.7,62.9,8,5.6,50.9,no
STU-0008789,24,4.9,50.9,36.6,11,5.8,44.9,no
STU-0008790,23,13.8,81.9,98.1,12,7.0,76.6,yes
STU-0008791,21,14.7,76.8,68.1,6,5.8,63.4,yes
STU-0008792,18,1.0,55.9,60.2,5,7.2,52.8,no
STU-0008793,21,12.0,83.4,87.4,7,7.3,76.4,yes
STU-0008794,24,16.6,87.5,100,6,7.9,96.2,yes
STU-0008795,24,5.4,71.4,85.1,14,6.5,66.5,yes
STU-0008796,22,24.9,87.6,89.7,10,7.7,99.2,yes
STU-0008797,25,17.0,77.4,100,5,7.4,93.3,yes
STU-0008798,24,12.4,55.6,48.2,11,6.6,55.0,no
STU-0008799,19,1.1,57.9,76.8,9,7.4,60.3,yes
STU-0008800,20,3.7,58.1,66.2,6,6.2,57.4,no
STU-0008801,22,3.1,70.4,65.8,9,7.5,36.2,no
STU-0008802,26,9.6,93.3,93.9,4,7.9,93.5,yes
STU-0008803,20,28.9,88.1,100,6,6.2,90.7,yes
STU-0008804,19,10.5,77.2,100,13,7.9,78.8,yes
STU-0008805,21,22.8,93.8,100,7,7.4,91.0,yes
STU-0008806,22,17.2,95.7,100,11,7.2,91.2,yes
STU-0008807,22,1.0,59.9,83.7,12,5.7,67.4,yes
STU-0008808,20,5.9,72.4,60.7,13,8.0,59.8,no
STU-0008809,18,21.0,100,100,13,8.8,92.4,yes
STU-0008810,22,11.1,85.1,93.0,13,8.6,85.3,yes
STU-0008811,22,8.4,71.2,70.8,9,5.3,58.5,no
STU-0008812,21,15.7,85.7,100,12,6.7,88.2,yes
STU-0008813,21,17.2,90.0,100,12,6.6,85.2,yes
STU-0008814,24,13.6,89.1,100,3,8.1,87.0,yes
STU-0008815,23,13.7,66.9,77.8,9,6.7,79.1,yes
STU-0008816,21,10.8,61.8,88.3,14,6.8,75.5,yes
STU-0008817,21,9.9,84.0,100,3,8.0,84.2,yes
STU-0008818,25,14.6,85.2,100,9,6.7,88.8,yes
STU-0008819,18,1.1,86.8,100,13,5.8,67.6,yes
STU-0008820,22,1.0,66.3,89.5,10,5.6,64.1,yes
STU-0008821,19,10.1,84.6,92.0,3,5.5,77.4,yes
STU-0008822,24,1.0,73.6,36.4,13,6.3,44.4,no
STU-0008823,19,9.5,89.2,100.0,11,7.7,88.4,yes
STU-0008824,19,13.3,67.6,35.1,6,5.7,53.8,no
STU-0008825,17,5.3,72.8,42.5,6,6.4,45.1,no
STU-0008826,18,7.1,83.6,100,9,7.5,84.0,yes
STU-0008827,17,15.1,93.2,100,9,5.8,78.9,yes
STU-0008828,21,8.2,63.5,69.2,9,7.4,71.6,yes
STU-0008829,23,7.0,81.0,94.0,3,6.5,81.1,yes
STU-0008830,25,4.1,75.0,44.7,8,6.7,45.8,no
STU-0008831,18,15.9,72.7,93.7,10,6.6,74.3,yes
STU-0008832,24,5.9,61.9,81.5,11,8.6,67.6,yes
STU-0008833,26,2.8,68.8,54.9,12,7.2,49.6,no
STU-0008834,19,11.1,84.2,94.0,13,7.3,81.2,yes
STU-0008835,25,11.8,74.2,95.2,5,6.7,77.1,yes
STU-0008836,22,20.2,90.2,92.9,4,7.9,77.8,yes
STU-0008837,20,14.5,98.8,100,8,8.0,93.8,yes
STU-0008838,20,14.5,94.2,100,4,8.1,81.9,yes
STU-0008839,17,1.0,80.2,49.7,11,7.1,48.8,no
STU-0008840,20,9.3,96.9,100,14,8.5,100,yes
STU-0008841,20,6.9,75.0,75.6,14,6.4,63.2,yes
STU-0008842,21,18.4,89.5,76.3,6,6.7,83.1,yes
STU-0008843,25,1.0,67.3,52.7,14,6.9,35.5,no
STU-0008844,23,17.2,80.6,100,14,8.0,88.7,yes
STU-0008845,19,10.9,61.0,23.8,14,6.4,43.2,no
STU-0008846,17,24.2,90.7,79.8,6,9.2,86.8,yes
STU-0008847,23,1.0,86.3,62.9,11,7.4,56.3,no
STU-0008848,19,21.0,97.9,100,11,6.8,92.0,yes
STU-0008849,24,8.7,66.9,64.9,4,5.8,66.4,yes
STU-0008850,19,8.5,83.4,91.6,10,6.0,85.7,yes
STU-0008851,19,14.4,76.4,100,8,6.4,78.4,yes
STU-0008852,25,9.0,70.9,78.1,9,6.8,72.0,yes
STU-0008853,18,6.8,86.4,61.6,5,5.8,58.3,no
STU-0008854,19,16.1,74.5,68.3,5,6.1,62.3,yes
STU-0008855,19,21.3,98.1,91.6,4,8.3,90.5,yes
STU-0008856,21,6.5,86.4,88.5,7,7.6,71.5,yes
STU-0008857,21,17.7,83.9,100,8,9.3,97.1,yes
STU-0008858,20,1.0,62.1,55.4,5,6.8,53.1,no
STU-0008859,25,8.4,64.4,86.5,8,6.9,64.0,yes
STU-0008860,17,14.0,84.4,100,5,7.0,78.3,yes
STU-0008861,18,2.9,73.7,52.2,13,6.1,62.1,yes
STU-0008862,23,18.1,77.2,77.5,13,8.1,75.0,yes
STU-0008863,20,23.3,88.7,91.8,4,8.9,94.1,yes
STU-0008864,20,15.5,76.3,63.9,11,8.4,75.2,yes
STU-0008865,20,13.6,75.9,93.7,11,8.5,89.2,yes
STU-0008866,24,10.8,91.0,65.2,14,8.3,61.8,yes
STU-0008867,22,4.6,73.5,72.9,8,7.1,67.5,yes
STU-0008868,22,18.6,91.3,100,3,7.9,100,yes
STU-0008869,17,1.0,81.7,61.4,10,7.8,61.2,yes
STU-0008870,26,7.1,88.7,91.0,12,8.0,79.2,yes
STU-0008871,18,8.7,62.2,64.1,12,6.8,58.7,no
STU-0008872,19,11.7,87.1,64.2,14,9.1,60.9,yes
STU-0008873,20,5.2,71.3,33.3,10,6.3,36.4,no
STU-0008874,26,14.9,70.5,96.0,9,5.4,69.0,yes
STU-0008875,20,6.4,65.9,75.5,12,6.9,65.0,yes
STU-0008876,23,14.5,77.8,100,6,6.5,77.5,yes
STU-0008877,21,15.4,93.4,100,6,9.1,87.9,yes
STU-0008878,21,5.2,74.6,49.0,9,7.2,36.9,no
STU-0008879,25,16.5,82.0,69.9,8,7.0,64.4,yes
STU-0008880,17,8.2,87.8,87.4,6,8.8,86.5,yes
STU-0008881,23,1.0,77.4,100,8,6.0,80.7,yes
STU-0008882,18,19.5,84.3,77.7,7,7.6,75.4,yes
STU-0008883,21,3.1,69.1,51.2,9,5.7,57.2,no
STU-0008884,18,1.0,66.7,48.1,13,5.7,45.1,no
STU-0008885,23,3.1,75.5,100,7,5.8,85.3,yes
STU-0008886,21,6.8,85.8,100,9,7.4,80.4,yes
STU-0008887,26,7.4,68.9,49.3,4,5.7,50.6,no
STU-0008888,21,2.7,67.4,32.1,13,7.3,59.2,no
STU-0008889,20,1.0,39.1,20,3,6.2,27.8,no
STU-0008890,21,17.4,81.6,92.1,6,7.1,89.7,yes
STU-0008891,25,14.7,59.2,47.3,4,6.5,64.5,yes
STU-0008892,26,7.2,75.0,90.4,6,7.4,85.7,yes
STU-0008893,20,7.6,89.6,90.9,12,8.1,90.5,yes
STU-0008894,24,13.3,87.7,90.7,3,7.1,75.4,yes
STU-0008895,17,10.1,71.6,85.8,3,7.5,68.1,yes
STU-0008896,26,11.6,88.6,100,14,9.4,97.5,yes
STU-0008897,21,4.0,66.3,73.1,13,8.0,65.4,yes
STU-0008898,19,8.2,78.0,88.8,4,7.5,85.0,yes
STU-0008899,22,5.8,76.6,68.8,3,7.1,77.6,yes
STU-0008900,24,20.8,81.4,100,7,6.7,75.8,yes
STU-0008901,23,8.9,90.3,100,8,6.2,69.0,yes
STU-0008902,20,19.5,76.4,100,3,5.3,69.7,yes
STU-0008903,21,8.1,70.5,86.1,3,7.0,85.9,yes
STU-0008904,21,18.2,80.4,96.2,9,7.4,78.9,yes
STU-0008905,17,4.5,72.6,75.4,8,6.1,65.4,yes
STU-0008906,19,13.5,82.3,80.8,11,6.0,66.0,yes
STU-0008907,22,16.9,79.3,95.5,10,7.7,96.5,yes
STU-0008908,23,24.1,100,100,14,7.0,94.1,yes
STU-0008909,20,13.1,65.2,41.5,9,6.4,52.3,no
STU-0008910,25,3.3,70.3,60.9,12,6.7,57.7,no
STU-0008911,25,14.4,81.0,100,11,6.8,81.4,yes
STU-0008912,20,5.5,74.6,87.0,8,7.2,55.0,no
STU-0008913,18,8.7,63.5,74.1,14,7.5,75.4,yes
STU-0008914,18,17.5,99.1,100,4,7.9,87.6,yes
STU-0008915,19,14.6,79.1,100,12,6.2,84.9,yes
STU-0008916,26,15.7,91.8,100,3,7.9,88.2,yes
STU-0008917,17,13.0,68.0,76.1,6,7.2,75.3,yes
STU-0008918,20,3.2,81.6,65.1,14,8.3,67.2,yes
STU-0008919,20,12.5,63.1,91.6,9,8.4,80.4,yes
STU-0008920,23,18.7,100,100,6,5.7,88.6,yes
STU-0008921,21,10.0,63.5,100,9,6.0,71.7,yes
STU-0008922,26,11.8,77.6,100,13,7.8,80.3,yes
STU-0008923,18,1.0,58.3,68.3,6,6.5,61.7,yes
STU-0008924,22,15.1,73.3,82.5,13,7.5,76.2,yes
STU-0008925,22,19.8,88.8,100,9,7.7,89.0,yes
STU-0008926,20,11.2,69.3,95.3,3,7.2,81.3,yes
STU-0008927,18,12.2,72.6,100,13,7.5,85.3,yes
STU-0008928,22,5.2,89.0,85.7,14,7.2,81.2,yes
STU-0008929,18,6.9,66.5,81.7,12,7.6,71.7,yes
STU-0008930,26,19.6,98.3,100,12,6.4,89.6,yes
STU-0008931,25,11.6,98.2,100,13,6.7,87.2,yes
STU-0008932,25,6.7,78.6,41.0,3,7.2,47.1,no
STU-0008933,19,10.0,65.6,52.8,9,7.4,68.6,yes
STU-0008934,24,4.4,67.5,65.1,11,6.9,49.3,no
STU-0008935,26,1.0,76.6,84.6,12,6.1,62.6,yes
STU-0008936,20,1.0,73.3,100,10,5.6,67.6,yes
STU-0008937,24,1.2,57.8,38.6,8,8.1,51.9,no
STU-0008938,17,6.5,73.8,20,11,6.4,38.1,no
STU-0008939,19,13.6,79.4,100,7,8.1,78.1,yes
STU-0008940,20,19.2,89.1,100,8,6.2,88.0,yes
STU-0008941,18,4.3,56.0,75.4,6,6.5,51.8,no
STU-0008942,21,18.8,66.9,57.7,13,6.9,59.5,no
STU-0008943,19,12.2,91.0,88.6,11,9.5,93.3,yes
STU-0008944,20,10.0,84.5,75.2,8,6.7,72.7,yes
STU-0008945,21,16.3,69.7,88.1,11,6.8,54.9,no
STU-0008946,26,6.4,60.9,58.0,9,6.8,61.4,yes
STU-0008947,19,11.3,80.1,94.8,11,7.4,90.7,yes
STU-0008948,19,14.0,72.1,100,12,8.1,91.0,yes
STU-0008949,21,7.6,94.3,71.5,9,8.8,73.7,yes
STU-0008950,19,19.6,84.2,66.9,6,7.3,77.2,yes
STU-0008951,18,14.8,69.7,71.8,12,6.1,56.5,no
STU-0008952,18,18.7,96.3,100,11,5.9,84.8,yes
STU-0008953,20,26.7,75.0,100,11,7.0,89.8,yes
STU-0008954,25,17.3,88.8,81.5,10,6.8,81.5,yes
STU-0008955,17,1.0,65.4,77.5,4,6.3,63.5,yes
STU-0008956,25,15.1,67.3,55.7,8,7.7,62.0,yes
STU-0008957,19,24.0,100,100,7,8.3,100,yes
STU-0008958,18,8.9,73.8,83.6,3,5.7,70.7,yes
STU-0008959,21,13.5,76.1,70.0,4,6.4,66.4,yes
STU-0008960,21,12.0,82.1,87.5,9,8.0,77.1,yes
STU-0008961,17,2.5,78.4,52.7,8,7.7,51.4,no
STU-0008962,25,20.7,90.9,78.9,11,7.6,78.4,yes
STU-0008963,21,17.6,88.4,100,11,6.3,89.6,yes
STU-0008964,21,18.6,61.0,77.0,3,5.8,71.3,yes
STU-0008965,18,2.9,60.0,78.2,6,7.0,61.1,yes
STU-0008966,19,11.6,48.8,63.5,9,4.8,51.8,no
STU-0008967,20,18.6,93.5,100,13,7.7,100,yes
STU-0008968,21,12.5,100,97.9,10,8.4,86.0,yes
STU-0008969,24,7.1,80.3,96.5,4,7.7,81.0,yes
STU-0008970,26,3.6,58.3,52.2,6,7.8,49.5,no
STU-0008971,21,5.9,64.8,26.2,6,6.7,39.3,no
STU-0008972,19,20.8,90.9,97.8,11,8.1,91.2,yes
STU-0008973,25,7.8,66.3,38.2,3,7.1,54.3,no
STU-0008974,20,1.2,64.8,78.6,9,7.6,67.7,yes
STU-0008975,18,17.7,76.0,73.6,12,7.5,63.3,yes
STU-0008976,25,26.8,83.4,100,4,6.4,94.2,yes
STU-0008977,26,6.2,87.0,100,4,7.7,74.4,yes
STU-0008978,18,9.8,65.8,75.5,4,6.5,71.1,yes
STU-0008979,26,18.8,95.3,81.0,10,6.3,77.1,yes
STU-0008980,21,14.4,66.8,96.6,8,7.9,82.2,yes
STU-0008981,23,8.7,54.2,94.1,5,6.0,57.1,no
STU-0008982,18,21.6,100,100,12,6.2,79.6,yes
STU-0008983,19,11.1,93.5,100,5,6.3,66.3,yes
STU-0008984,24,23.1,83.3,69.3,4,6.4,73.4,yes
STU-0008985,17,11.9,84.8,100,3,6.9,88.4,yes
STU-0008986,21,1.0,70.7,65.6,3,7.4,64.6,yes
STU-0008987,20,6.5,67.9,100,10,8.4,74.7,yes
STU-0008988,24,12.8,79.5,100,13,6.3,69.4,yes
STU-0008989,26,20.1,99.1,100,14,7.3,95.1,yes
STU-0008990,21,8.1,87.3,100,6,7.1,93.6,yes
STU-0008991,18,8.5,69.2,79.0,14,6.0,65.4,yes
STU-0008992,17,14.9,71.0,75.7,10,7.3,74.6,yes
STU-0008993,19,9.7,82.4,81.7,9,8.4,84.1,yes
STU-0008994,17,13.2,74.2,81.2,14,5.6,70.6,yes
STU-0008995,23,22.0,78.0,100,3,6.0,82.7,yes
STU-0008996,26,15.0,90.1,100,14,7.4,82.4,yes
STU-0008997,22,1.0,57.8,48.9,4,6.9,46.9,no
STU-0008998,26,11.9,68.2,97.9,13,5.4,75.6,yes
STU-0008999,18,9.2,49.3,60.2,14,6.1,50.9,no
STU-0009000,20,7.2,68.7,49.6,4,7.2,53.7,no
STU-0009001,21,15.4,69.1,100,13,7.3,72.2,yes
STU-0009002,17,17.8,63.3,64.8,4,7.3,58.9,no
STU-0009003,18,8.7,71.0,32.5,14,7.8,42.7,no
STU-0009004,21,18.9,67.9,86.4,6,5.8,71.2,yes
STU-0009005,25,1.0,57.3,61.5,3,7.3,51.3,no
STU-0009006,23,14.4,79.1,76.4,5,6.9,68.3,yes
STU-0009007,24,14.2,80.5,92.5,14,5.8,79.4,yes
STU-0009008,19,5.9,70.2,76.4,8,7.1,64.9,yes
STU-0009009,17,1.0,64.8,37.8,3,6.0,31.7,no
STU-0009010,22,18.7,77.4,88.6,3,7.7,77.0,yes
STU-0009011,25,14.1,72.2,100,14,7.1,77.2,yes
STU-0009012,19,11.1,83.3,100,9,5.4,68.4,yes
STU-0009013,23,11.1,73.2,90.8,6,7.2,74.8,yes
STU-0009014,19,15.6,89.7,99.8,12,8.5,87.2,yes
STU-0009015,20,9.2,71.8,78.6,8,8.4,83.3,yes
STU-0009016,19,9.7,54.3,49.0,13,6.6,51.8,no
STU-0009017,19,14.5,93.3,100,13,5.7,85.2,yes
STU-0009018,19,18.3,100,100,6,8.3,97.2,yes
STU-0009019,19,1.0,76.0,62.4,12,5.6,55.6,no
STU-0009020,21,19.3,86.8,98.3,11,6.2,73.4,yes
STU-0009021,20,1.0,66.2,26.6,5,7.8,43.8,no
STU-0009022,25,4.8,60.6,64.3,10,8.2,69.0,yes
STU-0009023,21,23.2,100,100,13,7.5,88.2,yes
STU-0009024,23,15.1,80.4,88.9,6,7.6,78.0,yes
STU-0009025,18,7.8,61.0,100,5,6.0,76.5,yes
STU-0009026,19,11.2,100,100,14,6.6,79.3,yes
STU-0009027,18,1.0,70.6,35.2,6,6.7,59.5,no
STU-0009028,18,1.0,71.1,84.7,12,6.7,49.9,no
STU-0009029,19,8.2,86.1,61.3,7,6.6,65.3,yes
STU-0009030,18,1.0,62.5,42.4,14,7.4,31.2,no
STU-0009031,17,19.7,84.3,96.4,7,7.0,87.5,yes
STU-0009032,22,2.9,61.6,29.1,7,7.2,51.8,no
STU-0009033,21,13.8,74.0,92.9,12,7.7,73.6,yes
STU-0009034,21,19.4,95.3,100,7,7.9,99.7,yes
STU-0009035,18,1.0,53.0,70.2,13,7.6,65.9,yes
STU-0009036,19,6.4,70.9,67.2,11,5.1,64.1,yes
STU-0009037,21,10.5,76.1,100,11,8.0,98.7,yes
STU-0009038,20,7.3,80.8,100,12,7.1,83.7,yes
STU-0009039,21,11.8,83.0,62.5,8,5.6,69.9,yes
STU-0009040,20,3.6,84.8,72.8,13,5.9,59.4,no
STU-0009041,19,13.1,81.4,100,8,7.2,94.8,yes
STU-0009042,18,7.8,73.0,78.3,11,6.5,72.0,yes
STU-0009043,24,2.9,87.0,100,13,7.3,78.1,yes
STU-0009044,25,17.4,70.7,84.5,4,6.4,72.3,yes
STU-0009045,19,14.2,75.5,58.3,10,7.5,42.7,no
STU-0009046,22,20.1,82.7,100,9,8.1,91.2,yes
STU-0009047,19,1.0,35,42.1,7,6.2,24.3,no
STU-0009048,18,5.2,72.8,65.4,6,5.5,61.3,yes
STU-0009049,18,1.0,40.4,51.0,10,5.7,23.4,no
STU-0009050,19,14.1,62.3,100,7,6.0,81.0,yes
STU-0009051,22,21.6,84.8,99.6,13,7.6,86.3,yes
STU-0009052,20,11.4,80.6,88.4,8,8.4,90.6,yes
STU-0009053,21,15.7,94.5,100,12,6.5,99.8,yes
STU-0009054,21,8.2,43.4,62.2,10,6.4,56.0,no
STU-0009055,17,6.0,76.5,85.0,8,5.1,63.1,yes
STU-0009056,18,14.3,94.4,100,6,8.0,93.2,yes
STU-0009057,17,11.6,82.0,100,10,8.1,89.1,yes
STU-0009058,21,12.6,69.9,99.2,9,7.9,74.2,yes
STU-0009059,23,4.4,49.8,20,14,6.4,33.2,no
STU-0009060,17,26.9,100,100,6,5.7,96.8,yes
STU-0009061,18,1.2,74.5,100,7,6.6,81.6,yes
STU-0009062,20,14.5,70.5,85.6,3,7.8,63.7,yes
STU-0009063,17,17.1,89.1,100,7,6.6,74.0,yes
STU-0009064,18,8.3,68.4,82.3,7,6.9,79.9,yes
STU-0009065,20,22.0,77.1,100,10,8.1,88.9,yes
STU-0009066,20,13.7,81.9,100,7,8.5,89.3,yes
STU-0009067,18,7.2,80.3,91.9,14,4.7,65.0,yes
STU-0009068,24,4.0,70.4,80.9,3,6.5,65.4,yes
STU-0009069,22,6.2,68.7,44.6,8,5.8,44.5,no
STU-0009070,22,6.2,75.5,93.4,12,6.3,83.7,yes
STU-0009071,23,1.0,63.0,30.2,13,6.6,38.5,no
STU-0009072,26,18.7,84.9,78.6,3,7.9,75.7,yes
STU-0009073,24,6.5,67.6,70.7,11,6.8,68.6,yes
STU-0009074,24,19.2,69.3,81.0,6,7.3,69.7,yes
STU-0009075,21,8.1,62.3,74.2,13,7.4,66.2,yes
STU-0009076,22,17.3,59.4,57.7,11,7.2,58.1,no
STU-0009077,20,8.8,57.5,26.4,5,5.3,37.8,no
STU-0009078,19,1.5,73.1,60.6,11,7.2,63.5,yes
STU-0009079,20,16.0,88.8,77.7,7,7.4,70.5,yes
STU-0009080,26,1.0,49.2,52.9,4,3.9,36.1,no
STU-0009081,19,11.4,81.6,100,14,6.9,77.2,yes
STU-0009082,24,14.2,80.4,86.5,9,8.0,75.4,yes
STU-0009083,25,10.1,78.0,64.5,11,6.8,62.5,yes
STU-0009084,23,14.2,90.9,83.6,12,7.0,86.6,yes
STU-0009085,25,1.0,58.5,85.5,11,7.3,69.5,yes
STU-0009086,21,4.7,81.9,71.2,8,6.3,69.5,yes
STU-0009087,18,8.3,85.0,100,14,7.0,82.4,yes
STU-0009088,25,14.1,72.7,100,5,7.8,65.6,yes
STU-0009089,25,1.0,73.8,88.9,10,6.2,66.6,yes
STU-0009090,21,9.5,97.6,99.6,10,7.4,87.0,yes
STU-0009091,22,9.2,69.8,90.8,8,6.7,67.9,yes
STU-0009092,18,15.4,74.2,92.8,13,8.3,71.6,yes
STU-0009093,18,6.6,52.3,59.0,7,7.1,51.5,no
STU-0009094,26,15.7,83.6,100,7,8.6,89.8,yes
STU-0009095,25,6.8,71.4,99.6,9,7.1,78.3,yes
STU-0009096,24,10.4,77.3,100,6,7.3,86.5,yes
STU-0009097,21,5.5,71.8,94.0,11,6.6,74.7,yes
STU-0009098,18,8.6,61.7,62.2,12,8.3,62.5,yes
STU-0009099,21,3.0,95.5,86.5,3,6.6,73.4,yes
STU-0009100,19,24.9,88.4,100,12,6.9,94.3,yes
STU-0009101,23,7.9,78.1,85.3,4,6.5,76.0,yes
STU-0009102,23,15.6,70.5,100,11,7.4,80.4,yes
STU-0009103,24,1.7,90.3,100,10,6.4,69.7,yes
STU-0009104,25,8.0,77.2,100,11,5.9,78.8,yes
STU-0009105,21,12.6,88.2,62.5,12,8.1,77.7,yes
STU-0009106,21,1.0,49.5,38.4,10,5.4,41.9,no
STU-0009107,19,9.4,59.0,53.2,9,6.6,52.5,no
STU-0009108,19,1.6,77.6,78.2,12,6.0,43.8,no
STU-0009109,18,7.8,69.5,69.8,14,6.4,59.9,no
STU-0009110,26,4.7,65.6,56.1,6,7.1,51.2,no
STU-0009111,22,6.4,91.4,100,10,7.2,87.5,yes
STU-0009112,19,10.5,75.6,87.9,5,8.0,71.8,yes
STU-0009113,20,12.2,81.2,88.9,14,5.7,72.7,yes
STU-0009114,20,3.5,76.1,100,3,6.7,79.7,yes
STU-0009115,18,6.0,65.1,94.3,10,6.1,39.7,no
STU-0009116,24,15.8,65.3,93.1,6,6.8,74.2,yes
STU-0009117,23,8.3,74.3,91.9,8,6.5,72.4,yes
STU-0009118,20,1.1,64.9,40.9,7,6.9,51.3,no
STU-0009119,25,13.1,85.7,100,6,5.8,82.7,yes
STU-0009120,26,11.4,66.3,56.3,9,6.5,58.1,no
STU-0009121,20,2.3,62.8,86.0,5,7.2,60.3,yes
STU-0009122,21,7.9,81.5,59.1,10,7.0,58.9,no
STU-0009123,21,8.1,80.6,100,9,8.7,84.1,yes
STU-0009124,17,4.8,70.5,78.7,7,8.8,72.6,yes
STU-0009125,18,6.3,66.8,82.7,12,6.5,65.1,yes
STU-0009126,21,11.3,63.6,47.9,8,6.6,63.2,yes
STU-0009127,18,7.2,77.5,75.1,5,7.6,59.3,no
STU-0009128,20,5.4,82.7,96.3,5,7.3,74.8,yes
STU-0009129,21,8.1,81.0,99.4,13,5.6,69.9,yes
STU-0009130,21,21.4,88.6,100,14,7.1,90.4,yes
STU-0009131,26,13.7,89.8,75.1,8,7.8,80.7,yes
STU-0009132,18,18.1,87.2,97.9,13,7.8,93.7,yes
STU-0009133,19,1.0,47.0,61.0,13,6.2,55.6,no
STU-0009134,25,1.5,83.6,100,12,6.8,67.7,yes
STU-0009135,20,30.8,100,75.6,7,6.3,86.0,yes
STU-0009136,22,8.0,86.4,100,3,7.2,82.5,yes
STU-0009137,22,1.0,51.0,20,3,5.8,34.7,no
STU-0009138,18,8.5,83.8,84.4,8,7.3,71.3,yes
STU-0009139,21,10.2,70.3,49.5,9,8.2,57.8,no
STU-0009140,18,12.3,68.3,95.7,9,6.3,66.4,yes
STU-0009141,20,3.7,76.6,93.5,5,6.7,83.5,yes
STU-0009142,26,22.4,80.3,100,11,7.3,78.8,yes
STU-0009143,24,4.4,75.2,70.2,5,6.7,52.9,no
STU-0009144,25,6.5,59.2,47.1,4,7.1,42.7,no
STU-0009145,18,1.0,77.6,63.1,12,6.1,50.0,no
STU-0009146,20,13.3,98.7,87.8,11,9.0,88.2,yes
STU-0009147,21,12.4,72.7,70.8,9,7.2,83.9,yes
STU-0009148,23,6.7,70.2,84.5,7,6.1,70.7,yes
STU-0009149,18,13.5,69.3,68.3,4,7.0,69.9,yes
STU-0009150,25,8.2,74.7,81.2,12,8.2,66.6,yes
STU-0009151,19,9.4,76.3,86.8,9,7.0,79.5,yes
STU-0009152,21,1.0,78.1,73.9,5,8.0,70.4,yes
STU-0009153,21,9.8,53.8,59.2,3,5.8,43.3,no
STU-0009154,20,21.1,100,100,12,7.1,100,yes
STU-0009155,22,18.1,75.0,81.0,6,7.0,76.5,yes
STU-0009156,20,11.4,68.9,90.2,14,7.7,82.1,yes
STU-0009157,19,9.1,67.6,88.9,7,6.8,80.0,yes
STU-0009158,22,13.3,90.9,85.8,10,6.1,75.0,yes
STU-0009159,19,9.4,93.5,100,7,8.2,91.8,yes
STU-0009160,21,14.6,72.4,73.8,7,7.3,78.1,yes
STU-0009161,18,13.5,87.3,68.7,12,8.0,70.6,yes
STU-0009162,21,13.9,62.4,60.9,5,6.8,62.0,yes
STU-0009163,20,17.5,92.6,100,14,6.8,85.5,yes
STU-0009164,18,14.8,63.5,100,7,7.5,81.4,yes
STU-0009165,20,17.5,84.4,62.8,11,8.0,77.5,yes
STU-0009166,19,1.0,51.4,65.8,6,6.0,60.8,yes
STU-0009167,26,18.1,87.9,100,4,6.1,81.5,yes
STU-0009168,24,10.2,83.9,78.1,10,7.4,69.4,yes
STU-0009169,22,12.6,82.8,100,10,7.2,87.0,yes
STU-0009170,20,13.2,72.3,94.7,7,6.8,79.5,yes
STU-0009171,25,14.8,78.0,100,4,7.0,80.5,yes
STU-0009172,20,7.9,72.6,86.1,13,6.7,71.2,yes
STU-0009173,22,3.1,58.5,64.3,11,5.2,47.5,no
STU-0009174,25,11.8,70.7,81.7,10,8.3,76.9,yes
STU-0009175,20,19.6,72.0,65.0,10,7.1,64.5,yes
STU-0009176,21,6.7,71.9,83.2,10,6.2,59.0,no
STU-0009177,24,7.0,55.0,78.3,11,7.4,51.3,no
STU-0009178,19,13.7,81.9,94.3,7,7.5,84.2,yes
STU-0009179,18,20.7,71.8,78.8,6,6.4,70.4,yes
STU-0009180,23,16.0,75.2,77.8,12,7.3,86.7,yes
STU-0009181,23,11.2,68.3,80.4,11,8.9,82.2,yes
STU-0009182,18,1.0,60.2,67.9,13,7.1,58.5,no
STU-0009183,24,16.9,62.0,88.2,7,5.8,73.4,yes
STU-0009184,24,14.7,94.1,100,10,7.0,86.8,yes
STU-0009185,22,2.2,59.2,77.6,9,6.9,63.0,yes
STU-0009186,26,22.5,94.3,92.0,13,7.9,93.5,yes
STU-0009187,21,20.5,80.6,93.3,5,7.7,89.7,yes
STU-0009188,18,15.1,85.3,77.4,13,7.0,78.0,yes
STU-0009189,22,5.5,75.2,64.0,13,7.0,62.6,yes
STU-0009190,22,8.0,60.9,82.2,3,7.0,64.6,yes
STU-0009191,21,1.0,46.8,40.4,10,5.1,31.3,no
STU-0009192,20,14.8,78.2,83.7,11,8.1,76.3,yes
STU-0009193,21,14.1,89.4,100,6,7.9,83.6,yes
STU-0009194,18,10.7,76.6,94.5,12,8.2,82.6,yes
STU-0009195,26,12.2,79.1,100,12,5.2,84.0,yes
STU-0009196,21,22.0,100,100,8,8.2,89.3,yes
STU-0009197,18,9.5,67.9,58.6,3,5.9,54.7,no
STU-0009198,19,10.4,68.1,60.2,4,7.6,58.0,no
STU-0009199,20,10.2,84.5,92.7,12,7.2,79.0,yes
STU-0009200,18,7.6,78.3,81.0,10,7.3,78.1,yes
STU-0009201,22,1.0,48.1,32.2,13,5.1,32.3,no
STU-0009202,18,14.1,61.5,76.7,9,6.8,63.8,yes
STU-0009203,23,13.0,93.1,100,6,8.5,92.6,yes
STU-0009204,26,11.9,90.1,100,9,6.1,83.6,yes
STU-0009205,22,12.6,70.6,76.6,7,6.5,71.4,yes
STU-0009206,25,9.6,62.1,88.3,10,6.1,71.4,yes
STU-0009207,26,3.9,61.4,40.8,3,7.1,45.1,no
STU-0009208,20,11.4,53.1,68.8,11,5.9,54.7,no
STU-0009209,20,1.0,63.9,71.1,3,8.1,64.0,yes
STU-0009210,21,17.3,88.1,97.1,9,7.6,79.6,yes
STU-0009211,23,18.0,99.4,100,5,6.9,99.1,yes
STU-0009212,23,9.1,90.8,73.3,12,7.7,70.4,yes
STU-0009213,17,6.2,83.2,48.5,11,6.9,67.0,yes
STU-0009214,18,6.2,87.0,100,8,8.2,84.8,yes
STU-0009215,19,8.0,70.0,79.5,6,6.8,79.7,yes
STU-0009216,26,9.8,79.4,65.0,12,8.0,61.2,yes
STU-0009217,18,10.9,66.1,100,3,6.7,74.7,yes
STU-0009218,22,14.2,75.1,100,13,7.9,81.6,yes
STU-0009219,25,9.4,78.3,77.5,7,8.2,79.5,yes
STU-0009220,23,5.8,52.0,70.5,12,4.9,57.1,no
STU-0009221,25,12.2,65.5,100,7,7.8,72.3,yes
STU-0009222,17,23.4,100,100,10,8.0,100,yes
STU-0009223,25,10.6,82.8,78.2,10,6.5,71.1,yes
STU-0009224,18,17.0,98.6,89.3,3,6.4,83.6,yes
STU-0009225,23,3.9,71.5,90.4,12,7.1,74.8,yes
STU-0009226,18,24.5,94.1,85.9,3,8.5,76.9,yes
STU-0009227,21,7.3,74.4,62.8,7,7.2,67.5,yes
STU-0009228,21,17.9,70.3,48.8,5,6.5,60.7,yes
STU-0009229,19,16.6,92.2,84.0,8,7.4,68.0,yes
STU-0009230,20,14.8,86.7,100,7,7.1,93.4,yes
STU-0009231,22,8.8,78.2,48.3,7,5.7,43.4,no
STU-0009232,22,3.0,60.7,66.1,5,6.5,65.7,yes
STU-0009233,21,6.4,61.3,35.9,14,7.1,51.2,no
STU-0009234,19,18.2,91.5,100,11,9.1,99.5,yes
STU-0009235,19,2.5,56.7,56.4,7,7.7,49.9,no
STU-0009236,23,7.0,47.6,50.4,10,7.0,57.5,no
STU-0009237,20,20.9,81.6,100,3,7.7,84.1,yes
STU-0009238,19,17.7,78.0,81.3,4,7.1,71.0,yes
STU-0009239,22,11.3,93.9,100,9,7.9,89.4,yes
STU-0009240,25,1.0,58.9,56.5,13,6.7,48.3,no
STU-0009241,23,18.4,90.8,78.2,5,7.4,72.7,yes
STU-0009242,19,7.0,83.2,82.6,14,6.9,66.8,yes
STU-0009243,20,3.4,68.6,72.0,13,7.4,56.4,no
STU-0009244,24,6.7,68.2,94.6,6,6.4,77.7,yes
STU-0009245,20,11.2,98.7,100,8,6.5,84.3,yes
STU-0009246,18,17.1,100,94.5,8,8.0,87.6,yes
STU-0009247,22,7.4,80.8,100,10,6.8,78.8,yes
STU-0009248,17,5.4,78.1,89.3,10,7.2,77.3,yes
STU-0009249,22,21.3,100,92.9,9,8.0,70.4,yes
STU-0009250,21,1.0,46.9,42.3,13,5.3,45.5,no
STU-0009251,20,16.0,81.5,75.1,4,7.6,71.5,yes
STU-0009252,26,1.0,73.5,63.8,3,7.0,58.2,no
STU-0009253,18,23.4,85.8,100,6,7.4,81.9,yes
STU-0009254,26,5.2,77.1,100,8,8.4,85.0,yes
STU-0009255,19,4.5,69.0,59.8,12,6.4,49.6,no
STU-0009256,17,2.4,55.1,20,6,8.5,41.0,no
STU-0009257,20,1.0,68.6,77.2,9,7.2,58.2,no
STU-0009258,21,7.7,62.9,34.0,8,7.3,45.8,no
STU-0009259,17,14.2,69.7,100,9,7.7,86.2,yes
STU-0009260,17,18.6,98.3,100,12,8.6,100,yes
STU-0009261,24,1.0,39.6,41.9,6,7.0,40.8,no
STU-0009262,21,7.0,86.2,100,6,8.0,87.6,yes
STU-0009263,26,4.2,78.5,99.4,8,7.2,64.5,yes
STU-0009264,20,1.0,65.5,25.5,8,5.9,38.6,no
STU-0009265,18,17.1,100,100,11,7.5,89.8,yes
STU-0009266,26,19.2,93.9,100,8,8.1,90.8,yes
STU-0009267,19,20.6,98.0,90.5,9,7.7,93.4,yes
STU-0009268,26,9.6,81.2,100,14,6.2,78.7,yes
STU-0009269,17,9.1,40.9,39.7,9,6.6,35.1,no
STU-0009270,19,12.8,58.6,81.7,13,6.7,64.3,yes
STU-0009271,20,17.0,84.2,81.1,10,7.9,82.9,yes
STU-0009272,24,5.4,72.5,61.9,3,5.9,49.1,no
STU-0009273,22,7.6,85.3,82.2,7,8.2,78.4,yes
STU-0009274,20,1.5,68.8,53.0,6,7.4,51.9,no
STU-0009275,23,14.8,92.6,86.8,8,8.2,78.9,yes
STU-0009276,20,17.2,80.9,96.4,8,7.9,89.1,yes
STU-0009277,24,1.0,60.5,68.5,11,6.0,46.8,no
STU-0009278,20,1.0,53.3,41.2,6,6.5,39.5,no
STU-0009279,20,16.4,84.6,77.4,6,7.5,82.8,yes
STU-0009280,20,15.0,100,100,12,6.5,84.0,yes
STU-0009281,20,32.5,100,100,13,8.5,100,yes
STU-0009282,21,6.9,70.6,67.8,11,7.2,63.8,yes
STU-0009283,19,1.0,78.1,63.9,12,8.7,62.0,yes
STU-0009284,23,10.1,71.4,100,13,6.9,94.9,yes
STU-0009285,18,1.0,58.2,27.6,3,6.9,42.3,no
STU-0009286,21,6.5,82.3,75.2,9,6.2,68.5,yes
STU-0009287,18,8.8,76.8,98.5,6,6.4,82.7,yes
STU-0009288,19,1.5,76.5,63.1,9,6.7,56.3,no
STU-0009289,21,4.6,67.6,100,7,6.5,81.4,yes
STU-0009290,20,8.7,86.9,82.0,8,6.1,69.8,yes
STU-0009291,26,13.3,80.5,100,12,7.1,78.8,yes
STU-0009292,20,17.3,91.5,82.9,11,7.9,69.6,yes
STU-0009293,26,13.1,80.3,100,6,6.5,83.8,yes
STU-0009294,20,22.2,86.0,100,13,8.1,100,yes
STU-0009295,18,5.2,76.8,88.4,14,5.4,62.7,yes
STU-0009296,19,14.1,62.2,59.9,4,7.2,64.8,yes
STU-0009297,26,15.3,77.9,100,8,7.4,81.1,yes
STU-0009298,23,9.7,78.9,100,9,6.8,83.7,yes
STU-0009299,18,12.6,92.3,78.4,8,7.1,79.8,yes
STU-0009300,18,20.7,100,85.4,4,8.6,82.4,yes
STU-0009301,17,1.0,70.1,64.7,8,5.7,50.3,no
STU-0009302,18,15.3,80.3,82.8,14,7.8,85.2,yes
STU-0009303,23,11.3,76.5,100,7,7.1,81.6,yes
STU-0009304,17,1.0,50.4,61.9,11,7.7,49.2,no
STU-0009305,18,5.9,65.5,79.4,3,6.2,65.5,yes
STU-0009306,24,27.5,86.1,84.7,5,7.0,78.6,yes
STU-0009307,21,11.6,80.8,72.3,10,7.7,70.1,yes
STU-0009308,23,13.8,65.5,63.6,12,7.8,59.3,no
STU-0009309,20,7.4,72.4,71.0,12,6.6,59.4,no
STU-0009310,18,1.1,70.4,50.6,8,6.9,53.5,no
STU-0009311,18,9.2,63.6,76.5,6,6.1,69.0,yes
STU-0009312,18,17.6,72.3,65.5,6,8.0,78.4,yes
STU-0009313,23,1.0,52.1,45.8,5,6.7,58.4,no
STU-0009314,25,15.8,84.0,100,10,7.8,85.3,yes
STU-0009315,20,22.8,74.9,87.6,14,7.6,80.5,yes
STU-0009316,26,17.5,89.0,100,12,7.5,91.8,yes
STU-0009317,21,8.6,66.9,78.3,9,5.6,54.0,no
STU-0009318,25,10.8,76.0,85.6,6,7.1,81.2,yes
STU-0009319,24,15.5,96.7,100,9,7.3,90.4,yes
STU-0009320,22,14.7,81.1,91.2,5,7.6,72.1,yes
STU-0009321,20,13.9,87.0,99.0,3,8.4,57.4,no
STU-0009322,22,4.6,76.6,79.0,8,7.7,68.1,yes
STU-0009323,18,12.2,93.8,100,7,6.9,83.4,yes
STU-0009324,21,14.0,75.0,80.1,10,5.9,61.2,yes
STU-0009325,21,1.0,65.2,58.8,12,7.4,52.1,no
STU-0009326,20,11.6,61.0,96.6,11,6.1,89.7,yes
STU-0009327,21,8.2,98.1,87.9,10,7.3,85.8,yes
STU-0009328,26,11.0,88.6,55.6,5,6.2,60.1,yes
STU-0009329,21,21.0,89.9,100,11,7.5,90.7,yes
STU-0009330,20,20.7,65.6,87.5,11,7.8,72.8,yes
STU-0009331,20,8.5,78.5,62.1,6,6.5,56.6,no
STU-0009332,19,9.4,92.4,100,9,7.3,87.8,yes
STU-0009333,18,14.2,88.1,58.6,3,5.8,52.3,no
STU-0009334,20,3.6,73.5,68.7,5,6.9,54.5,no
STU-0009335,22,1.0,77.5,75.6,3,6.9,67.6,yes
STU-0009336,17,13.4,98.7,92.7,14,5.2,85.9,yes
STU-0009337,22,24.6,72.9,100,3,6.4,85.6,yes
STU-0009338,21,13.9,78.3,100,14,7.3,90.2,yes
STU-0009339,26,13.7,100,100,4,6.7,86.6,yes
STU-0009340,24,8.7,78.4,66.7,4,7.5,64.2,yes
STU-0009341,19,3.4,93.6,84.5,11,7.8,84.8,yes
STU-0009342,24,25.1,100,100,8,8.7,96.6,yes
STU-0009343,21,1.0,60.9,38.4,8,6.3,18.0,no
STU-0009344,19,16.7,80.6,80.9,13,6.9,78.8,yes
STU-0009345,20,2.5,66.0,26.9,8,7.6,46.6,no
STU-0009346,21,8.2,71.0,42.7,10,6.3,50.1,no
STU-0009347,22,16.7,72.3,100,10,7.1,72.0,yes
STU-0009348,20,11.0,84.4,96.7,4,8.7,75.1,yes
STU-0009349,17,1.0,55.8,66.8,6,6.3,52.0,no
STU-0009350,17,1.0,54.7,65.2,11,7.8,62.2,yes
STU-0009351,22,5.4,71.7,65.3,5,6.8,63.5,yes
STU-0009352,21,9.9,90.5,100,12,7.0,87.9,yes
STU-0009353,24,22.8,80.9,97.1,3,8.5,85.9,yes
STU-0009354,20,14.7,64.6,57.9,7,6.9,66.7,yes
STU-0009355,18,1.2,53.6,50.2,13,4.7,33.5,no
STU-0009356,22,9.6,73.2,68.7,5,6.8,53.7,no
STU-0009357,21,11.9,76.0,63.3,8,7.1,75.5,yes
STU-0009358,24,1.0,59.1,51.1,3,5.8,40.9,no
STU-0009359,18,8.5,85.8,76.7,9,7.0,65.7,yes
STU-0009360,18,15.2,79.8,100,13,6.7,79.5,yes
STU-0009361,24,8.0,73.5,91.4,9,7.4,79.2,yes
STU-0009362,24,10.6,71.3,95.0,6,6.0,77.6,yes
STU-0009363,21,16.7,85.0,83.8,14,6.7,81.4,yes
STU-0009364,26,11.7,88.2,100,7,7.8,89.6,yes
STU-0009365,25,10.4,75.8,72.2,11,6.0,76.5,yes
STU-0009366,25,12.5,79.5,93.8,7,6.6,74.1,yes
STU-0009367,19,1.0,68.8,26.6,11,6.3,35.0,no
STU-0009368,21,12.8,77.5,100,7,6.6,78.7,yes
STU-0009369,21,4.4,78.2,74.2,10,8.7,68.9,yes
STU-0009370,18,19.1,83.7,100,9,8.5,94.4,yes
STU-0009371,21,16.0,96.4,100,14,7.8,92.8,yes
STU-0009372,22,17.8,82.1,100,9,6.8,89.6,yes
STU-0009373,18,10.3,64.8,76.1,6,6.9,71.2,yes
STU-0009374,19,14.5,89.3,100,5,8.3,89.7,yes
STU-0009375,21,13.7,79.2,89.0,10,7.0,83.1,yes
STU-0009376,23,15.3,82.7,100,14,7.5,77.9,yes
STU-0009377,24,13.1,71.0,100,7,7.3,74.1,yes
STU-0009378,23,4.9,68.3,44.9,8,6.5,50.5,no
STU-0009379,23,11.0,95.2,100,3,8.4,93.3,yes
STU-0009380,18,8.9,66.1,60.0,6,6.0,64.0,yes
STU-0009381,23,13.9,78.2,88.0,11,7.2,72.4,yes
STU-0009382,23,13.6,71.7,100,7,5.5,72.1,yes
STU-0009383,21,19.9,76.6,100,13,8.1,84.5,yes
STU-0009384,25,11.9,76.8,100,8,9.4,90.1,yes
STU-0009385,22,8.5,71.7,100,9,8.0,87.7,yes
STU-0009386,19,20.7,100,100,10,7.0,94.8,yes
STU-0009387,22,1.0,81.5,60.5,5,7.5,38.4,no
STU-0009388,17,11.3,71.3,65.2,9,7.7,68.1,yes
STU-0009389,20,10.8,81.5,93.7,5,7.2,84.0,yes
STU-0009390,21,1.2,67.0,61.3,8,6.2,61.2,yes
STU-0009391,25,20.5,100,100,11,6.9,98.8,yes
STU-0009392,17,1.0,57.7,43.2,14,7.4,50.1,no
STU-0009393,21,5.1,62.0,51.2,9,6.8,45.1,no
STU-0009394,21,6.0,63.6,84.4,6,7.3,74.3,yes
STU-0009395,21,13.0,86.9,100,6,6.7,78.1,yes
STU-0009396,21,12.4,78.6,86.7,9,6.2,78.8,yes
STU-0009397,22,7.6,76.1,68.4,4,8.6,68.4,yes
STU-0009398,24,2.2,68.4,60.3,6,5.0,53.9,no
STU-0009399,20,9.8,65.1,100,8,6.1,82.4,yes
STU-0009400,20,4.6,76.6,100,14,6.7,76.2,yes
STU-0009401,20,12.0,63.9,87.3,11,6.3,72.1,yes
STU-0009402,25,14.7,60.7,65.7,14,7.7,72.5,yes
STU-0009403,19,1.0,48.6,68.6,9,7.3,61.9,yes
STU-0009404,19,2.3,52.8,45.0,9,6.7,31.6,no
STU-0009405,18,4.0,64.4,72.3,12,5.6,67.1,yes
STU-0009406,17,9.4,68.7,90.1,6,8.0,81.1,yes
STU-0009407,24,17.3,72.5,51.1,7,8.7,69.0,yes
STU-0009408,22,10.5,68.0,66.5,10,7.7,64.7,yes
STU-0009409,24,11.6,82.5,97.1,7,6.8,76.3,yes
STU-0009410,19,13.8,85.9,100,8,7.1,74.8,yes
STU-0009411,24,18.0,82.6,100,12,8.5,89.5,yes
STU-0009412,25,8.4,68.4,67.5,10,6.0,57.5,no
STU-0009413,22,1.0,68.8,86.7,7,7.9,70.8,yes
STU-0009414,19,3.0,59.6,51.1,3,6.9,58.6,no
STU-0009415,17,10.7,61.1,86.4,6,5.1,62.2,yes
STU-0009416,23,16.4,81.1,58.8,3,7.5,59.2,no
STU-0009417,21,4.1,56.9,76.3,10,6.2,62.8,yes
STU-0009418,22,22.0,82.9,86.6,8,6.7,81.0,yes
STU-0009419,18,12.7,69.5,88.7,9,6.5,80.2,yes
STU-0009420,22,13.7,89.5,94.1,6,5.6,84.2,yes
STU-0009421,17,9.7,48.9,47.9,6,7.2,51.3,no
STU-0009422,23,9.3,61.5,100,13,6.3,66.9,yes
STU-0009423,19,1.4,99.3,82.6,12,6.8,79.5,yes
STU-0009424,25,9.3,54.1,50.3,3,6.8,41.1,no
STU-0009425,24,1.0,67.8,100,11,6.8,77.7,yes
STU-0009426,22,9.8,76.8,76.8,8,6.9,80.0,yes
STU-0009427,17,3.1,59.4,73.8,13,7.8,62.1,yes
STU-0009428,19,5.9,77.5,72.1,4,6.2,63.5,yes
STU-0009429,21,3.8,63.3,51.6,9,5.3,52.6,no
STU-0009430,18,5.3,87.4,90.3,10,7.5,75.4,yes
STU-0009431,18,10.2,83.6,91.5,10,7.3,85.6,yes
STU-0009432,21,10.1,73.3,100,14,6.3,68.1,yes
STU-0009433,18,1.8,57.7,57.7,9,5.9,46.7,no
STU-0009434,26,6.3,73.0,82.9,10,8.0,69.4,yes
STU-0009435,25,10.9,74.2,100,3,7.3,81.3,yes
STU-0009436,19,6.3,68.3,96.2,3,8.1,89.6,yes
STU-0009437,19,12.2,75.6,73.0,14,8.1,72.7,yes
STU-0009438,18,11.6,78.3,67.8,11,7.5,67.6,yes
STU-0009439,22,13.1,68.9,60.3,9,6.9,77.2,yes
STU-0009440,19,18.6,69.3,92.3,8,6.3,78.4,yes
STU-0009441,19,14.3,94.6,87.1,6,6.8,79.4,yes
STU-0009442,26,13.1,100,99.6,10,6.8,80.2,yes
STU-0009443,19,12.9,100,100,13,8.0,90.5,yes
STU-0009444,17,15.0,69.9,100,7,7.0,74.3,yes
STU-0009445,24,9.4,76.6,97.2,14,7.1,70.1,yes
STU-0009446,18,15.6,71.6,100,12,7.4,77.6,yes
STU-0009447,22,11.0,82.5,65.9,14,6.9,74.9,yes
STU-0009448,18,29.3,100,100,10,7.5,94.8,yes
STU-0009449,22,12.5,96.4,89.3,8,9.0,91.7,yes
STU-0009450,24,7.7,78.8,76.2,6,7.6,77.1,yes
STU-0009451,18,2.2,69.5,52.7,6,6.3,49.1,no
STU-0009452,23,21.0,97.8,100,8,6.8,100,yes
STU-0009453,21,7.6,87.6,100,12,7.1,86.4,yes
STU-0009454,20,5.4,95.9,68.0,6,9.4,81.5,yes
STU-0009455,25,1.0,72.9,57.6,9,6.6,71.5,yes
STU-0009456,18,5.9,53.6,71.2,8,6.3,54.3,no
STU-0009457,19,14.8,75.9,100,14,6.4,80.3,yes
STU-0009458,25,5.8,84.2,94.5,11,6.8,68.0,yes
STU-0009459,24,4.4,56.8,81.8,14,5.6,54.3,no
STU-0009460,19,9.8,89.6,76.6,8,6.2,68.8,yes
STU-0009461,21,22.8,83.5,100,4,7.1,93.6,yes
STU-0009462,18,9.4,71.1,63.0,8,8.3,65.7,yes
STU-0009463,25,6.9,56.7,74.4,7,7.4,69.1,yes
STU-0009464,21,14.1,65.1,93.0,13,7.2,70.5,yes
STU-0009465,26,4.7,65.5,39.1,13,7.2,43.9,no
STU-0009466,17,14.0,90.1,81.0,3,6.5,77.5,yes
STU-0009467,20,1.0,61.9,66.7,11,7.0,56.1,no
STU-0009468,18,2.6,69.7,50.6,9,6.9,50.3,no
STU-0009469,18,8.2,86.7,84.1,8,7.9,86.8,yes
STU-0009470,22,17.6,100,100,14,7.2,81.0,yes
STU-0009471,26,8.5,66.2,45.1,13,7.7,54.8,no
STU-0009472,18,21.5,98.1,87.4,6,8.6,91.9,yes
STU-0009473,26,7.9,73.1,63.1,14,6.5,71.2,yes
STU-0009474,21,7.5,79.9,89.7,12,7.5,80.9,yes
STU-0009475,25,14.7,87.5,95.3,10,7.4,91.3,yes
STU-0009476,20,6.3,59.1,100,13,6.5,78.3,yes
STU-0009477,25,25.2,80.8,100,10,5.8,91.3,yes
STU-0009478,20,13.9,83.3,86.4,11,7.8,75.0,yes
STU-0009479,19,1.0,85.0,90.9,14,6.2,73.1,yes
STU-0009480,23,6.0,68.0,91.6,3,7.0,79.1,yes
STU-0009481,21,1.0,59.9,39.7,10,7.4,50.7,no
STU-0009482,24,31.0,84.3,91.1,4,7.7,100,yes
STU-0009483,23,18.7,89.3,80.1,6,7.7,80.9,yes
STU-0009484,18,13.5,72.6,85.5,5,8.6,77.7,yes
STU-0009485,19,14.5,77.1,89.1,3,7.7,77.8,yes
STU-0009486,22,13.7,84.4,74.6,4,9.1,84.4,yes
STU-0009487,24,23.5,85.7,100,7,6.7,92.8,yes
STU-0009488,26,5.1,68.4,70.6,5,7.8,70.5,yes
STU-0009489,20,8.1,72.2,40.4,8,6.8,68.4,yes
STU-0009490,17,8.2,77.3,100,11,6.7,85.6,yes
STU-0009491,23,1.0,39.3,32.8,5,6.6,22.0,no
STU-0009492,19,1.0,73.6,60.6,10,6.6,54.7,no
STU-0009493,25,7.3,86.8,72.3,5,6.8,80.4,yes
STU-0009494,26,1.0,72.1,48.2,12,5.6,49.8,no
STU-0009495,18,12.4,70.5,87.0,13,6.6,76.3,yes
STU-0009496,17,8.9,74.2,82.3,7,7.8,78.2,yes
STU-0009497,18,4.5,63.9,82.5,4,5.1,36.8,no
STU-0009498,21,7.2,91.1,77.4,6,7.7,73.3,yes
STU-0009499,20,9.3,85.9,100,10,7.2,90.2,yes
STU-0009500,21,11.9,96.6,79.8,14,6.5,86.4,yes
STU-0009501,19,16.5,68.2,100,10,6.4,78.2,yes
STU-0009502,21,9.4,49.8,65.6,5,6.4,55.8,no
STU-0009503,24,13.5,88.1,100,8,8.7,90.6,yes
STU-0009504,25,4.3,82.2,84.0,5,8.0,66.4,yes
STU-0009505,21,13.2,74.7,98.7,4,8.3,80.2,yes
STU-0009506,19,14.5,76.1,71.1,8,6.7,75.4,yes
STU-0009507,20,12.0,77.9,100,3,7.5,87.1,yes
STU-0009508,23,21.6,91.1,100,8,8.1,90.8,yes
STU-0009509,24,5.9,83.0,78.6,5,9.0,76.4,yes
STU-0009510,20,15.3,79.0,100,11,6.8,75.4,yes
STU-0009511,21,9.4,94.4,100,10,7.0,85.4,yes
STU-0009512,19,17.8,81.8,91.3,8,6.0,59.5,no
STU-0009513,18,24.6,88.6,100,5,8.3,96.6,yes
STU-0009514,21,1.0,52.1,51.4,10,7.1,47.3,no
STU-0009515,26,2.2,53.6,38.1,13,7.7,47.9,no
STU-0009516,20,17.1,74.7,100,14,7.9,89.9,yes
STU-0009517,17,1.0,44.2,32.1,3,6.8,44.0,no
STU-0009518,19,12.0,93.4,100,4,7.9,96.1,yes
STU-0009519,25,5.6,38.3,37.7,10,3.6,37.0,no
STU-0009520,21,9.1,70.6,56.4,12,6.9,51.7,no
STU-0009521,20,12.7,79.3,89.6,5,6.6,79.1,yes
STU-0009522,23,12.4,85.9,100,5,8.5,99.8,yes
STU-0009523,20,11.9,77.7,80.4,7,8.3,81.3,yes
STU-0009524,21,6.3,86.7,63.5,8,8.2,68.0,yes
STU-0009525,23,13.7,89.7,95.8,9,7.6,92.0,yes
STU-0009526,17,1.0,66.0,32.3,4,7.9,44.8,no
STU-0009527,18,1.0,66.8,63.7,13,7.7,51.8,no
STU-0009528,21,2.0,83.1,87.8,3,6.9,74.3,yes
STU-0009529,23,15.4,66.5,100,12,6.7,80.4,yes
STU-0009530,20,13.7,86.5,100,9,7.7,79.2,yes
STU-0009531,26,1.0,84.7,51.0,4,7.8,56.6,no
STU-0009532,20,10.9,89.7,71.5,9,6.5,64.1,yes
STU-0009533,22,22.1,81.0,100,14,7.7,93.4,yes
STU-0009534,23,6.9,79.9,96.2,12,7.1,77.5,yes
STU-0009535,26,7.0,71.3,90.5,5,6.8,73.3,yes
STU-0009536,19,7.3,50.8,67.6,4,6.1,51.9,no
STU-0009537,20,1.0,78.0,72.7,8,7.1,61.8,yes
STU-0009538,19,8.5,75.5,87.9,12,7.4,69.9,yes
STU-0009539,19,12.8,64.0,64.9,5,7.4,70.2,yes
STU-0009540,25,6.7,86.8,60.6,6,7.6,60.9,yes
STU-0009541,18,12.3,61.8,31.4,12,7.0,43.9,no
STU-0009542,19,9.9,51.5,77.8,9,6.5,49.6,no
STU-0009543,23,10.7,80.0,84.6,3,6.0,62.5,yes
STU-0009544,22,1.0,55.2,25.9,4,5.9,31.1,no
STU-0009545,20,5.2,86.0,97.8,14,7.7,78.2,yes
STU-0009546,21,11.9,66.7,83.9,8,6.8,88.7,yes
STU-0009547,25,5.6,62.3,57.4,4,5.8,40.3,no
STU-0009548,23,16.7,85.5,68.3,11,6.9,69.4,yes
STU-0009549,24,2.8,69.2,77.5,9,6.7,68.5,yes
STU-0009550,19,9.1,83.0,91.4,5,6.8,72.1,yes
STU-0009551,24,13.5,100,100,9,9.0,82.7,yes
STU-0009552,23,6.5,73.6,97.3,7,7.3,83.2,yes
STU-0009553,22,14.2,68.0,80.2,12,6.9,69.3,yes
STU-0009554,25,11.5,54.7,53.7,6,6.4,58.4,no
STU-0009555,19,9.6,75.2,88.8,7,6.6,74.6,yes
STU-0009556,21,17.7,88.6,100,3,7.7,75.2,yes
STU-0009557,20,14.3,93.9,100,10,6.9,87.5,yes
STU-0009558,23,1.0,77.8,60.1,4,6.6,58.4,no
STU-0009559,24,15.7,68.2,100,14,7.7,79.6,yes
STU-0009560,18,14.5,86.4,98.4,4,6.3,75.9,yes
STU-0009561,20,10.8,71.5,66.6,3,7.7,69.1,yes
STU-0009562,21,18.4,78.5,96.1,11,6.6,83.3,yes
STU-0009563,17,4.7,73.9,86.8,4,6.8,60.5,yes
STU-0009564,23,28.1,79.5,100,5,7.3,83.6,yes
STU-0009565,17,1.0,42.2,25.3,7,6.7,37.8,no
STU-0009566,26,9.6,67.9,63.1,7,7.7,61.8,yes
STU-0009567,18,10.8,77.5,87.3,7,6.8,75.0,yes
STU-0009568,17,19.2,74.0,83.4,5,7.0,84.1,yes
STU-0009569,20,6.9,63.8,69.6,13,7.4,55.9,no
STU-0009570,18,15.3,74.2,100,8,6.0,74.1,yes
STU-0009571,21,12.0,62.2,84.5,8,6.9,74.0,yes
STU-0009572,18,1.1,57.0,29.6,10,5.8,30.5,no
STU-0009573,23,1.0,58.7,61.0,9,8.9,61.9,yes
STU-0009574,21,27.9,100,100,6,7.6,98.2,yes
STU-0009575,20,9.6,72.7,77.2,7,8.0,63.7,yes
STU-0009576,19,15.1,85.2,100,11,7.6,87.9,yes
STU-0009577,24,7.4,69.1,68.1,4,6.2,53.5,no
STU-0009578,19,14.9,70.6,71.0,9,8.0,70.2,yes
STU-0009579,19,8.1,68.3,82.8,14,6.9,68.4,yes
STU-0009580,19,2.4,66.1,49.6,4,7.4,49.6,no
STU-0009581,17,16.8,90.6,78.2,7,7.0,73.7,yes
STU-0009582,17,18.2,84.8,100,12,6.4,87.3,yes
STU-0009583,22,8.8,58.4,32.2,7,6.4,43.6,no
STU-0009584,18,11.9,69.1,57.5,11,6.2,60.1,yes
STU-0009585,17,16.8,82.2,64.3,14,6.2,71.4,yes
STU-0009586,22,17.5,84.1,73.0,12,6.1,65.3,yes
STU-0009587,23,15.8,95.1,99.4,7,6.2,88.7,yes
STU-0009588,26,2.1,81.0,64.1,7,8.3,69.3,yes
STU-0009589,19,13.0,68.8,75.8,6,7.7,69.6,yes
STU-0009590,22,7.7,75.8,76.7,6,7.2,77.8,yes
STU-0009591,23,16.5,74.5,100,14,6.0,77.7,yes
STU-0009592,18,1.1,65.3,38.4,10,5.7,43.8,no
STU-0009593,24,1.0,47.3,68.0,13,6.1,49.4,no
STU-0009594,18,5.7,62.5,66.0,13,5.8,45.0,no
STU-0009595,18,9.7,76.1,100,5,6.6,87.0,yes
STU-0009596,26,21.7,74.9,100,3,7.5,82.9,yes
STU-0009597,22,16.8,92.5,96.2,10,7.2,89.1,yes
STU-0009598,18,16.1,61.5,83.3,12,6.5,70.6,yes
STU-0009599,20,13.0,69.6,94.5,5,7.5,74.8,yes
STU-0009600,23,16.4,96.5,97.9,10,8.3,83.3,yes
STU-0009601,25,4.3,77.3,83.6,11,5.7,61.2,yes
STU-0009602,23,1.0,67.1,71.5,3,6.1,53.4,no
STU-0009603,22,8.7,72.9,76.5,5,4.6,55.8,no
STU-0009604,25,5.7,68.8,76.9,4,6.0,62.8,yes
STU-0009605,18,9.7,83.6,100,12,7.6,94.9,yes
STU-0009606,18,6.8,72.9,75.8,6,6.3,57.2,no
STU-0009607,24,14.8,76.5,100,7,8.4,56.1,no
STU-0009608,18,1.0,72.0,86.2,3,8.0,69.4,yes
STU-0009609,19,5.1,70.3,54.9,8,6.4,56.1,no
STU-0009610,19,1.0,93.4,83.3,3,6.0,77.4,yes
STU-0009611,21,20.7,72.3,68.9,9,6.7,68.0,yes
STU-0009612,23,1.0,51.1,59.3,12,7.0,47.2,no
STU-0009613,18,1.0,57.0,45.0,14,8.2,45.3,no
STU-0009614,23,2.9,64.6,57.9,13,6.2,59.7,no
STU-0009615,21,2.7,78.0,77.8,13,7.8,72.2,yes
STU-0009616,19,8.7,69.5,78.4,9,6.4,62.3,yes
STU-0009617,25,1.0,47.0,34.8,6,6.0,37.4,no
STU-0009618,20,1.0,62.7,20,10,5.1,30.8,no
STU-0009619,24,20.2,71.7,100,12,7.4,70.3,yes
STU-0009620,23,14.7,67.8,84.6,9,5.8,63.6,yes
STU-0009621,25,16.4,77.3,100,7,6.1,85.1,yes
STU-0009622,25,15.6,48.4,49.5,5,7.1,37.6,no
STU-0009623,20,22.5,93.3,100,5,7.3,91.1,yes
STU-0009624,19,15.2,66.7,48.3,12,6.2,62.6,yes
STU-0009625,18,5.1,95.6,100,14,7.4,96.3,yes
STU-0009626,25,9.4,73.5,48.8,5,6.3,52.1,no
STU-0009627,18,14.9,71.4,99.1,7,6.6,83.8,yes
STU-0009628,19,18.2,95.0,100,4,9.7,96.9,yes
STU-0009629,25,8.7,45.9,20,3,5.9,32.5,no
STU-0009630,17,19.4,100,91.9,13,7.6,81.6,yes
STU-0009631,20,1.0,48.7,43.4,8,5.6,42.2,no
STU-0009632,20,11.6,81.4,89.3,11,5.9,72.6,yes
STU-0009633,20,1.0,72.8,35.0,11,5.7,42.3,no
STU-0009634,17,5.8,59.3,57.4,12,6.7,49.2,no
STU-0009635,19,5.0,71.3,72.6,10,6.3,53.7,no
STU-0009636,26,12.7,81.7,79.9,5,8.4,68.8,yes
STU-0009637,19,13.6,87.7,94.4,6,7.9,94.5,yes
STU-0009638,18,11.7,70.5,92.4,5,6.9,74.9,yes
STU-0009639,21,6.6,85.8,100,13,6.6,61.4,yes
STU-0009640,18,13.9,85.3,100,3,9.4,69.4,yes
STU-0009641,21,6.7,84.0,80.9,5,7.1,61.3,yes
STU-0009642,19,17.2,66.8,71.1,14,8.0,79.5,yes
STU-0009643,22,3.9,76.6,59.5,13,6.1,56.9,no
STU-0009644,20,13.2,92.3,100,3,9.0,90.0,yes
STU-0009645,18,3.8,68.5,20,11,5.7,24.0,no
STU-0009646,23,9.9,74.2,93.8,7,7.5,70.6,yes
STU-0009647,21,8.2,76.5,80.6,8,6.6,77.5,yes
STU-0009648,18,1.0,65.7,75.8,7,7.6,48.9,no
STU-0009649,18,14.4,100,100,10,7.6,92.3,yes
STU-0009650,21,9.8,68.0,28.9,12,6.9,50.6,no
STU-0009651,25,3.3,69.1,50.9,12,6.3,56.5,no
STU-0009652,20,10.3,62.0,65.7,7,8.3,71.6,yes
STU-0009653,19,8.9,70.2,91.9,11,6.7,78.9,yes
STU-0009654,22,1.8,63.7,26.6,6,6.9,39.9,no
STU-0009655,23,18.5,81.6,93.5,6,7.0,87.9,yes
STU-0009656,18,17.9,74.9,86.4,8,7.2,77.6,yes
STU-0009657,21,13.2,87.9,100,5,8.5,93.7,yes
STU-0009658,24,20.6,67.1,91.9,8,7.8,81.1,yes
STU-0009659,19,22.4,83.1,100,14,7.6,97.3,yes
STU-0009660,18,1.0,70.9,43.0,5,7.1,47.8,no
STU-0009661,17,5.1,68.7,58.0,14,7.5,45.4,no
STU-0009662,18,12.0,100,81.2,3,8.8,85.1,yes
STU-0009663,18,1.0,51.8,47.5,13,6.4,42.2,no
STU-0009664,22,7.2,69.2,46.1,11,6.7,56.3,no
STU-0009665,24,9.8,66.1,78.2,6,6.0,64.5,yes
STU-0009666,19,8.3,74.6,79.6,7,6.3,61.0,yes
STU-0009667,25,2.6,73.1,51.9,6,5.5,43.6,no
STU-0009668,21,11.0,80.2,67.0,12,6.0,70.9,yes
STU-0009669,17,5.2,76.6,87.8,13,7.9,62.0,yes
STU-0009670,21,9.3,84.4,100,13,8.1,100,yes
STU-0009671,18,5.0,70.1,85.2,11,7.1,80.1,yes
STU-0009672,23,16.6,85.0,87.4,9,8.5,88.0,yes
STU-0009673,23,14.9,85.6,81.0,14,6.3,61.1,yes
STU-0009674,17,12.5,68.6,95.6,14,8.4,75.2,yes
STU-0009675,17,1.0,67.4,48.1,13,5.9,37.6,no
STU-0009676,23,4.3,63.7,27.1,6,6.7,29.6,no
STU-0009677,20,15.5,65.0,63.6,6,7.3,65.2,yes
STU-0009678,19,20.1,86.6,93.2,13,5.9,77.7,yes
STU-0009679,18,1.0,75.4,76.9,9,7.2,57.8,no
STU-0009680,24,4.2,62.7,36.8,12,5.5,39.5,no
STU-0009681,20,21.4,100,100,6,7.3,91.7,yes
STU-0009682,20,9.5,68.9,74.6,6,7.4,61.2,yes
STU-0009683,22,6.7,68.5,65.8,3,6.1,56.0,no
STU-0009684,17,17.0,74.9,88.8,13,5.3,70.8,yes
STU-0009685,21,2.6,85.1,61.5,11,7.1,51.8,no
STU-0009686,24,8.8,65.2,100,8,6.3,76.3,yes
STU-0009687,25,11.2,81.2,64.0,11,6.5,66.1,yes
STU-0009688,21,8.2,82.6,79.8,13,7.2,80.7,yes
STU-0009689,21,16.0,81.0,80.3,13,6.7,81.6,yes
STU-0009690,20,18.1,91.1,100,13,7.3,71.2,yes
STU-0009691,20,13.7,74.3,94.8,7,8.1,83.5,yes
STU-0009692,26,2.5,67.9,60.9,12,6.6,59.3,no
STU-0009693,24,6.6,81.6,80.8,9,5.2,64.1,yes
STU-0009694,25,16.5,78.2,100,12,8.3,86.0,yes
STU-0009695,25,16.5,66.6,80.1,6,7.5,81.1,yes
STU-0009696,25,8.7,77.0,62.8,8,6.7,63.3,yes
STU-0009697,18,15.7,87.0,78.5,6,7.0,65.2,yes
STU-0009698,21,1.0,77.9,82.6,13,6.2,51.6,no
STU-0009699,19,4.1,69.7,55.2,11,8.5,63.9,yes
STU-0009700,17,8.8,79.5,100,13,6.4,86.7,yes
STU-0009701,20,14.2,100,100,11,8.2,86.5,yes
STU-0009702,24,10.7,67.1,51.6,7,6.5,51.3,no
STU-0009703,26,16.4,69.1,100,4,7.2,94.5,yes
STU-0009704,25,16.2,78.8,93.6,11,7.3,80.0,yes
STU-0009705,21,3.8,77.0,65.9,8,7.4,54.1,no
STU-0009706,18,17.8,83.7,100,4,8.6,98.9,yes
STU-0009707,22,15.9,83.7,55.1,9,9.1,73.6,yes
STU-0009708,21,22.5,90.8,100,9,6.7,88.0,yes
STU-0009709,20,13.5,89.0,100,12,7.3,90.0,yes
STU-0009710,20,12.4,92.1,86.9,7,6.4,81.0,yes
STU-0009711,23,13.5,81.8,76.9,5,5.7,78.3,yes
STU-0009712,19,16.6,82.1,92.9,3,8.0,80.9,yes
STU-0009713,20,12.4,71.7,88.2,8,7.3,64.1,yes
STU-0009714,17,16.7,77.3,100,3,7.3,75.0,yes
STU-0009715,23,5.1,68.6,47.9,9,5.7,46.3,no
STU-0009716,23,14.9,70.1,65.0,4,6.4,63.8,yes
STU-0009717,18,20.7,68.7,78.8,6,6.7,72.2,yes
STU-0009718,20,1.0,65.5,46.3,4,5.5,39.4,no
STU-0009719,21,24.1,100,100,14,6.6,86.6,yes
STU-0009720,26,20.7,77.2,74.5,7,7.2,74.5,yes
STU-0009721,20,10.9,93.5,80.3,6,6.3,69.6,yes
STU-0009722,18,1.0,56.3,78.5,14,6.4,54.3,no
STU-0009723,26,5.3,61.9,87.8,14,6.5,62.3,yes
STU-0009724,21,6.2,70.6,90.1,13,5.1,66.7,yes
STU-0009725,25,9.4,68.4,63.0,3,6.7,56.2,no
STU-0009726,25,1.0,63.3,71.2,4,7.1,53.3,no
STU-0009727,19,1.0,68.4,74.4,11,7.3,58.5,no
STU-0009728,23,4.5,72.2,43.4,13,8.3,51.1,no
STU-0009729,19,8.5,83.9,82.3,10,7.9,76.9,yes
STU-0009730,18,1.0,82.9,76.3,10,7.9,63.7,yes
STU-0009731,21,15.3,100,100,3,7.6,79.8,yes
STU-0009732,17,18.6,67.9,79.6,6,6.3,79.5,yes
STU-0009733,20,7.1,83.9,84.5,9,6.0,63.8,yes
STU-0009734,23,18.9,74.7,47.1,5,7.3,77.0,yes
STU-0009735,19,6.8,64.0,37.8,3,7.8,50.4,no
STU-0009736,19,2.7,55.1,64.1,3,5.3,52.6,no
STU-0009737,24,24.4,70.9,82.1,9,7.0,89.9,yes
STU-0009738,20,1.0,65.8,49.2,6,6.6,51.7,no
STU-0009739,18,31.1,92.2,100,12,6.7,86.9,yes
STU-0009740,23,6.8,36.1,40.9,9,5.9,44.7,no
STU-0009741,24,1.4,82.0,38.9,6,8.4,48.4,no
STU-0009742,20,6.3,69.4,84.2,12,6.5,66.0,yes
STU-0009743,21,1.0,46.2,56.6,10,6.6,47.1,no
STU-0009744,18,12.4,77.6,79.9,7,6.5,68.1,yes
STU-0009745,23,12.9,77.6,84.2,9,8.2,82.6,yes
STU-0009746,21,22.5,97.4,100,9,7.2,93.0,yes
STU-0009747,24,11.6,75.7,90.3,4,7.4,87.6,yes
STU-0009748,19,14.2,71.0,73.3,14,6.1,61.7,yes
STU-0009749,18,12.6,90.9,78.6,12,7.5,86.0,yes
STU-0009750,17,8.3,72.6,69.3,12,7.6,54.5,no
STU-0009751,19,7.8,75.1,53.6,11,7.0,55.9,no
STU-0009752,17,1.8,65.9,64.4,8,6.6,53.4,no
STU-0009753,24,5.2,75.6,100,6,7.8,81.5,yes
STU-0009754,22,1.0,76.4,32.7,11,7.4,47.3,no
STU-0009755,19,11.6,86.0,71.1,10,7.8,74.3,yes
STU-0009756,21,1.0,82.8,48.3,14,7.3,72.2,yes
STU-0009757,20,21.6,100,100,14,7.8,67.8,yes
STU-0009758,18,7.1,55.5,54.4,5,6.0,52.6,no
STU-0009759,25,15.0,71.3,61.1,13,6.7,68.9,yes
STU-0009760,21,7.1,88.5,74.2,3,7.9,67.7,yes
STU-0009761,23,1.4,85.4,89.1,12,7.8,63.1,yes
STU-0009762,19,5.6,72.8,71.8,10,6.7,63.4,yes
STU-0009763,21,10.3,77.5,83.9,12,8.2,86.0,yes
STU-0009764,21,7.0,82.2,62.2,9,5.3,59.4,no
STU-0009765,26,15.4,82.4,100,11,7.2,94.6,yes
STU-0009766,25,11.0,81.2,100,7,5.6,78.5,yes
STU-0009767,21,16.1,84.0,79.5,3,6.5,74.5,yes
STU-0009768,17,7.8,72.0,59.7,5,6.9,56.8,no
STU-0009769,17,9.3,86.5,100,5,7.2,88.6,yes
STU-0009770,20,7.3,65.1,65.3,14,6.6,54.2,no
STU-0009771,17,4.9,80.5,39.0,10,7.3,51.0,no
STU-0009772,20,14.6,85.6,100,8,7.8,83.5,yes
STU-0009773,25,16.6,62.8,100,13,6.9,77.7,yes
STU-0009774,24,1.0,70.8,37.8,9,8.1,52.3,no
STU-0009775,17,1.0,58.8,75.2,14,6.9,56.5,no
STU-0009776,20,2.4,74.5,68.5,4,8.2,56.1,no
STU-0009777,18,19.8,95.7,100,9,6.8,80.3,yes
STU-0009778,19,11.7,85.0,61.4,10,7.7,67.9,yes
STU-0009779,25,14.7,93.1,100,3,6.5,86.0,yes
STU-0009780,23,8.3,53.6,63.6,5,7.5,58.6,no
STU-0009781,23,1.0,55.6,27.6,11,6.1,25.1,no
STU-0009782,21,1.0,67.8,80.0,4,6.6,68.9,yes
STU-0009783,21,11.5,81.2,81.1,3,6.3,75.4,yes
STU-0009784,23,13.1,82.6,50.9,5,7.7,60.3,yes
STU-0009785,26,8.5,75.1,35.2,14,8.0,56.1,no
STU-0009786,26,1.7,57.0,81.4,14,6.7,59.4,no
STU-0009787,21,17.6,85.9,80.2,7,8.2,70.1,yes
STU-0009788,18,12.7,95.3,92.6,11,6.3,71.5,yes
STU-0009789,24,16.7,87.0,100,13,7.5,88.5,yes
STU-0009790,22,11.0,83.7,84.2,7,7.2,75.3,yes
STU-0009791,19,4.5,43.4,36.2,8,6.8,39.9,no
STU-0009792,18,3.9,73.0,64.0,13,6.8,54.9,no
STU-0009793,17,1.0,68.2,65.1,7,6.8,59.6,no
STU-0009794,24,7.2,71.5,25.4,5,8.1,49.2,no
STU-0009795,18,4.2,77.6,88.6,11,6.5,64.3,yes
STU-0009796,21,14.4,91.9,100,8,5.5,73.1,yes
STU-0009797,23,2.2,78.8,81.1,13,6.5,47.2,no
STU-0009798,17,10.6,86.7,100,12,7.0,78.7,yes
STU-0009799,21,17.8,80.4,93.0,4,7.0,80.0,yes
STU-0009800,22,4.7,63.3,45.1,9,8.9,44.7,no
STU-0009801,17,8.2,68.1,100,4,8.4,57.6,no
STU-0009802,19,1.5,86.8,75.0,11,7.7,76.3,yes
STU-0009803,24,12.8,88.9,84.0,5,8.3,77.9,yes
STU-0009804,23,7.1,68.3,64.8,13,6.7,57.0,no
STU-0009805,18,5.3,57.8,83.5,14,5.8,65.7,yes
STU-0009806,17,15.7,67.9,83.6,7,7.7,80.3,yes
STU-0009807,18,13.3,82.6,100,11,6.1,75.1,yes
STU-0009808,23,5.3,95.9,100,13,7.5,77.7,yes
STU-0009809,17,1.8,62.7,32.9,4,6.0,33.4,no
STU-0009810,19,1.0,61.7,81.8,3,5.4,54.8,no
STU-0009811,26,11.0,79.2,75.2,11,6.5,66.4,yes
STU-0009812,25,12.8,83.4,100,4,7.6,80.3,yes
STU-0009813,18,6.0,55.7,72.4,13,5.8,58.1,no
STU-0009814,21,7.7,71.8,87.3,7,7.6,72.6,yes
STU-0009815,22,12.2,77.1,83.7,10,6.7,73.0,yes
STU-0009816,18,14.5,85.7,53.7,12,8.2,67.9,yes
STU-0009817,26,4.9,63.8,55.8,3,6.9,56.4,no
STU-0009818,22,10.1,84.8,41.5,13,6.6,63.2,yes
STU-0009819,18,12.9,65.8,48.1,13,7.6,55.1,no
STU-0009820,26,8.2,78.7,97.4,12,7.3,55.0,no
STU-0009821,26,4.0,72.6,37.6,11,7.3,65.0,yes
STU-0009822,18,18.1,69.3,100,10,7.2,79.4,yes
STU-0009823,18,13.2,67.4,86.7,14,4.5,65.0,yes
STU-0009824,21,11.7,79.1,82.7,11,7.0,76.3,yes
STU-0009825,22,18.0,91.1,100,3,6.6,88.0,yes
STU-0009826,25,12.7,62.3,50.0,5,7.2,67.9,yes
STU-0009827,22,20.5,98.6,92.7,13,5.8,75.6,yes
STU-0009828,19,15.2,67.6,100,12,7.3,85.6,yes
STU-0009829,18,13.0,100,100,4,8.5,90.2,yes
STU-0009830,25,7.0,83.6,100,9,7.8,86.5,yes
STU-0009831,19,11.6,75.4,100,6,6.6,73.9,yes
STU-0009832,20,18.1,83.8,95.9,7,7.9,92.9,yes
STU-0009833,20,16.5,79.0,100,14,7.1,83.1,yes
STU-0009834,25,11.7,72.3,92.0,9,7.5,76.7,yes
STU-0009835,26,10.2,72.8,84.6,13,7.1,82.4,yes
STU-0009836,24,21.2,100,89.2,10,7.2,87.7,yes
STU-0009837,23,13.4,87.1,100,10,8.1,90.2,yes
STU-0009838,20,16.2,70.0,88.5,13,6.6,76.2,yes
STU-0009839,20,8.4,86.2,68.1,13,8.3,65.9,yes
STU-0009840,18,1.0,62.3,90.3,4,5.4,64.8,yes
STU-0009841,23,16.1,96.2,100,12,8.1,94.5,yes
STU-0009842,22,5.9,86.8,84.6,11,7.6,81.0,yes
STU-0009843,21,1.0,48.2,64.3,14,4.9,47.2,no
STU-0009844,18,1.0,61.5,66.1,14,6.3,52.6,no
STU-0009845,20,1.0,42.7,20,13,5.6,7.4,no
STU-0009846,26,7.6,72.8,69.1,10,6.8,71.2,yes
STU-0009847,25,7.6,69.4,63.9,5,7.2,67.5,yes
STU-0009848,19,12.2,62.4,54.8,3,5.8,47.6,no
STU-0009849,25,1.1,71.9,26.7,6,6.6,21.7,no
STU-0009850,17,7.3,92.4,90.7,11,8.2,79.7,yes
STU-0009851,22,15.1,89.0,100,5,7.2,73.7,yes
STU-0009852,18,9.7,68.3,90.3,9,6.7,78.0,yes
STU-0009853,20,18.0,85.8,99.2,14,7.3,94.4,yes
STU-0009854,18,2.4,54.9,51.8,11,7.6,48.4,no
STU-0009855,18,1.5,70.3,75.7,10,6.6,64.2,yes
STU-0009856,19,11.6,100,100,5,7.8,82.0,yes
STU-0009857,18,13.1,89.8,100,14,7.4,91.3,yes
STU-0009858,25,4.8,88.4,78.3,7,5.8,69.3,yes
STU-0009859,20,6.7,73.7,57.1,3,6.7,57.5,no
STU-0009860,18,15.9,99.6,100,6,7.4,93.3,yes
STU-0009861,24,6.4,64.7,74.2,5,7.8,64.2,yes
STU-0009862,20,7.8,89.2,100,11,8.0,87.7,yes
STU-0009863,21,7.9,78.1,100,6,8.1,86.8,yes
STU-0009864,18,8.3,76.3,68.3,7,6.2,66.5,yes
STU-0009865,21,16.9,69.2,84.8,13,6.8,75.5,yes
STU-0009866,19,8.6,58.2,58.3,4,7.1,52.4,no
STU-0009867,22,24.9,93.2,100,13,8.6,92.3,yes
STU-0009868,17,12.6,74.4,79.0,13,8.1,78.0,yes
STU-0009869,18,10.9,84.8,71.4,4,6.5,64.8,yes
STU-0009870,18,4.2,69.0,59.4,12,6.1,61.7,yes
STU-0009871,25,15.9,93.2,99.7,11,8.3,96.2,yes
STU-0009872,26,11.9,67.3,93.7,3,6.7,67.5,yes
STU-0009873,23,13.2,71.8,78.8,9,6.7,64.2,yes
STU-0009874,22,15.3,72.3,75.6,7,6.5,67.5,yes
STU-0009875,20,4.8,66.4,61.4,3,6.5,57.5,no
STU-0009876,25,10.8,78.5,85.9,7,6.2,72.2,yes
STU-0009877,18,6.0,80.0,84.1,14,5.3,56.4,no
STU-0009878,17,8.9,68.7,60.3,10,6.8,62.9,yes
STU-0009879,21,11.0,100,100,12,7.3,92.3,yes
STU-0009880,18,1.0,69.0,34.1,12,5.4,33.9,no
STU-0009881,17,18.2,90.6,100,9,7.1,93.6,yes
STU-0009882,17,3.7,73.1,52.5,7,7.0,55.5,no
STU-0009883,18,16.4,82.3,100,11,7.6,62.2,yes
STU-0009884,18,20.2,91.1,38.9,14,8.7,63.3,yes
STU-0009885,24,15.1,83.9,100,9,7.0,85.5,yes
STU-0009886,23,10.1,65.9,90.9,8,7.7,80.5,yes
STU-0009887,22,12.4,100.0,100,3,6.5,81.1,yes
STU-0009888,19,14.4,73.0,95.1,7,8.3,81.0,yes
STU-0009889,20,20.1,82.8,53.0,13,6.1,55.4,no
STU-0009890,24,16.5,82.8,69.6,11,7.4,83.7,yes
STU-0009891,25,12.4,76.3,82.7,4,7.5,68.3,yes
STU-0009892,25,15.3,65.1,95.3,11,6.4,78.9,yes
STU-0009893,25,18.2,53.5,98.7,13,7.8,80.7,yes
STU-0009894,21,1.0,85.2,100,14,6.3,89.8,yes
STU-0009895,24,13.0,83.5,83.4,5,6.5,75.8,yes
STU-0009896,18,9.9,72.0,76.7,7,8.4,69.1,yes
STU-0009897,19,6.3,70.1,74.4,3,6.7,63.8,yes
STU-0009898,18,12.7,95.0,100,10,8.2,85.2,yes
STU-0009899,23,11.8,82.5,85.0,6,6.2,71.1,yes
STU-0009900,19,23.6,81.9,100,8,5.4,84.8,yes
STU-0009901,21,2.4,55.4,25.5,6,6.7,29.4,no
STU-0009902,21,31.1,95.8,100,7,7.8,97.6,yes
STU-0009903,20,4.7,55.5,69.0,3,8.4,66.1,yes
STU-0009904,19,27.4,90.7,100,5,7.6,92.3,yes
STU-0009905,18,21.4,69.6,67.8,11,6.8,71.7,yes
STU-0009906,22,5.2,54.9,79.7,6,8.0,55.0,no
STU-0009907,24,13.9,98.5,100,6,7.6,95.1,yes
STU-0009908,17,4.6,71.9,48.2,9,6.7,63.3,yes
STU-0009909,22,17.5,66.5,91.2,11,7.5,76.7,yes
STU-0009910,18,16.6,80.9,100,14,6.6,71.3,yes
STU-0009911,24,19.9,67.1,99.6,4,6.2,79.6,yes
STU-0009912,21,14.6,89.3,90.6,7,7.2,77.3,yes
STU-0009913,22,22.2,92.0,100,14,7.9,90.9,yes
STU-0009914,18,1.0,66.8,32.6,7,8.9,44.8,no
STU-0009915,23,8.1,81.8,77.7,14,5.8,66.9,yes
STU-0009916,26,14.4,98.8,100,8,7.8,96.8,yes
STU-0009917,25,16.9,81.8,100,14,6.8,87.4,yes
STU-0009918,19,4.1,71.9,71.2,7,9.1,72.1,yes
STU-0009919,20,13.6,85.5,93.7,14,8.6,78.2,yes
STU-0009920,20,8.5,82.9,98.4,7,7.6,94.1,yes
STU-0009921,17,20.2,93.6,100,8,8.4,88.4,yes
STU-0009922,21,20.6,75.2,54.1,13,6.4,55.3,no
STU-0009923,19,4.4,69.6,83.6,12,6.3,55.4,no
STU-0009924,19,5.8,59.3,85.8,3,8.2,60.8,yes
STU-0009925,18,15.0,83.7,100,14,6.5,86.2,yes
STU-0009926,21,1.0,59.5,43.0,8,4.7,40.2,no
STU-0009927,18,5.7,50.4,81.2,9,7.2,63.6,yes
STU-0009928,22,9.0,83.8,89.3,7,8.5,74.9,yes
STU-0009929,20,8.9,86.4,100,3,7.8,83.8,yes
STU-0009930,26,11.4,95.9,100,6,7.9,92.7,yes
STU-0009931,25,17.9,91.0,100,10,6.8,84.8,yes
STU-0009932,21,1.0,55.5,33.0,6,6.8,41.7,no
STU-0009933,21,8.1,64.0,72.1,10,6.0,65.2,yes
STU-0009934,19,13.2,78.1,100,11,5.3,77.3,yes
STU-0009935,21,15.6,77.6,79.8,13,6.4,71.3,yes
STU-0009936,25,17.2,73.5,100,3,7.3,87.0,yes
STU-0009937,23,5.2,90.1,79.5,3,5.8,58.8,no
STU-0009938,23,8.4,83.1,72.2,5,7.5,64.8,yes
STU-0009939,19,1.0,47.5,49.1,11,6.3,38.2,no
STU-0009940,19,11.1,77.7,63.2,5,6.7,68.9,yes
STU-0009941,17,4.9,76.1,83.2,11,7.1,38.3,no
STU-0009942,19,8.6,74.8,53.7,12,7.1,56.5,no
STU-0009943,18,14.1,87.8,100,9,7.7,77.7,yes
STU-0009944,25,15.3,88.7,86.5,7,7.2,81.1,yes
STU-0009945,18,8.8,66.6,69.9,3,7.7,73.1,yes
STU-0009946,23,10.7,58.5,64.3,7,6.9,61.0,yes
STU-0009947,26,1.0,71.3,86.0,5,6.2,73.4,yes
STU-0009948,21,30.8,76.6,100,8,8.5,95.6,yes
STU-0009949,21,7.0,62.5,89.6,11,7.0,43.4,no
STU-0009950,18,1.2,66.1,96.2,9,5.9,74.8,yes
STU-0009951,18,17.4,82.2,96.0,9,7.5,97.6,yes
STU-0009952,23,17.5,82.7,93.9,12,8.4,80.4,yes
STU-0009953,17,7.6,63.9,68.4,9,5.8,57.1,no
STU-0009954,17,7.9,63.9,77.0,11,6.5,68.9,yes
STU-0009955,23,16.3,66.3,75.3,6,6.5,69.5,yes
STU-0009956,20,9.2,79.4,94.1,6,5.9,76.8,yes
STU-0009957,19,10.3,73.3,94.9,14,6.1,80.0,yes
STU-0009958,19,18.4,80.9,96.1,8,6.1,80.3,yes
STU-0009959,20,5.3,94.4,79.1,13,6.4,70.1,yes
STU-0009960,19,8.0,64.6,34.6,11,6.0,46.1,no
STU-0009961,20,9.8,85.7,79.9,9,6.9,69.3,yes
STU-0009962,22,8.2,61.0,67.1,5,7.7,63.1,yes
STU-0009963,25,8.8,79.0,99.0,5,6.9,72.2,yes
STU-0009964,25,12.4,84.9,42.7,11,7.9,64.2,yes
STU-0009965,21,9.0,64.4,98.4,12,5.9,83.7,yes
STU-0009966,17,9.6,64.5,84.1,7,7.9,69.3,yes
STU-0009967,18,22.4,100,100,8,8.7,98.2,yes
STU-0009968,24,23.2,89.3,86.8,10,9.2,85.1,yes
STU-0009969,17,7.1,73.8,86.1,14,7.7,74.8,yes
STU-0009970,21,1.0,64.5,59.6,4,5.2,54.9,no
STU-0009971,18,10.0,67.6,71.4,4,7.3,75.1,yes
STU-0009972,18,14.7,74.3,99.9,10,7.0,84.1,yes
STU-0009973,25,11.7,81.7,100,6,6.6,79.3,yes
STU-0009974,17,10.3,74.2,100,13,5.0,83.0,yes
STU-0009975,21,13.2,82.9,83.8,10,8.0,79.0,yes
STU-0009976,21,11.4,77.1,55.6,14,8.0,57.3,no
STU-0009977,18,11.2,77.4,100,4,7.5,80.6,yes
STU-0009978,18,19.0,100,100,8,7.0,88.2,yes
STU-0009979,19,19.8,81.2,79.8,4,7.5,81.5,yes
STU-0009980,24,5.6,97.6,100,8,8.0,84.4,yes
STU-0009981,21,16.8,72.1,100,8,7.3,82.9,yes
STU-0009982,22,27.2,96.1,100,6,7.1,97.5,yes
STU-0009983,22,10.4,80.6,100,8,7.5,86.8,yes
STU-0009984,20,8.3,77.6,93.8,4,6.2,83.3,yes
STU-0009985,20,12.6,70.7,95.3,11,5.4,79.9,yes
STU-0009986,19,26.7,97.3,100,7,7.6,95.2,yes
STU-0009987,24,20.1,85.3,100,3,6.3,88.6,yes
STU-0009988,23,7.9,74.9,100,10,7.4,75.8,yes
STU-0009989,20,20.8,90.9,97.3,14,6.7,87.0,yes
STU-0009990,19,12.2,76.0,88.4,13,6.4,72.7,yes
STU-0009991,25,23.1,93.1,97.9,10,7.3,84.8,yes
STU-0009992,18,1.0,50.8,43.5,14,7.1,49.6,no
STU-0009993,20,7.0,72.4,96.6,9,6.5,78.4,yes
STU-0009994,19,17.7,85.1,87.0,11,7.6,84.2,yes
STU-0009995,18,2.6,69.2,72.6,10,6.1,64.0,yes
STU-0009996,19,4.1,83.8,65.3,11,7.6,57.4,no
STU-0009997,24,13.6,92.1,100,5,8.8,87.6,yes
STU-0009998,20,2.9,67.4,64.1,8,8.7,61.8,yes
STU-0009999,26,19.0,81.2,100,5,6.4,78.4,yes
STU-0010000,19,19.0,94.3,100,9,8.0,92.3,yes
